breath_id,patient,bsa,dta,cough,suction
50,66,0,0,0,0
51,66,0,0,0,0
52,66,0,0,0,0
53,66,0,0,0,0
54,66,0,0,0,0
55,66,0,0,0,0
56,66,0,0,0,0
57,66,0,0,0,0
58,66,0,0,0,0
59,66,0,0,0,0
60,66,0,0,0,0
61,66,0,0,0,0
62,66,1,0,0,0
63,66,0,0,0,0
64,66,0,0,0,0
65,66,0,0,0,0
66,66,0,0,0,0
67,66,0,0,0,0
68,66,0,0,0,0
69,66,0,0,0,0
70,66,0,0,0,0
71,66,0,0,0,0
72,66,0,0,0,0
73,66,0,0,0,0
74,66,0,0,0,0
75,66,0,0,0,0
76,66,0,0,0,0
77,66,0,0,0,0
78,66,0,0,0,0
79,66,0,0,0,0
80,66,0,0,0,0
81,66,0,0,0,0
82,66,0,0,0,0
83,66,0,0,0,0
84,66,0,0,0,0
85,66,0,0,0,0
86,66,0,0,0,0
87,66,0,0,0,0
88,66,1,0,0,0
89,66,0,0,0,0
90,66,0,0,0,0
91,66,0,0,0,0
92,66,0,0,0,0
93,66,0,0,0,0
94,66,0,0,0,0
95,66,0,0,0,0
96,66,0,0,0,0
97,66,0,0,0,0
98,66,0,0,0,0
99,66,1,0,0,0
1900,687,0,0,0,0
1901,687,0,0,0,0
1902,687,0,0,0,0
1903,687,0,0,0,0
1904,687,0,0,0,0
1905,687,0,0,0,0
1906,687,0,0,0,0
1907,687,0,0,0,0
1908,687,0,0,0,0
1909,687,0,0,0,0
1910,687,0,0,0,0
1911,687,0,0,0,0
1912,687,0,0,0,0
1913,687,0,0,0,0
1914,687,0,0,0,0
1915,687,0,0,0,0
1916,687,0,0,0,0
1917,687,0,0,0,0
1918,687,0,0,0,0
1919,687,0,0,0,0
1920,687,0,0,0,0
1921,687,1,0,0,0
1922,687,0,0,0,0
1923,687,0,0,0,0
1924,687,0,0,0,0
1925,687,0,0,0,0
1926,687,0,0,0,0
1927,687,0,0,0,0
1928,687,0,0,0,0
1929,687,0,0,0,0
1930,687,0,0,0,0
1931,687,0,0,0,0
1932,687,0,0,0,0
1933,687,0,0,0,0
1934,687,0,0,0,0
1935,687,0,0,0,0
1936,687,0,0,0,0
1937,687,1,0,0,0
1938,687,0,0,0,0
1939,687,1,0,0,0
1940,687,0,0,0,0
1941,687,0,0,0,0
1942,687,0,0,0,0
1943,687,0,0,0,0
1944,687,0,0,0,0
1945,687,0,0,0,0
1946,687,0,0,0,0
1947,687,0,0,1,0
1948,687,1,0,0,0
1949,687,0,0,0,0
1950,687,0,0,0,0
1951,687,0,0,0,0
1952,687,0,0,0,0
1953,687,0,0,0,0
1954,687,0,0,0,0
1955,687,1,0,0,0
1956,687,0,0,0,0
1957,687,0,0,0,0
1958,687,1,0,0,0
1959,687,1,0,0,0
1960,687,0,0,0,0
1961,687,1,0,0,0
1962,687,1,0,0,0
1963,687,0,0,0,0
1964,687,0,0,0,0
1965,687,0,0,0,0
1966,687,0,0,0,0
1967,687,1,0,0,0
1968,687,1,0,0,0
1969,687,0,0,0,0
1970,687,1,0,0,0
1971,687,0,1,0,0
1972,687,0,0,0,0
1973,687,0,0,0,0
1974,687,1,0,0,0
1975,687,0,0,0,0
1976,687,0,0,0,0
1977,687,0,0,0,0
1978,687,0,0,0,0
1979,687,0,0,0,0
1980,687,0,0,0,0
1981,687,0,0,0,0
1982,687,0,0,0,0
1983,687,0,0,0,0
1984,687,0,0,0,0
1985,687,0,0,0,0
1986,687,0,0,0,0
1987,687,0,0,0,0
1988,687,1,0,0,0
1989,687,0,0,0,0
1990,687,0,0,0,0
1991,687,0,0,0,0
1992,687,0,0,0,0
1993,687,0,0,0,0
1994,687,0,0,0,0
1995,687,0,0,0,0
1996,687,0,0,0,0
1997,687,0,0,0,0
1998,687,0,0,0,0
1999,687,0,0,0,0
2000,687,0,0,0,0
2001,687,0,0,0,0
2002,687,1,0,0,0
2003,687,0,0,0,0
2004,687,0,0,0,0
2005,687,1,0,0,0
2006,687,0,0,0,0
2007,687,0,0,0,0
2008,687,1,0,0,0
2009,687,1,0,0,0
2010,687,0,0,0,0
2011,687,0,0,0,0
2012,687,1,0,0,0
2013,687,1,0,0,0
2014,687,0,0,0,0
2015,687,0,0,0,0
2016,687,0,0,0,0
2017,687,0,0,0,0
2018,687,0,0,0,0
2019,687,0,0,0,0
2020,687,0,0,0,0
2021,687,0,0,0,0
2022,687,0,0,0,0
2023,687,0,0,0,0
2024,687,0,0,0,0
2025,687,0,0,0,0
2026,687,0,0,0,0
2027,687,0,0,0,0
2028,687,0,0,0,0
2029,687,0,0,0,0
2030,687,0,0,0,0
2031,687,0,0,0,0
2032,687,0,0,0,0
2033,687,0,0,0,0
2034,687,0,0,0,0
2035,687,0,0,0,0
2036,687,0,0,0,0
2037,687,0,0,0,0
2038,687,0,0,0,0
2039,687,0,0,0,0
2040,687,0,0,0,0
2041,687,0,0,0,0
2042,687,0,0,0,0
2043,687,0,0,0,0
2044,687,0,0,0,0
2045,687,0,0,0,0
2046,687,0,0,0,0
2047,687,0,0,0,0
2048,687,0,0,0,0
2049,687,0,0,0,0
2050,687,0,0,0,0
2051,687,0,0,0,0
2052,687,0,0,0,0
2053,687,0,0,0,0
2054,687,0,0,0,0
2055,687,0,0,0,0
2056,687,0,0,0,0
2057,687,0,0,0,0
2058,687,0,0,0,0
2059,687,0,0,0,0
2060,687,0,0,0,0
2061,687,0,0,0,0
2062,687,0,0,0,0
2063,687,0,0,0,0
2064,687,0,0,0,0
2065,687,0,0,0,0
2066,687,0,0,0,0
2067,687,0,0,0,0
2068,687,0,0,0,0
2069,687,0,0,0,0
2070,687,0,0,0,0
2071,687,0,0,0,0
2072,687,0,0,0,0
2073,687,0,0,0,0
2074,687,0,0,0,0
2075,687,0,0,0,0
2076,687,0,0,0,0
2077,687,0,0,0,0
2078,687,0,0,0,0
2079,687,0,0,0,0
2080,687,0,0,0,0
2081,687,0,0,0,0
2082,687,0,0,0,0
2083,687,0,0,0,0
2084,687,0,0,0,0
2085,687,0,0,0,0
2086,687,0,0,0,0
2087,687,0,0,0,0
2088,687,0,0,0,0
2089,687,0,0,0,0
2090,687,0,0,0,0
2091,687,0,0,0,0
2092,687,0,0,0,0
2093,687,0,0,0,0
2094,687,0,0,0,0
2095,687,0,0,0,0
2096,687,0,0,0,0
2097,687,0,0,0,0
2098,687,0,0,0,0
2099,687,0,0,0,0
2100,687,0,0,0,0
2101,687,0,0,0,0
2102,687,0,0,0,0
2103,687,0,0,0,0
2104,687,0,0,0,0
2105,687,0,0,0,0
2106,687,0,0,0,0
2107,687,0,0,0,0
2108,687,0,0,0,0
2109,687,0,0,0,0
2110,687,0,0,0,0
2111,687,0,0,0,0
2112,687,0,0,0,0
2113,687,0,0,0,0
2114,687,0,0,0,0
2115,687,0,0,0,0
2116,687,0,0,0,0
2117,687,0,0,0,0
2118,687,0,0,0,0
2119,687,0,0,0,0
2120,687,0,0,0,0
2121,687,0,0,0,0
2122,687,0,0,0,0
2123,687,0,0,0,0
2124,687,0,0,0,0
2125,687,0,0,0,0
2126,687,0,0,0,0
2127,687,0,0,0,0
2128,687,0,0,0,0
2129,687,0,0,0,0
2130,687,0,0,0,0
2131,687,0,0,0,0
2132,687,0,0,0,0
2133,687,0,0,0,0
2134,687,0,0,0,0
2135,687,0,0,0,0
2136,687,0,0,0,0
2137,687,0,0,0,0
2138,687,0,0,0,0
2139,687,0,0,0,0
2140,687,0,0,0,0
2141,687,0,0,0,0
2142,687,0,0,0,0
2143,687,0,0,0,0
2144,687,0,0,0,0
2145,687,0,0,0,0
2146,687,0,0,0,0
2147,687,0,0,0,0
2148,687,0,0,0,0
2149,687,0,0,0,0
2150,687,0,0,0,0
2151,687,0,0,0,0
2152,687,0,0,0,0
2153,687,0,0,0,0
2154,687,0,0,0,0
2155,687,0,0,0,0
2156,687,0,0,0,0
2157,687,0,0,0,0
2158,687,0,0,0,0
2159,687,0,0,0,0
2160,687,0,0,0,0
2161,687,0,0,0,0
2162,687,0,0,0,0
2163,687,0,0,0,0
2164,687,0,0,0,0
2165,687,0,0,0,0
2166,687,0,0,0,0
2167,687,0,0,0,0
2168,687,0,0,0,0
2169,687,0,0,0,0
2170,687,0,0,0,0
2171,687,0,0,0,0
2172,687,0,0,0,0
2173,687,0,0,0,0
2174,687,0,0,0,0
2175,687,0,0,0,0
2176,687,0,0,0,0
2177,687,0,0,0,0
2178,687,1,0,0,0
2179,687,1,0,0,0
2180,687,0,0,0,0
2181,687,0,0,0,0
2182,687,0,0,0,0
2183,687,0,0,0,0
2184,687,0,0,0,0
2185,687,0,0,0,0
2186,687,0,0,0,0
2187,687,0,0,0,0
2188,687,0,0,0,0
2189,687,0,0,0,0
2190,687,0,0,0,0
2191,687,0,0,0,0
2192,687,0,0,0,0
2193,687,0,0,0,0
2194,687,0,0,0,0
2195,687,0,0,0,0
2196,687,0,0,0,0
2197,687,0,0,0,0
2198,687,0,0,0,0
2199,687,0,0,0,0
35129,20,1,0,0,0
35130,20,0,0,0,0
35131,20,0,0,0,0
35132,20,0,0,0,0
35133,20,0,0,0,0
35134,20,0,0,0,0
35135,20,0,0,0,0
35136,20,0,0,0,0
35137,20,1,0,0,0
35138,20,1,0,0,0
35139,20,0,0,0,0
35140,20,0,0,0,0
35141,20,0,0,0,0
35142,20,0,0,0,0
35143,20,0,0,0,0
35144,20,0,0,0,0
35145,20,0,0,0,0
35146,20,0,0,0,0
35147,20,0,0,0,0
35148,20,0,0,0,0
35149,20,1,0,0,0
35150,20,0,0,0,0
35151,20,1,0,0,0
35152,20,0,0,0,0
35153,20,0,0,0,0
35154,20,1,0,0,0
35155,20,0,0,1,0
35156,20,1,0,0,0
35157,20,1,0,0,0
35158,20,1,0,0,0
35159,20,0,0,1,0
35160,20,0,0,1,0
35161,20,1,0,0,0
35162,20,1,0,0,0
35163,20,0,0,0,0
35164,20,0,0,0,0
35165,20,0,0,0,0
35166,20,0,0,0,0
35167,20,0,0,0,0
35168,20,0,0,0,0
35169,20,0,0,0,0
35170,20,0,0,0,0
35171,20,1,0,0,0
35172,20,0,0,0,0
35173,20,0,0,0,0
35174,20,1,0,0,0
35175,20,0,0,0,0
35176,20,1,0,0,0
35177,20,1,0,0,0
35178,20,1,0,0,0
35179,20,1,0,0,0
35180,20,0,0,0,0
35181,20,1,0,0,0
35182,20,0,0,0,0
35183,20,0,0,0,0
35184,20,0,0,0,0
35185,20,0,0,0,0
35186,20,0,0,0,0
35187,20,0,0,0,0
35188,20,0,0,0,0
35189,20,0,0,0,0
35190,20,0,0,0,0
35191,20,0,0,0,0
35192,20,0,0,0,0
35193,20,0,0,0,0
35194,20,0,0,0,0
35195,20,0,0,0,0
35196,20,1,0,0,0
35197,20,0,0,0,0
35198,20,0,0,0,0
35199,20,0,0,0,0
35200,20,0,0,0,0
35201,20,0,0,0,0
35202,20,0,0,0,0
35203,20,0,0,0,0
35204,20,0,0,0,0
35205,20,0,0,0,0
35206,20,0,0,0,0
35207,20,0,0,0,0
35208,20,0,0,0,0
35209,20,0,0,0,0
35210,20,0,0,0,0
35211,20,0,0,0,0
35212,20,0,0,0,0
35213,20,0,0,0,0
35214,20,0,0,0,0
35215,20,0,0,0,0
35216,20,0,0,0,0
35217,20,0,0,0,0
35218,20,0,0,0,0
35219,20,0,0,0,0
35220,20,0,0,0,0
35221,20,0,0,0,0
35222,20,0,0,0,0
35223,20,0,0,0,0
35224,20,0,0,0,0
35225,20,0,0,0,0
35226,20,0,0,0,0
35227,20,0,0,0,0
35228,20,0,0,0,0
35229,20,0,0,0,0
35230,20,0,0,0,0
35231,20,0,0,0,0
35232,20,0,0,0,0
35233,20,0,0,0,0
35234,20,0,0,0,0
35235,20,0,0,0,0
35236,20,0,0,0,0
35237,20,0,0,0,0
35238,20,0,0,0,0
35239,20,0,0,0,0
35240,20,0,0,0,0
35241,20,0,0,0,0
35242,20,0,0,0,0
35243,20,0,0,0,0
35244,20,0,0,0,0
35245,20,0,0,0,0
35246,20,0,0,1,0
35247,20,0,0,0,0
35248,20,0,0,0,0
35249,20,0,0,0,0
35250,20,0,0,0,0
35251,20,0,0,0,0
35252,20,0,0,0,0
35253,20,0,0,0,0
35254,20,0,0,0,0
35255,20,0,0,0,0
35256,20,0,0,0,0
35257,20,0,0,0,0
35258,20,0,0,0,0
35259,20,0,0,0,0
35260,20,0,0,0,0
35261,20,0,0,0,0
35262,20,0,0,0,0
35263,20,0,0,0,0
35264,20,0,0,0,0
35265,20,0,0,0,0
35266,20,0,0,0,0
35267,20,0,0,0,0
35268,20,0,0,0,0
35269,20,0,0,0,0
35270,20,0,0,0,0
35271,20,0,0,0,0
35272,20,0,0,0,0
35273,20,0,0,0,0
35274,20,0,0,0,0
35275,20,0,0,0,0
35276,20,0,0,0,0
35277,20,0,0,0,0
35278,20,0,0,0,0
35279,20,0,0,0,0
35280,20,0,0,0,0
35281,20,0,0,0,0
35282,20,0,0,0,0
35283,20,0,0,0,0
35284,20,0,0,0,0
35285,20,0,0,0,0
35286,20,1,0,0,0
35287,20,1,0,0,0
35288,20,0,0,0,0
35289,20,0,0,0,0
35290,20,1,0,0,0
35291,20,0,0,0,0
35292,20,1,0,0,0
35293,20,0,0,0,0
35294,20,0,0,0,0
35295,20,0,0,0,0
35296,20,0,0,0,0
35297,20,1,0,0,0
35298,20,0,0,0,0
35299,20,0,0,0,0
35300,20,0,0,0,0
35301,20,0,0,0,0
35302,20,1,0,0,0
35303,20,0,0,0,0
35304,20,0,0,0,0
35305,20,0,0,0,0
35306,20,0,0,0,0
35307,20,0,0,0,0
35308,20,0,0,0,0
35309,20,0,0,0,0
35310,20,0,0,0,0
35311,20,1,0,0,0
35312,20,0,0,0,0
35313,20,1,0,0,0
35314,20,0,0,0,0
35315,20,0,0,0,0
35316,20,0,0,0,0
35317,20,0,0,0,0
35318,20,0,0,1,0
35319,20,0,0,1,0
35320,20,1,0,0,0
35321,20,1,0,0,0
35322,20,0,0,0,0
35323,20,1,0,0,0
35324,20,0,0,0,0
35325,20,0,0,0,0
35326,20,0,0,0,0
35327,20,0,0,0,0
35328,20,1,0,0,0
35329,20,0,0,0,0
35330,20,0,0,0,0
35331,20,0,0,0,0
35332,20,0,0,0,0
35333,20,0,0,0,0
35334,20,1,0,0,0
35335,20,0,0,0,0
35336,20,0,0,0,0
35337,20,0,0,0,0
35338,20,1,0,0,0
35339,20,0,0,0,0
35340,20,0,0,1,0
35341,20,1,0,0,0
35342,20,0,0,1,0
35343,20,0,0,1,0
35344,20,0,0,1,0
35345,20,0,0,1,0
35346,20,0,0,1,0
35347,20,1,0,0,0
35348,20,0,0,0,0
35349,20,1,0,0,0
35350,20,1,0,0,0
35351,20,0,0,1,0
35352,20,0,0,1,0
35353,20,1,0,0,0
35354,20,0,0,0,0
35355,20,0,0,0,0
35356,20,0,0,0,0
35357,20,0,0,0,0
35358,20,0,0,0,0
35359,20,0,0,0,0
35360,20,0,0,0,0
35361,20,0,0,0,0
35362,20,0,0,0,0
35363,20,0,0,0,0
35364,20,0,0,0,0
35365,20,0,0,0,0
35366,20,0,0,0,0
35367,20,0,0,0,0
35368,20,0,0,0,0
35369,20,0,0,0,0
35370,20,0,0,0,0
35371,20,0,0,0,0
35372,20,0,0,1,0
35373,20,0,0,1,0
35374,20,0,0,1,0
35375,20,1,0,0,0
35376,20,0,0,0,0
35377,20,0,0,1,0
35378,20,0,0,0,0
35379,20,0,0,0,0
35380,20,0,0,1,0
35381,20,0,0,1,0
35382,20,0,0,1,0
35383,20,0,0,1,0
35384,20,0,0,1,0
35385,20,0,0,1,0
35386,20,0,0,1,0
35387,20,0,0,1,0
35388,20,0,0,1,0
35389,20,1,0,0,0
35390,20,0,0,0,0
35391,20,0,0,0,0
35392,20,0,0,0,0
35393,20,1,0,0,0
35394,20,0,0,0,0
35395,20,0,0,0,0
35396,20,0,0,0,0
35397,20,0,0,0,0
35398,20,0,0,0,0
35399,20,0,0,0,0
35400,20,0,0,0,0
35401,20,0,0,0,0
35402,20,1,0,0,0
35403,20,0,0,0,0
35404,20,0,0,0,0
35405,20,0,0,1,0
35406,20,0,0,1,0
35407,20,0,0,0,0
35408,20,0,0,0,0
35409,20,1,0,0,0
35410,20,0,0,0,0
35411,20,1,0,0,0
35412,20,0,0,0,0
35413,20,0,0,0,0
35414,20,0,0,0,0
35415,20,0,0,0,0
35416,20,0,0,0,0
35417,20,1,0,0,0
35418,20,0,0,0,0
35419,20,0,0,0,0
35420,20,0,0,0,0
35421,20,0,0,0,0
35422,20,1,0,0,0
35423,20,0,0,0,0
35424,20,0,0,0,0
35425,20,0,0,0,0
35426,20,1,0,0,0
35427,20,1,0,0,0
4280,572,0,0,0,0
4281,572,0,0,0,0
4282,572,0,0,0,0
4283,572,0,0,0,0
4284,572,0,0,0,0
4285,572,0,0,0,0
4286,572,0,0,0,0
4287,572,0,0,0,0
4288,572,0,0,0,0
4289,572,1,0,0,0
4290,572,0,0,0,0
4291,572,1,0,0,0
4292,572,1,0,0,0
4293,572,0,0,0,0
4294,572,0,0,0,0
4295,572,0,0,0,0
4296,572,0,0,0,0
4297,572,0,0,0,0
4298,572,0,0,0,0
4299,572,0,0,1,0
4300,572,1,0,0,0
4301,572,1,0,0,0
4302,572,0,0,0,0
4303,572,0,0,1,0
4304,572,0,0,1,0
4305,572,0,0,0,0
4306,572,1,0,0,0
4307,572,1,0,0,0
4308,572,1,0,0,0
4309,572,1,0,0,0
4310,572,0,0,1,0
4311,572,0,0,0,0
4312,572,0,0,1,0
4313,572,1,0,0,0
4314,572,0,0,0,0
4315,572,0,0,1,0
4316,572,0,0,0,0
4317,572,1,0,0,0
4318,572,1,0,0,0
4319,572,1,0,0,0
4320,572,0,0,0,0
4321,572,0,0,0,0
4322,572,0,0,0,0
4323,572,0,0,0,0
4324,572,1,0,0,0
4325,572,0,0,0,0
4326,572,1,0,0,0
4327,572,0,0,0,0
4328,572,0,0,0,0
4329,572,0,0,0,0
4330,572,1,0,0,0
4331,572,0,0,0,0
4332,572,0,0,0,0
4333,572,1,0,0,0
4334,572,0,0,0,0
4335,572,0,0,0,0
4336,572,0,0,0,0
4337,572,1,0,0,0
4338,572,0,0,0,0
4339,572,0,0,1,0
4340,572,1,0,0,0
4341,572,0,0,1,0
4342,572,0,0,1,0
4343,572,0,0,0,0
4344,572,1,0,0,0
4345,572,0,0,0,0
4346,572,0,0,0,0
4347,572,0,0,0,0
4348,572,0,0,0,0
4349,572,0,0,1,0
4350,572,0,0,0,0
4351,572,0,0,0,0
4352,572,0,0,1,0
4353,572,0,0,0,0
4354,572,0,0,0,0
4355,572,1,0,0,0
4356,572,0,0,0,1
4357,572,0,0,0,1
4358,572,0,0,0,1
4359,572,0,0,0,1
4360,572,0,0,0,1
4361,572,0,0,0,1
4362,572,0,0,0,1
4363,572,0,0,0,1
4364,572,0,0,0,1
4365,572,0,0,0,1
4366,572,0,0,0,1
4367,572,0,0,0,1
4368,572,0,0,0,1
4369,572,0,0,0,1
4370,572,0,0,0,1
4371,572,0,0,0,1
4372,572,0,0,0,1
4373,572,1,0,0,0
4374,572,0,0,0,0
4375,572,1,0,0,0
4376,572,1,0,0,0
4377,572,0,0,0,0
4378,572,0,0,0,0
4379,572,0,0,0,0
4380,572,1,0,0,0
4381,572,0,0,0,0
4382,572,0,0,0,0
4383,572,1,0,0,0
4384,572,1,0,0,0
4385,572,0,0,0,0
4386,572,1,0,0,0
4387,572,0,0,1,0
4388,572,0,0,0,0
4389,572,1,0,0,0
4390,572,0,0,1,0
4391,572,0,0,0,0
4392,572,1,0,0,0
4393,572,0,0,0,0
4394,572,1,0,0,0
4395,572,1,0,0,0
4396,572,0,0,0,0
4397,572,0,0,1,0
4398,572,0,0,0,0
4399,572,0,0,0,0
4400,572,0,0,1,0
4401,572,0,0,0,0
4402,572,0,0,1,0
4403,572,1,0,0,0
4404,572,0,0,0,0
4405,572,0,0,0,0
4406,572,0,0,0,0
4407,572,0,0,0,0
4408,572,1,0,0,0
4409,572,0,0,0,0
4410,572,0,0,0,0
4411,572,1,0,0,0
4412,572,0,0,1,0
4413,572,0,0,1,0
4414,572,0,0,0,0
4415,572,1,0,0,0
4416,572,0,0,0,0
4417,572,0,0,0,0
4418,572,1,0,0,0
4419,572,1,0,0,0
4420,572,0,0,1,0
4421,572,0,0,0,0
4422,572,0,0,1,0
4423,572,1,0,0,0
4424,572,1,0,0,0
4425,572,1,0,0,0
4426,572,0,0,0,0
4427,572,0,0,0,0
4428,572,0,0,0,0
4429,572,0,0,0,0
4430,572,0,0,0,0
4431,572,0,0,0,0
4432,572,0,0,0,0
4433,572,0,0,0,0
4434,572,0,0,0,0
4435,572,0,0,0,0
4436,572,0,0,0,0
4437,572,0,0,0,0
4438,572,0,0,0,0
4439,572,0,0,0,0
4440,572,0,0,0,0
4441,572,0,0,0,0
4442,572,0,0,0,0
4443,572,0,0,0,0
4444,572,0,0,0,0
4445,572,0,0,0,0
4446,572,0,0,0,0
4447,572,1,0,0,0
4448,572,0,0,0,0
4449,572,0,0,0,0
4450,572,0,0,0,0
4451,572,0,0,0,0
4452,572,0,0,0,0
4453,572,0,0,0,0
4454,572,0,0,0,0
4455,572,0,0,0,0
4456,572,0,0,0,0
4457,572,0,0,0,0
4458,572,0,0,0,0
4459,572,0,0,0,0
4460,572,0,0,0,0
4461,572,0,0,0,0
4462,572,0,0,0,0
4463,572,0,0,0,0
4464,572,0,0,0,0
4465,572,0,0,0,0
4466,572,0,0,0,0
4467,572,0,0,0,0
4468,572,0,0,0,0
4469,572,0,0,0,0
4470,572,0,0,0,0
4471,572,0,0,0,0
4472,572,0,0,0,0
4473,572,0,0,0,0
4474,572,0,0,0,0
4475,572,0,0,0,0
4476,572,0,0,0,0
4477,572,0,0,0,0
4478,572,0,0,0,0
4479,572,0,0,0,0
4480,572,0,0,0,0
4481,572,1,0,0,0
4482,572,0,0,0,0
4483,572,0,0,0,0
4484,572,0,0,0,0
4485,572,0,0,0,0
4486,572,0,0,0,0
4487,572,0,0,0,0
4488,572,0,0,0,0
4489,572,0,0,0,0
4490,572,0,0,0,0
4491,572,1,0,0,0
4492,572,0,0,0,0
4493,572,0,0,0,0
4494,572,0,0,0,0
4495,572,0,0,0,0
4496,572,0,0,0,0
4497,572,0,0,0,0
4498,572,0,0,0,0
4499,572,0,0,0,0
4500,572,0,0,0,0
4501,572,0,0,0,0
4502,572,0,0,0,0
4503,572,0,0,0,0
4504,572,0,0,0,0
4505,572,0,0,0,0
4506,572,0,0,0,0
4507,572,1,0,0,0
4508,572,1,0,0,0
4509,572,1,0,0,0
4510,572,0,0,0,0
4511,572,0,0,0,0
4512,572,1,0,0,0
4513,572,0,1,0,0
4514,572,1,0,0,0
4515,572,0,0,0,0
4516,572,0,0,0,0
4517,572,1,0,0,0
4518,572,0,0,1,0
4519,572,0,0,0,0
4520,572,0,0,0,0
4521,572,0,0,0,0
4522,572,0,0,0,0
4523,572,1,0,0,0
4524,572,0,0,0,0
4525,572,0,0,0,0
4526,572,0,0,0,0
4527,572,1,0,0,0
4528,572,0,0,0,0
4529,572,0,0,0,0
4530,572,1,0,0,0
4531,572,1,0,0,0
4532,572,0,1,0,0
4533,572,0,0,0,0
4534,572,0,0,0,0
4535,572,0,0,0,0
4536,572,0,0,0,0
4537,572,0,0,0,0
4538,572,0,0,0,0
4539,572,1,0,0,0
4540,572,0,0,0,0
4541,572,0,0,0,0
4542,572,0,0,0,0
4543,572,0,0,0,0
4544,572,0,0,0,0
4545,572,0,0,0,0
4546,572,0,0,0,0
4547,572,0,0,0,0
4548,572,0,0,0,0
4549,572,1,0,0,0
4550,572,0,0,0,0
4551,572,0,0,0,0
4552,572,0,0,0,0
4553,572,0,0,0,0
4554,572,0,0,0,0
4555,572,0,0,0,0
4556,572,0,0,0,0
4557,572,0,0,0,0
4558,572,0,0,0,0
4559,572,0,0,0,0
4560,572,0,0,0,0
4561,572,0,0,0,0
4562,572,0,0,0,0
4563,572,0,0,0,0
4564,572,0,0,0,0
4565,572,0,0,0,0
4566,572,0,0,0,0
4567,572,0,0,0,0
4568,572,0,0,0,0
4569,572,0,0,0,0
4570,572,0,0,0,0
4571,572,0,0,0,0
4572,572,0,0,0,0
4573,572,0,0,0,0
4574,572,0,0,0,0
4575,572,0,0,0,0
4576,572,0,0,0,0
4577,572,0,0,0,0
4578,572,0,0,0,0
1825,971,0,0,0,0
1826,971,0,0,0,0
1827,971,1,0,0,0
1828,971,0,0,0,0
1829,971,0,0,0,0
1830,971,0,0,0,0
1831,971,0,0,0,0
1832,971,0,0,0,0
1833,971,0,0,0,0
1834,971,0,0,0,0
1835,971,0,0,0,0
1836,971,0,0,0,0
1837,971,0,0,0,0
1838,971,0,0,0,0
1839,971,0,0,0,0
1840,971,0,0,0,0
1841,971,0,0,0,0
1842,971,0,0,0,0
1843,971,0,0,0,0
1844,971,1,0,0,0
1845,971,0,0,0,0
1846,971,0,0,0,0
1847,971,0,0,0,0
1848,971,0,0,0,0
1849,971,0,0,0,0
1850,971,0,0,0,0
1851,971,0,0,0,0
1852,971,0,0,0,0
1853,971,0,0,0,0
1854,971,0,0,0,0
1855,971,0,0,0,0
1856,971,0,0,0,0
1857,971,0,0,0,0
1858,971,0,0,0,0
1859,971,0,0,0,0
1860,971,0,0,0,0
1861,971,0,0,0,0
1862,971,0,0,0,0
1863,971,0,0,0,0
1864,971,0,0,0,0
1865,971,0,0,0,0
1866,971,0,0,0,0
1867,971,0,0,0,0
1868,971,0,0,0,0
1869,971,0,0,0,0
1870,971,0,0,0,0
1871,971,0,0,0,0
1872,971,0,0,0,0
1873,971,0,0,0,0
1874,971,0,0,0,0
1875,971,0,0,0,0
1876,971,0,0,0,0
1877,971,0,0,0,0
1878,971,0,0,0,0
1879,971,0,0,0,0
1880,971,0,0,0,0
1881,971,0,0,0,0
1882,971,0,0,0,0
1883,971,0,0,0,0
1884,971,0,0,0,0
1885,971,0,0,0,0
1886,971,0,0,0,0
1887,971,0,0,0,0
1888,971,0,0,0,0
1889,971,0,0,0,0
1890,971,0,0,0,0
1891,971,0,0,0,0
1892,971,0,0,0,0
1893,971,0,0,0,0
1894,971,0,0,0,0
1895,971,0,0,0,0
1896,971,0,0,0,0
1897,971,0,0,0,0
1898,971,0,0,0,0
1899,971,0,0,0,0
1900,971,0,0,0,0
1901,971,0,0,0,0
1902,971,0,0,0,0
1903,971,0,0,0,0
1904,971,0,0,0,0
1905,971,0,0,0,0
1906,971,0,0,0,0
1907,971,0,0,0,0
1908,971,1,0,0,0
1909,971,0,0,0,0
1910,971,0,0,0,0
1911,971,0,0,0,0
1912,971,0,0,0,0
1913,971,0,0,0,0
1914,971,0,0,0,0
1915,971,0,0,0,0
1916,971,0,0,0,0
1917,971,0,0,0,0
1918,971,0,0,0,0
1919,971,0,0,0,0
1920,971,0,0,0,0
1921,971,0,0,0,0
1922,971,0,0,0,0
1923,971,0,0,0,0
1924,971,0,0,0,0
1925,971,0,0,0,0
1926,971,0,0,0,0
1927,971,0,0,0,0
1928,971,0,0,0,0
1929,971,0,0,0,0
1930,971,0,0,0,0
1931,971,0,0,0,0
1932,971,0,0,0,0
1933,971,0,0,0,0
1934,971,0,0,0,0
1935,971,0,0,0,0
1936,971,0,0,0,0
1937,971,0,0,0,0
1938,971,0,0,0,0
1939,971,0,0,0,0
1940,971,0,0,0,0
1941,971,0,0,0,0
1942,971,0,0,0,0
1943,971,0,0,0,0
1944,971,0,0,0,0
1945,971,0,0,0,0
1946,971,0,0,0,0
1947,971,0,0,0,0
1948,971,0,0,0,0
1949,971,0,0,0,0
1950,971,0,0,0,0
1951,971,0,0,0,0
1952,971,0,0,0,0
1953,971,0,0,0,0
1954,971,0,0,0,0
1955,971,0,0,0,0
1956,971,0,0,0,0
1957,971,0,0,0,0
1958,971,0,0,0,0
1959,971,0,0,0,0
1960,971,1,0,0,0
1961,971,0,0,0,0
1962,971,1,0,0,0
1963,971,0,0,0,0
1964,971,0,0,0,0
1965,971,1,0,0,0
1966,971,0,0,0,0
1967,971,0,0,0,0
1968,971,0,0,0,0
1969,971,0,0,0,0
1970,971,0,0,0,0
1971,971,0,0,0,0
1972,971,0,0,0,0
1973,971,0,0,0,0
1974,971,0,0,0,0
1975,971,0,0,0,0
1976,971,0,0,0,0
1977,971,0,0,0,0
1978,971,0,0,0,0
1979,971,0,0,0,0
1980,971,0,0,0,0
1981,971,0,0,0,0
1982,971,0,0,0,0
1983,971,0,0,0,0
1984,971,0,0,0,0
1985,971,0,0,0,0
1986,971,0,0,0,0
1987,971,0,0,0,0
1988,971,0,0,0,0
1989,971,0,0,0,0
1990,971,0,0,0,0
1991,971,0,0,0,0
1992,971,0,0,0,0
1993,971,0,0,0,0
1994,971,0,0,0,0
1995,971,0,0,0,0
1996,971,0,0,0,0
1997,971,0,0,0,0
1998,971,0,0,0,0
1999,971,0,0,0,0
2000,971,0,0,0,0
2001,971,0,0,0,0
2002,971,0,0,0,0
2003,971,0,0,0,0
2004,971,0,0,0,0
2005,971,0,0,0,0
2006,971,1,0,0,0
2007,971,0,0,0,0
2008,971,0,0,0,0
2009,971,0,0,0,0
2010,971,0,0,0,0
2011,971,0,0,0,0
2012,971,0,0,0,0
2013,971,0,0,0,0
2014,971,0,0,0,0
2015,971,0,0,0,0
2016,971,0,0,0,0
2017,971,0,0,0,0
2018,971,0,0,0,0
2019,971,0,0,0,0
2020,971,0,0,0,0
2021,971,0,0,0,0
2022,971,0,0,0,0
2023,971,0,0,0,0
2024,971,0,0,0,0
2025,971,0,0,0,0
2026,971,0,0,0,0
2027,971,0,0,0,0
2028,971,0,0,0,0
2029,971,1,0,0,0
2030,971,0,0,0,0
2031,971,0,0,0,0
2032,971,0,0,0,0
2033,971,0,0,0,0
2034,971,1,0,0,0
2035,971,0,0,0,0
2036,971,0,0,0,0
2037,971,0,0,0,0
2038,971,0,0,0,0
2039,971,0,0,0,0
2040,971,0,0,0,0
2041,971,0,0,0,0
2042,971,0,0,0,0
2043,971,0,0,0,0
2044,971,0,0,0,0
2045,971,0,0,0,0
2046,971,0,0,0,0
2047,971,0,0,0,0
2048,971,0,0,0,0
2049,971,0,0,0,0
2050,971,0,0,0,0
2051,971,0,0,0,0
2052,971,0,0,0,0
2053,971,0,0,0,0
2054,971,0,0,0,0
2055,971,0,0,0,0
2056,971,0,0,0,0
2057,971,1,0,0,0
2058,971,0,0,0,0
2059,971,0,0,0,0
2060,971,0,0,0,0
2061,971,0,0,0,0
2062,971,0,0,0,0
2063,971,0,0,0,0
2064,971,0,0,0,0
2065,971,0,0,0,0
2066,971,0,0,0,0
2067,971,0,0,0,0
2068,971,0,0,0,0
2069,971,0,0,0,0
2070,971,0,0,0,0
2071,971,0,0,0,0
2072,971,0,0,0,0
2073,971,0,0,0,0
2074,971,0,0,0,0
2075,971,0,0,0,0
2076,971,0,0,0,0
2077,971,0,0,0,0
2078,971,0,0,0,0
2079,971,0,0,0,0
2080,971,0,0,0,0
2081,971,0,0,0,0
2082,971,0,0,0,0
2083,971,0,0,0,0
2084,971,0,0,0,0
2085,971,0,0,0,0
2086,971,0,0,0,0
2087,971,0,0,0,0
2088,971,0,0,0,0
2089,971,0,0,0,0
2090,971,0,0,0,0
2091,971,0,0,0,0
2092,971,0,0,0,0
2093,971,0,0,0,0
2094,971,0,0,0,0
2095,971,1,0,0,0
2096,971,0,0,0,0
2097,971,0,0,0,0
2098,971,0,0,0,0
2099,971,0,0,0,0
2100,971,0,0,0,0
2101,971,0,0,0,0
2102,971,0,0,0,0
2103,971,0,0,0,0
2104,971,0,0,0,0
2105,971,0,0,0,0
2106,971,0,0,0,0
2107,971,0,0,0,0
2108,971,0,0,0,0
2109,971,0,0,0,0
2110,971,0,0,0,0
2111,971,1,0,0,0
2112,971,0,0,0,0
2113,971,0,0,0,0
2114,971,0,0,0,0
2115,971,0,0,0,0
2116,971,0,0,0,0
2117,971,0,0,0,0
2118,971,0,0,0,0
2119,971,0,0,0,0
2120,971,0,0,0,0
2121,971,0,0,0,0
2122,971,0,0,0,0
2123,971,0,0,0,0
2124,971,0,0,0,0
2125,971,0,0,0,0
2692,322,0,0,0,0
2693,322,0,0,0,0
2694,322,1,0,0,0
2695,322,0,1,0,0
2696,322,0,0,0,0
2697,322,0,0,0,0
2698,322,0,0,0,0
2699,322,1,0,0,0
2700,322,0,1,0,0
2701,322,0,0,0,0
2702,322,1,0,0,0
2703,322,0,1,0,0
2704,322,0,0,0,0
2705,322,1,0,0,0
2706,322,0,1,0,0
2707,322,1,0,0,0
2708,322,0,1,0,0
2709,322,0,0,0,0
2710,322,1,0,0,0
2711,322,0,1,0,0
2712,322,0,0,0,0
2713,322,1,0,0,0
2714,322,0,0,0,0
2715,322,1,0,0,0
2716,322,0,1,0,0
2717,322,0,0,0,0
2718,322,1,0,0,0
2719,322,0,1,0,0
2720,322,0,0,0,0
2721,322,1,0,0,0
2722,322,0,0,0,0
2723,322,0,0,0,0
2724,322,1,0,0,0
2725,322,0,1,0,0
2726,322,0,0,0,0
2727,322,1,0,0,0
2728,322,0,1,0,0
2729,322,0,0,0,0
2730,322,0,0,0,0
2731,322,1,0,0,0
2732,322,0,1,0,0
2733,322,0,0,0,0
2734,322,1,0,0,0
2735,322,0,1,0,0
2736,322,0,0,0,0
2737,322,0,0,0,0
2738,322,0,0,0,0
2739,322,1,0,0,0
2740,322,0,1,0,0
2741,322,0,0,0,0
2742,322,1,0,0,0
2743,322,0,0,0,0
2744,322,0,0,0,0
2745,322,1,0,0,0
2746,322,0,1,0,0
2747,322,0,0,0,0
2748,322,1,0,0,0
2749,322,0,1,0,0
2750,322,0,0,0,0
2751,322,1,0,0,0
2752,322,0,1,0,0
2753,322,0,0,0,0
2754,322,0,0,0,0
2755,322,0,0,0,0
2756,322,1,0,0,0
2757,322,0,1,0,0
2758,322,0,0,0,0
2759,322,1,0,0,0
2760,322,0,1,0,0
2761,322,0,0,0,0
2762,322,1,0,0,0
2763,322,0,1,0,0
2764,322,0,0,0,0
2765,322,1,0,0,0
2766,322,0,1,0,0
2767,322,0,0,0,0
2768,322,1,0,0,0
2769,322,0,1,0,0
2770,322,0,0,0,0
2771,322,1,0,0,0
2772,322,0,1,0,0
2773,322,0,0,0,0
2774,322,1,0,0,0
2775,322,0,1,0,0
2776,322,0,0,0,0
2777,322,1,0,0,0
2778,322,0,1,0,0
2779,322,0,0,0,0
2780,322,0,0,0,0
2781,322,1,0,0,0
2782,322,0,0,0,0
2783,322,1,0,0,0
2784,322,0,1,0,0
2785,322,0,0,0,0
2786,322,1,0,0,0
2787,322,0,1,0,0
2788,322,0,0,0,0
2789,322,1,0,0,0
2790,322,0,1,0,0
2791,322,0,0,0,0
2792,322,0,0,0,0
2793,322,1,0,0,0
2794,322,0,1,0,0
2795,322,0,0,0,0
2796,322,0,0,0,0
2797,322,1,0,0,0
2798,322,0,1,0,0
2799,322,1,0,0,0
2800,322,0,1,0,0
2801,322,0,0,0,0
2802,322,1,0,0,0
2803,322,0,0,0,0
2804,322,0,0,0,0
2805,322,1,0,0,0
2806,322,0,1,0,0
2807,322,0,0,0,0
2808,322,1,0,0,0
2809,322,0,1,0,0
2810,322,0,0,0,0
2811,322,1,0,0,0
2812,322,0,0,0,0
2813,322,1,0,0,0
2814,322,0,1,0,0
2815,322,0,0,0,0
2816,322,1,0,0,0
2817,322,0,1,0,0
2818,322,1,0,0,0
2819,322,0,1,0,0
2820,322,0,0,0,0
2821,322,1,0,0,0
2822,322,0,0,0,0
2823,322,1,0,0,0
2824,322,0,1,0,0
2825,322,0,0,0,0
2826,322,1,0,0,0
2827,322,0,1,0,0
2828,322,0,0,0,0
2829,322,0,0,0,0
2830,322,1,0,0,0
2831,322,0,1,0,0
2832,322,0,0,0,0
2833,322,1,0,0,0
2834,322,0,1,0,0
2835,322,0,0,0,0
2836,322,1,0,0,0
2837,322,0,1,0,0
2838,322,0,0,0,0
2839,322,0,0,0,0
2840,322,0,0,0,0
2841,322,1,0,0,0
2842,322,0,1,0,0
2843,322,0,0,0,0
2844,322,0,0,0,0
2845,322,1,0,0,0
2846,322,0,1,0,0
2847,322,0,0,0,0
2848,322,0,0,0,0
2849,322,1,0,0,0
2850,322,0,1,0,0
2851,322,0,0,0,0
2852,322,0,0,0,0
2853,322,0,0,0,0
2854,322,0,0,0,0
2855,322,0,0,0,0
2856,322,0,0,0,0
2857,322,0,0,0,0
2858,322,0,0,0,0
2859,322,0,0,0,0
2860,322,1,0,0,0
2861,322,0,1,0,0
2862,322,0,0,0,0
2863,322,0,0,0,0
2864,322,0,0,0,0
2865,322,0,0,0,0
2866,322,1,0,0,0
2867,322,0,1,0,0
2868,322,0,0,0,0
2869,322,0,0,0,0
2870,322,1,0,0,0
2871,322,0,1,0,0
2872,322,0,0,0,0
2873,322,0,0,0,0
2874,322,0,0,0,0
2875,322,0,0,0,0
2876,322,0,0,0,0
2877,322,1,0,0,0
2878,322,0,0,0,0
2879,322,0,0,0,0
2880,322,1,0,0,0
2881,322,0,1,0,0
2882,322,0,0,0,0
2883,322,0,0,0,0
2884,322,1,0,0,0
2885,322,0,1,0,0
2886,322,0,0,0,0
2887,322,0,0,0,0
2888,322,1,0,0,0
2889,322,0,1,0,0
2890,322,0,0,0,0
2891,322,0,0,0,0
2892,322,1,0,0,0
2893,322,0,1,0,0
2894,322,0,0,0,0
2895,322,1,0,0,0
2896,322,0,1,0,0
2897,322,0,0,0,0
2898,322,0,0,0,0
2899,322,1,0,0,0
2900,322,0,1,0,0
2901,322,0,0,0,0
2902,322,0,0,0,0
2903,322,1,0,0,0
2904,322,0,1,0,0
2905,322,0,0,0,0
2906,322,0,0,0,0
2907,322,1,0,0,0
2908,322,0,1,0,0
2909,322,0,0,0,0
2910,322,0,0,0,0
2911,322,1,0,0,0
2912,322,0,1,0,0
2913,322,0,0,0,0
2914,322,0,0,0,0
2915,322,1,0,0,0
2916,322,0,1,0,0
2917,322,0,0,0,0
2918,322,0,0,0,0
2919,322,0,0,0,0
2920,322,1,0,0,0
2921,322,0,1,0,0
2922,322,0,0,0,0
2923,322,0,0,0,0
2924,322,0,0,0,0
2925,322,0,0,0,0
2926,322,1,0,0,0
2927,322,0,1,0,0
2928,322,0,0,0,0
2929,322,0,0,0,0
2930,322,0,0,0,0
2931,322,1,0,0,0
2932,322,0,1,0,0
2933,322,0,0,0,0
2934,322,1,0,0,0
2935,322,0,1,0,0
2936,322,0,0,0,0
2937,322,0,0,0,0
2938,322,0,0,0,0
2939,322,1,0,0,0
2940,322,0,1,0,0
2941,322,0,0,0,0
2942,322,0,0,0,0
2943,322,1,0,0,0
2944,322,0,1,0,0
2945,322,0,0,0,0
2946,322,0,0,0,0
2947,322,1,0,0,0
2948,322,0,1,0,0
2949,322,0,0,0,0
2950,322,0,0,0,0
2951,322,0,0,0,0
2952,322,0,0,0,0
2953,322,0,0,0,0
2954,322,0,0,0,0
2955,322,1,0,0,0
2956,322,0,1,0,0
2957,322,0,0,0,0
2958,322,0,0,0,0
2959,322,1,0,0,0
2960,322,0,1,0,0
2961,322,0,0,0,0
2962,322,0,0,0,0
2963,322,1,0,0,0
2964,322,0,1,0,0
2965,322,0,0,0,0
2966,322,0,0,0,0
2967,322,0,0,0,0
2968,322,0,0,0,0
2969,322,1,0,0,0
2970,322,0,1,0,0
2971,322,0,0,0,0
2972,322,0,0,0,0
2973,322,0,0,0,0
2974,322,0,0,0,0
2975,322,1,0,0,0
2976,322,0,1,0,0
2977,322,0,0,0,0
2978,322,1,0,0,0
2979,322,0,1,0,0
2980,322,0,0,0,0
2981,322,1,0,0,0
2982,322,0,1,0,0
2983,322,0,0,0,0
2984,322,1,0,0,0
2985,322,0,1,0,0
2986,322,0,0,0,0
2987,322,0,0,0,0
2988,322,1,0,0,0
2989,322,0,1,0,0
2990,322,0,0,0,0
2991,322,0,0,0,0
2992,322,0,0,0,0
2993,322,1,0,0,0
2994,322,0,1,0,0
2995,322,0,0,0,0
2996,322,1,0,0,0
2997,322,0,1,0,0
2998,322,0,0,0,0
2999,322,0,0,0,0
3000,322,0,0,0,0
3001,322,0,0,0,0
3002,322,0,0,0,0
3003,322,0,0,0,0
3004,322,1,0,0,0
3005,322,0,1,0,0
3006,322,0,0,0,0
3007,322,1,0,0,0
3008,322,0,1,0,0
3009,322,0,0,0,0
3010,322,1,0,0,0
3011,322,0,1,0,0
3012,322,0,0,0,0
3013,322,1,0,0,0
3014,322,0,1,0,0
3015,322,0,0,0,0
3016,322,0,0,0,0
3017,322,0,0,0,0
3018,322,1,0,0,0
3019,322,0,1,0,0
3020,322,0,0,0,0
3021,322,0,0,0,0
3022,322,1,0,0,0
3023,322,0,1,0,0
3024,322,0,0,0,0
3025,322,0,0,0,0
3026,322,1,0,0,0
3027,322,0,1,0,0
3028,322,0,0,0,0
3029,322,0,0,0,0
3030,322,0,0,0,0
20800,969,0,0,0,0
20801,969,0,0,0,0
20802,969,0,0,0,0
20803,969,0,0,0,0
20804,969,0,0,0,0
20805,969,0,0,0,0
20806,969,0,0,0,0
20807,969,0,0,0,0
20808,969,0,0,0,0
20809,969,0,0,0,0
20810,969,0,0,0,0
20811,969,0,0,0,0
20812,969,0,0,0,0
20813,969,0,0,0,0
20814,969,0,0,0,0
20815,969,0,0,0,0
20816,969,0,0,0,0
20817,969,0,0,0,0
20818,969,0,0,0,0
20819,969,0,0,0,0
20820,969,0,0,0,0
20821,969,0,0,0,0
20822,969,0,0,0,0
20823,969,0,0,0,0
20824,969,0,0,0,0
20825,969,0,0,0,0
20826,969,0,0,0,0
20827,969,0,0,0,0
20828,969,0,0,0,0
20829,969,0,0,0,0
20830,969,0,0,0,0
20831,969,0,0,0,0
20832,969,0,0,0,0
20833,969,0,0,0,0
20834,969,0,0,0,0
20835,969,0,0,0,0
20836,969,1,0,0,0
20837,969,1,0,0,0
20838,969,0,0,0,0
20839,969,0,0,0,0
20840,969,0,0,0,0
475,905,1,0,0,0
476,905,1,0,0,0
477,905,1,0,0,0
478,905,1,0,0,0
479,905,1,0,0,0
480,905,1,0,0,0
481,905,1,0,0,0
482,905,0,0,0,0
483,905,1,0,0,0
484,905,1,0,0,0
485,905,1,0,0,0
486,905,1,0,0,0
487,905,1,0,0,0
488,905,1,0,0,0
489,905,1,0,0,0
490,905,1,0,0,0
491,905,1,0,0,0
492,905,1,0,0,0
493,905,1,0,0,0
494,905,1,0,0,0
495,905,1,0,0,0
496,905,1,0,0,0
497,905,1,0,0,0
498,905,1,0,0,0
499,905,0,0,0,0
500,905,1,0,0,0
501,905,0,0,0,0
502,905,0,0,0,0
503,905,1,0,0,0
504,905,0,0,0,0
505,905,1,0,0,0
506,905,1,0,0,0
507,905,1,0,0,0
508,905,1,0,0,0
509,905,0,0,0,0
510,905,0,0,0,0
511,905,0,0,0,0
512,905,0,0,0,0
513,905,0,0,0,0
514,905,0,0,0,0
515,905,1,0,0,0
516,905,0,0,0,0
517,905,0,0,0,0
518,905,1,0,0,0
519,905,0,0,0,0
520,905,0,0,0,0
521,905,0,0,0,0
522,905,0,0,0,0
523,905,1,0,0,0
524,905,1,0,0,0
525,905,0,0,0,0
526,905,1,0,0,0
527,905,0,0,0,0
528,905,0,0,0,0
529,905,0,0,0,0
530,905,0,0,0,0
531,905,0,0,0,0
532,905,0,0,0,0
533,905,0,0,0,0
534,905,1,0,0,0
535,905,0,0,0,0
536,905,0,0,0,0
537,905,0,0,0,0
538,905,0,0,0,0
539,905,0,0,0,0
540,905,1,0,0,0
541,905,0,0,0,0
542,905,1,0,0,0
543,905,0,0,0,0
544,905,0,0,0,1
545,905,0,0,0,1
546,905,0,0,0,1
547,905,0,0,0,1
548,905,0,0,0,1
549,905,0,0,0,1
550,905,0,0,0,1
551,905,0,0,0,1
552,905,0,0,0,1
553,905,0,0,0,1
554,905,0,0,0,1
555,905,0,0,0,1
556,905,0,0,0,1
557,905,0,0,0,1
558,905,0,0,0,1
559,905,0,0,0,1
560,905,0,0,0,1
561,905,0,0,0,1
562,905,1,0,0,0
563,905,0,0,0,0
564,905,0,0,0,0
565,905,1,0,0,0
566,905,1,0,0,0
567,905,0,0,0,0
568,905,1,0,0,0
569,905,0,0,0,0
570,905,0,0,0,0
571,905,1,0,0,0
572,905,0,0,0,0
573,905,0,0,0,0
574,905,0,0,0,1
575,905,0,0,0,1
576,905,0,0,0,1
577,905,0,0,0,1
578,905,0,0,0,1
579,905,0,0,0,1
580,905,1,0,0,0
581,905,0,0,0,0
582,905,1,0,0,0
583,905,0,0,0,0
584,905,0,0,0,0
585,905,1,0,0,0
586,905,0,0,0,0
587,905,1,0,0,0
588,905,0,0,0,0
589,905,1,0,0,0
590,905,1,0,0,0
591,905,1,0,0,0
592,905,1,0,0,0
593,905,0,0,0,0
594,905,0,0,0,0
595,905,1,0,0,0
596,905,0,0,0,0
597,905,0,0,0,0
598,905,0,0,0,0
599,905,1,0,0,0
600,905,1,0,0,0
601,905,0,0,0,0
602,905,1,0,0,0
603,905,0,0,0,0
604,905,0,0,0,0
605,905,0,0,0,0
606,905,0,0,0,0
607,905,0,0,0,0
608,905,1,0,0,0
609,905,0,0,0,0
610,905,0,0,0,0
611,905,0,0,0,0
612,905,0,0,0,0
613,905,0,0,0,0
614,905,0,0,0,0
615,905,0,0,0,0
616,905,0,0,0,0
617,905,0,0,0,0
618,905,0,0,0,0
619,905,0,0,0,0
620,905,0,0,0,0
621,905,0,0,0,0
622,905,0,0,0,0
623,905,0,0,0,0
624,905,1,0,0,0
625,905,1,0,0,0
626,905,0,0,0,0
627,905,0,0,0,0
628,905,0,0,0,0
629,905,0,0,0,0
630,905,0,0,0,0
631,905,0,0,0,0
632,905,0,0,0,0
633,905,0,0,0,0
634,905,0,0,0,0
635,905,0,0,0,0
636,905,0,0,0,0
637,905,0,0,0,0
638,905,0,0,0,0
639,905,0,0,0,0
640,905,0,0,0,0
641,905,0,0,0,0
642,905,0,0,0,0
643,905,0,0,0,0
644,905,0,0,0,0
645,905,0,0,0,0
646,905,0,0,0,0
647,905,0,0,0,0
648,905,0,0,0,0
649,905,0,0,0,0
650,905,0,0,0,0
651,905,0,0,0,0
652,905,0,0,0,0
653,905,1,0,0,0
654,905,0,0,0,0
655,905,0,0,0,0
656,905,0,0,0,0
657,905,0,0,0,0
658,905,0,0,0,0
659,905,0,0,0,0
660,905,0,0,0,0
661,905,0,0,0,0
662,905,0,0,0,0
663,905,0,0,0,0
664,905,0,0,0,0
665,905,0,0,0,0
666,905,0,0,0,0
667,905,0,0,0,0
668,905,0,0,0,0
669,905,0,0,0,0
670,905,0,0,0,0
671,905,0,0,0,0
672,905,0,0,0,0
673,905,0,0,0,0
674,905,0,0,0,0
675,905,0,0,0,0
676,905,0,0,0,0
677,905,0,0,0,0
678,905,0,0,0,0
679,905,0,0,0,0
680,905,0,0,0,0
681,905,0,0,0,0
682,905,0,0,0,0
683,905,0,0,0,0
684,905,0,0,0,0
685,905,0,0,0,0
686,905,0,0,0,0
687,905,0,0,0,0
688,905,0,0,0,0
689,905,0,0,0,0
690,905,0,0,0,0
691,905,0,0,0,0
692,905,0,0,0,0
693,905,0,0,0,0
694,905,0,0,0,0
695,905,0,0,0,0
696,905,1,0,0,0
697,905,1,0,0,0
698,905,0,0,0,0
699,905,1,0,0,0
700,905,0,0,0,0
701,905,0,0,0,0
702,905,0,0,0,0
703,905,0,0,0,0
704,905,0,0,0,0
705,905,0,0,0,0
706,905,0,0,0,0
707,905,0,0,0,0
708,905,0,0,0,0
709,905,0,0,0,0
710,905,0,0,0,0
711,905,0,0,0,0
712,905,0,0,0,0
713,905,0,0,0,0
714,905,0,0,0,0
715,905,0,0,0,0
716,905,0,0,0,0
717,905,0,0,0,0
718,905,0,0,0,0
719,905,0,0,0,0
720,905,0,0,0,0
721,905,0,0,0,0
722,905,1,0,0,0
723,905,1,0,0,0
724,905,1,0,0,0
725,905,0,0,0,0
726,905,0,0,0,0
727,905,1,0,0,0
728,905,0,0,0,0
729,905,0,0,0,0
730,905,0,0,0,0
731,905,1,0,0,0
732,905,0,0,0,0
733,905,1,0,0,0
734,905,0,0,0,0
735,905,0,0,0,0
736,905,0,0,0,0
737,905,0,0,0,0
738,905,0,0,0,0
739,905,0,0,0,0
740,905,0,0,0,0
741,905,0,0,0,0
742,905,0,0,0,0
743,905,0,0,0,0
744,905,0,0,0,0
745,905,0,0,0,0
746,905,0,0,0,0
747,905,0,0,0,0
748,905,0,0,0,0
749,905,0,0,0,0
750,905,0,0,0,0
751,905,0,0,0,0
752,905,0,0,0,0
753,905,0,0,0,0
754,905,0,0,0,0
755,905,0,0,0,0
756,905,1,0,0,0
757,905,0,0,0,0
758,905,0,0,0,0
759,905,0,0,0,0
760,905,1,0,0,0
761,905,0,0,0,0
762,905,0,0,0,0
763,905,0,0,0,0
764,905,0,0,0,0
765,905,0,0,0,0
766,905,0,0,0,0
767,905,0,0,0,0
768,905,0,0,0,0
769,905,0,0,0,0
770,905,0,0,0,0
771,905,0,0,0,0
772,905,0,0,0,0
773,905,0,0,0,0
2400,630,1,0,0,0
2401,630,0,0,0,0
2402,630,0,0,0,0
2403,630,0,0,0,0
2404,630,0,0,0,0
2405,630,1,0,0,0
2406,630,0,0,0,0
2407,630,0,0,0,0
2408,630,0,0,0,0
2409,630,1,0,0,0
2410,630,0,0,0,0
2411,630,0,0,0,0
2412,630,0,0,0,0
2413,630,1,0,0,0
2414,630,0,0,0,0
2415,630,0,0,1,0
2416,630,0,0,0,0
2417,630,0,0,0,0
2418,630,1,0,0,0
2419,630,0,0,0,0
2420,630,0,0,0,0
2421,630,1,0,0,0
2422,630,1,0,0,0
2423,630,0,0,0,0
2424,630,0,0,0,0
2425,630,1,0,0,0
2426,630,1,0,0,0
2427,630,0,0,0,0
2428,630,1,0,0,0
2429,630,0,0,0,0
2430,630,0,0,0,0
2431,630,1,0,0,0
2432,630,1,0,0,0
2433,630,0,0,0,0
2434,630,0,0,0,0
2435,630,1,0,0,0
2436,630,0,0,0,0
2437,630,1,0,0,0
2438,630,0,0,0,0
2439,630,0,0,0,0
2440,630,0,0,0,0
2441,630,1,0,0,0
2442,630,1,0,0,0
2443,630,0,0,0,0
2444,630,1,0,0,0
2445,630,1,0,0,0
2446,630,0,0,0,0
2447,630,1,0,0,0
2448,630,0,0,0,0
2449,630,1,0,0,0
2450,630,0,0,0,0
2451,630,1,0,0,0
2452,630,0,0,0,0
2453,630,0,0,0,0
2454,630,1,0,0,0
2455,630,0,0,0,0
2456,630,1,0,0,0
2457,630,0,0,0,0
2458,630,0,0,0,0
2459,630,1,0,0,0
2460,630,0,0,0,0
2461,630,1,0,0,0
2462,630,0,0,0,0
2463,630,0,0,0,0
2464,630,0,0,0,0
2465,630,1,0,0,0
2466,630,0,0,0,0
2467,630,0,0,0,0
2468,630,0,0,0,0
2469,630,1,0,0,0
2470,630,1,0,0,0
2471,630,0,0,0,0
2472,630,1,0,0,0
2473,630,0,0,0,0
2474,630,1,0,0,0
2475,630,1,0,0,0
2476,630,0,0,0,0
2477,630,0,0,0,0
2478,630,0,0,0,0
2479,630,1,0,0,0
2480,630,1,0,0,0
2481,630,1,0,0,0
2482,630,0,0,1,0
2483,630,0,0,1,0
2484,630,1,0,0,0
2485,630,0,0,1,0
2486,630,0,0,1,0
2487,630,1,0,0,0
2488,630,0,0,1,0
2489,630,0,0,0,0
2490,630,0,0,0,0
2491,630,0,0,0,0
2492,630,1,0,0,0
2493,630,0,0,1,0
2494,630,1,0,0,0
2495,630,1,0,0,0
2496,630,1,0,0,0
2497,630,0,0,0,0
2498,630,0,0,0,0
2499,630,0,0,0,0
2500,630,0,0,0,0
2501,630,0,0,0,0
2502,630,1,0,0,0
2503,630,0,0,0,0
2504,630,0,0,0,0
2505,630,0,0,0,0
2506,630,0,0,1,0
2507,630,1,0,0,0
2508,630,1,0,0,0
2509,630,0,0,0,0
2510,630,0,0,0,0
2511,630,0,0,0,0
2512,630,0,0,0,0
2513,630,0,0,0,0
2514,630,1,0,0,0
2515,630,0,0,0,0
2516,630,0,0,0,0
2517,630,0,0,0,0
2518,630,0,0,0,0
2519,630,0,0,0,0
2520,630,0,0,0,0
2521,630,0,0,0,0
2522,630,0,0,0,0
2523,630,1,0,0,0
2524,630,0,0,0,0
2525,630,0,0,0,0
2526,630,0,0,0,0
2527,630,0,0,0,0
2528,630,1,0,0,0
2529,630,0,0,0,0
2530,630,0,0,0,0
2531,630,0,0,0,0
2532,630,0,0,0,0
2533,630,1,0,0,0
2534,630,0,0,0,0
2535,630,0,0,0,0
2536,630,0,0,0,0
2537,630,1,0,0,0
2538,630,0,0,0,0
2539,630,0,0,0,0
2540,630,1,0,0,0
2541,630,0,0,0,0
2542,630,1,0,0,0
2543,630,0,0,0,0
2544,630,0,0,0,0
2545,630,0,0,0,0
2546,630,0,0,0,0
2547,630,1,0,0,0
2548,630,0,0,0,0
2549,630,0,0,0,0
2550,630,0,0,0,0
2551,630,0,0,0,0
2552,630,0,0,0,0
2553,630,1,0,0,0
2554,630,0,0,0,0
2555,630,0,0,0,0
2556,630,0,0,0,0
2557,630,1,0,0,0
2558,630,0,0,0,0
2559,630,0,0,0,0
2560,630,0,0,0,0
2561,630,0,0,0,0
2562,630,0,0,0,0
2563,630,1,0,0,0
2564,630,0,0,0,0
2565,630,0,0,0,0
2566,630,0,0,0,0
2567,630,0,0,0,0
2568,630,0,0,0,0
2569,630,0,0,0,0
2570,630,1,0,0,0
2571,630,0,0,0,0
2572,630,0,0,0,0
2573,630,1,0,0,0
2574,630,0,0,0,0
2575,630,0,0,0,0
2576,630,0,0,0,0
2577,630,0,0,0,0
2578,630,1,0,0,0
2579,630,0,0,0,0
2580,630,1,0,0,0
2581,630,0,0,0,0
2582,630,0,0,0,0
2583,630,0,0,0,0
2584,630,0,0,0,0
2585,630,0,0,1,0
2586,630,1,0,0,0
2587,630,1,0,0,0
2588,630,0,0,0,0
2589,630,0,0,0,0
2590,630,0,0,0,0
2591,630,0,0,0,0
2592,630,0,0,0,0
2593,630,0,0,0,0
2594,630,0,0,0,0
2595,630,0,0,0,0
2596,630,0,0,0,0
2597,630,0,0,0,0
2598,630,0,0,0,0
2599,630,0,0,0,0
2600,630,0,0,0,0
2601,630,0,0,0,0
2602,630,1,0,0,0
2603,630,0,0,0,0
2604,630,0,0,0,0
2605,630,0,0,0,0
2606,630,0,0,0,0
2607,630,0,0,0,0
2608,630,0,0,0,0
2609,630,0,0,0,0
2610,630,0,0,0,0
2611,630,0,0,0,0
2612,630,0,0,0,0
2613,630,0,0,0,0
2614,630,0,0,0,0
2615,630,0,0,0,0
2616,630,0,0,0,0
2617,630,0,0,0,0
2618,630,0,0,0,0
2619,630,0,0,0,0
2620,630,0,0,0,0
2621,630,0,0,0,0
2622,630,0,0,0,0
2623,630,0,0,0,0
2624,630,0,0,0,0
2625,630,0,0,0,0
2626,630,0,0,0,0
2627,630,0,0,0,0
2628,630,0,0,0,0
2629,630,0,0,0,0
2630,630,0,0,0,0
2631,630,0,0,0,0
2632,630,0,0,0,0
2633,630,0,0,0,0
2634,630,1,0,0,0
2635,630,0,0,0,0
2636,630,1,0,0,0
2637,630,0,0,0,0
2638,630,0,0,0,0
2639,630,0,0,0,0
2640,630,0,0,0,0
2641,630,0,0,0,0
2642,630,0,0,0,0
2643,630,0,0,0,0
2644,630,0,0,0,0
2645,630,0,0,0,0
2646,630,0,0,0,0
2647,630,0,0,0,0
2648,630,0,0,0,0
2649,630,0,0,0,0
2650,630,0,0,0,0
2651,630,0,0,0,0
2652,630,0,0,0,0
2653,630,0,0,0,0
2654,630,0,0,0,0
2655,630,0,0,0,0
2656,630,0,0,0,0
2657,630,1,0,0,0
2658,630,0,0,0,0
2659,630,0,0,0,0
2660,630,1,0,0,0
2661,630,0,0,0,0
2662,630,0,0,0,0
2663,630,0,0,0,0
2664,630,0,0,0,0
2665,630,0,0,0,0
2666,630,0,0,0,0
2667,630,0,0,0,0
2668,630,0,0,0,0
2669,630,0,0,0,0
2670,630,0,0,0,0
2671,630,1,0,0,0
2672,630,0,0,0,0
2673,630,0,0,0,0
2674,630,0,0,0,0
2675,630,0,0,0,0
2676,630,0,0,0,0
2677,630,0,0,0,0
2678,630,1,0,0,0
2679,630,0,0,0,0
2680,630,0,0,0,0
2681,630,0,0,0,0
2682,630,0,0,0,0
2683,630,0,0,0,0
2684,630,1,0,0,0
2685,630,0,0,0,0
2686,630,0,0,0,0
2687,630,1,0,0,0
2688,630,0,0,0,0
2689,630,0,0,0,0
2690,630,0,0,0,0
2691,630,0,0,0,0
2692,630,1,0,0,0
2693,630,0,0,0,0
2694,630,0,0,0,0
2695,630,1,0,0,0
2696,630,0,0,0,0
2697,630,1,0,0,0
2698,630,0,0,0,0
2699,630,0,0,0,0
2700,630,0,0,0,0
300,450,0,0,0,0
301,450,0,0,0,0
302,450,1,0,0,0
303,450,0,0,0,0
304,450,1,0,0,0
305,450,0,0,0,0
306,450,0,0,0,0
307,450,0,0,0,0
308,450,1,0,0,0
309,450,0,0,0,0
310,450,0,0,0,0
311,450,1,0,0,0
312,450,0,0,0,0
313,450,1,0,0,0
314,450,0,0,0,0
315,450,1,0,0,0
316,450,0,0,0,0
317,450,1,0,0,0
318,450,0,0,0,0
319,450,1,0,0,0
320,450,0,0,0,0
321,450,1,0,0,0
322,450,0,0,0,0
323,450,0,0,0,0
324,450,1,0,0,0
325,450,0,0,0,0
326,450,1,0,0,0
327,450,0,0,0,0
328,450,1,0,0,0
329,450,0,0,0,0
330,450,0,0,0,0
331,450,0,0,0,0
332,450,1,0,0,0
333,450,0,0,0,0
334,450,1,0,0,0
335,450,0,0,0,0
336,450,0,0,0,0
337,450,1,0,0,0
338,450,0,0,0,0
339,450,1,0,0,0
340,450,0,0,0,0
341,450,1,0,0,0
342,450,0,0,0,0
343,450,0,0,0,0
344,450,1,0,0,0
345,450,0,0,0,0
346,450,1,0,0,0
347,450,0,0,0,0
348,450,1,0,0,0
349,450,0,0,0,0
350,450,1,0,0,0
351,450,0,0,0,0
352,450,1,0,0,0
353,450,0,0,0,0
354,450,1,0,0,0
355,450,0,0,0,0
356,450,0,0,0,0
357,450,1,0,0,0
358,450,0,0,0,0
359,450,1,0,0,0
360,450,0,0,0,0
361,450,1,0,0,0
362,450,0,0,0,0
363,450,1,0,0,0
364,450,0,0,0,0
365,450,1,0,0,0
366,450,0,0,0,0
367,450,1,0,0,0
368,450,0,0,0,0
369,450,0,0,0,0
370,450,1,0,0,0
371,450,0,0,0,0
372,450,1,0,0,0
373,450,0,0,0,0
374,450,1,0,0,0
375,450,0,0,0,0
376,450,1,0,0,0
377,450,0,0,0,0
378,450,1,0,0,0
379,450,0,0,0,0
380,450,1,0,0,0
381,450,1,0,0,0
382,450,0,0,0,0
383,450,1,0,0,0
384,450,0,0,0,0
385,450,0,0,0,0
386,450,1,0,0,0
387,450,0,0,0,0
388,450,1,0,0,0
389,450,0,0,0,0
390,450,1,0,0,0
391,450,0,0,0,0
392,450,0,0,0,0
393,450,1,0,0,0
394,450,0,0,0,0
395,450,1,0,0,0
396,450,0,0,0,0
397,450,0,0,0,0
398,450,0,0,0,0
399,450,1,0,0,0
400,450,1,0,0,0
401,450,0,0,0,0
402,450,0,0,0,0
403,450,0,0,0,0
404,450,1,0,0,0
405,450,0,0,0,0
406,450,1,0,0,0
407,450,0,0,0,0
408,450,0,0,0,0
409,450,1,0,0,0
410,450,0,0,0,0
411,450,1,0,0,0
412,450,0,0,0,0
413,450,0,0,0,0
414,450,1,0,0,0
415,450,0,0,0,0
416,450,1,0,0,0
417,450,0,0,0,0
418,450,1,0,0,0
419,450,0,0,0,0
420,450,1,0,0,0
421,450,1,0,0,0
422,450,0,1,0,0
423,450,0,0,0,0
424,450,1,0,0,0
425,450,0,0,0,0
426,450,1,0,0,0
427,450,0,0,0,0
428,450,0,0,0,0
429,450,1,0,0,0
430,450,1,0,0,0
431,450,0,0,0,0
432,450,0,0,0,0
433,450,0,0,0,0
434,450,1,0,0,0
435,450,0,0,0,0
436,450,1,0,0,0
437,450,1,0,0,0
438,450,0,1,0,0
439,450,0,0,0,0
440,450,1,0,0,0
441,450,1,0,0,0
442,450,0,0,0,0
443,450,0,0,0,0
444,450,1,0,0,0
445,450,0,0,0,0
446,450,1,0,0,0
447,450,0,0,0,0
448,450,1,0,0,0
449,450,0,0,0,0
450,450,1,0,0,0
451,450,1,0,0,0
452,450,0,1,0,0
453,450,0,0,0,0
454,450,1,0,0,0
455,450,1,0,0,0
456,450,0,0,0,0
457,450,1,0,0,0
458,450,0,0,0,0
459,450,0,0,0,0
460,450,1,0,0,0
461,450,0,0,0,0
462,450,1,0,0,0
463,450,0,0,0,0
464,450,1,0,0,0
465,450,0,1,0,0
466,450,0,0,0,0
467,450,1,0,0,0
468,450,0,0,0,0
469,450,1,0,0,0
470,450,0,0,0,0
471,450,1,0,0,0
472,450,1,0,0,0
473,450,0,0,0,0
474,450,0,0,0,0
475,450,1,0,0,0
476,450,0,0,0,0
477,450,1,0,0,0
478,450,0,0,0,0
479,450,1,0,0,0
480,450,0,0,0,0
481,450,0,0,0,0
482,450,0,0,0,0
483,450,1,0,0,0
484,450,1,0,0,0
485,450,0,1,0,0
486,450,0,0,0,0
487,450,1,0,0,0
488,450,0,0,0,0
489,450,1,0,0,0
490,450,1,0,0,0
491,450,0,1,0,0
492,450,1,0,0,0
493,450,0,0,0,0
494,450,0,0,0,0
495,450,1,0,0,0
496,450,0,0,0,0
497,450,1,0,0,0
498,450,0,0,0,0
499,450,1,0,0,0
500,450,0,0,0,0
501,450,1,0,0,0
502,450,1,0,0,0
503,450,0,1,0,0
504,450,0,0,0,0
505,450,1,0,0,0
506,450,0,0,0,0
507,450,1,0,0,0
508,450,0,0,0,0
509,450,1,0,0,0
510,450,0,0,0,0
511,450,1,0,0,0
512,450,0,0,0,0
513,450,0,0,0,0
514,450,1,0,0,0
515,450,0,0,0,0
516,450,0,0,0,0
517,450,1,0,0,0
518,450,0,0,0,0
519,450,1,0,0,0
520,450,0,0,0,0
521,450,0,0,0,0
522,450,1,0,0,0
523,450,0,0,0,0
524,450,0,0,0,0
525,450,0,0,0,0
526,450,0,0,0,0
527,450,1,0,0,0
528,450,0,0,0,0
529,450,0,0,0,0
530,450,1,0,0,0
531,450,1,0,0,0
532,450,0,0,0,0
533,450,0,0,0,0
534,450,0,0,0,0
535,450,1,0,0,0
536,450,0,0,0,0
537,450,1,0,0,0
538,450,0,0,0,0
539,450,1,0,0,0
540,450,0,0,0,0
541,450,0,0,0,0
542,450,1,0,0,0
543,450,1,0,0,0
544,450,0,1,0,0
545,450,0,0,0,0
546,450,0,0,0,0
547,450,1,0,0,0
548,450,1,0,0,0
549,450,0,1,0,0
550,450,0,0,0,0
551,450,1,0,0,0
552,450,1,0,0,0
553,450,0,0,0,0
554,450,1,0,0,0
555,450,0,0,0,0
556,450,1,0,0,0
557,450,0,0,0,0
558,450,1,0,0,0
559,450,0,0,0,0
560,450,1,0,0,0
561,450,0,1,0,0
562,450,0,0,0,0
563,450,1,0,0,0
564,450,0,0,0,0
565,450,0,0,0,0
566,450,1,0,0,0
567,450,0,0,0,0
568,450,1,0,0,0
569,450,1,0,0,0
570,450,0,0,0,0
571,450,1,0,0,0
572,450,0,0,0,0
573,450,1,0,0,0
574,450,0,0,0,0
575,450,0,0,0,0
576,450,1,0,0,0
577,450,1,0,0,0
578,450,0,0,0,0
579,450,0,0,0,0
580,450,1,0,0,0
581,450,0,0,0,0
582,450,0,0,0,0
583,450,1,0,0,0
584,450,1,0,0,0
585,450,0,0,0,0
586,450,1,0,0,0
587,450,0,0,0,0
588,450,1,0,0,0
589,450,0,0,0,0
590,450,1,0,0,0
591,450,0,0,0,0
592,450,0,0,0,0
593,450,0,0,0,0
594,450,0,0,0,0
595,450,0,0,0,0
596,450,0,0,0,0
597,450,1,0,0,0
598,450,1,0,0,0
599,450,0,0,0,0
2200,466,0,0,0,0
2201,466,0,0,0,0
2202,466,0,0,0,0
2203,466,0,0,0,0
2204,466,0,0,0,0
2205,466,0,0,0,0
2206,466,0,0,0,0
2207,466,0,0,0,0
2208,466,0,0,0,0
2209,466,0,0,0,0
2210,466,0,0,0,0
2211,466,0,0,0,0
2212,466,0,0,0,0
2213,466,0,0,0,0
2214,466,0,0,0,0
2215,466,0,0,0,0
2216,466,0,0,0,0
2217,466,0,0,0,0
2218,466,0,0,0,0
2219,466,0,0,0,0
2220,466,0,0,0,0
2221,466,0,0,0,0
2222,466,0,0,0,0
2223,466,0,0,0,0
2224,466,0,0,0,0
2225,466,0,0,0,0
2226,466,0,0,0,0
2227,466,0,0,0,0
2228,466,0,0,0,0
2229,466,0,0,0,0
2230,466,0,0,0,0
2231,466,0,0,0,0
2232,466,0,0,0,0
2233,466,0,0,0,0
2234,466,0,0,0,0
2235,466,0,0,0,0
2236,466,0,0,0,0
2237,466,0,0,0,0
2238,466,0,0,0,0
2239,466,0,0,0,0
2240,466,0,0,0,0
2241,466,0,0,0,0
2242,466,0,0,0,0
2243,466,0,0,0,0
2244,466,0,0,0,0
2245,466,0,0,0,0
2246,466,1,0,0,0
2247,466,0,0,0,0
2248,466,0,0,0,0
2249,466,1,0,0,0
2250,466,0,0,0,0
2251,466,0,0,0,0
2252,466,1,0,0,0
2253,466,1,0,0,0
2254,466,0,0,0,0
2255,466,0,0,0,0
2256,466,0,0,0,0
2257,466,1,0,0,0
2258,466,0,0,0,0
2259,466,0,0,0,0
2260,466,0,0,0,0
2261,466,0,0,0,0
2262,466,0,0,0,0
2263,466,0,0,0,0
2264,466,0,0,0,0
2265,466,0,0,0,0
2266,466,0,0,0,0
2267,466,0,0,0,0
2268,466,0,0,0,0
2269,466,0,0,0,0
2270,466,0,0,0,0
2271,466,0,0,0,0
2272,466,0,0,0,0
2273,466,0,0,0,0
2274,466,0,0,0,0
2275,466,0,0,0,0
2276,466,0,0,0,0
2277,466,0,0,0,0
2278,466,0,0,0,0
2279,466,1,0,0,0
2280,466,0,0,0,0
2281,466,0,0,0,0
2282,466,0,0,0,0
2283,466,0,0,0,0
2284,466,0,0,0,0
2285,466,0,0,0,0
2286,466,0,0,0,0
2287,466,0,0,0,0
2288,466,0,0,0,0
2289,466,0,0,0,0
2290,466,0,0,0,0
2291,466,0,0,0,0
2292,466,0,0,0,0
2293,466,0,0,0,0
2294,466,1,0,0,0
2295,466,0,0,0,0
2296,466,1,0,0,0
2297,466,1,0,0,0
2298,466,0,0,0,0
2299,466,1,0,0,0
2300,466,1,0,0,0
2301,466,1,0,0,0
2302,466,0,1,0,0
2303,466,0,0,0,0
2304,466,0,0,0,0
2305,466,0,0,0,0
2306,466,0,0,0,0
2307,466,0,0,0,0
2308,466,0,0,0,0
2309,466,0,0,0,0
2310,466,0,0,0,0
2311,466,0,0,0,0
2312,466,0,0,0,0
2313,466,1,0,0,0
2314,466,1,0,0,0
2315,466,0,0,0,0
2316,466,0,0,0,0
2317,466,0,0,0,0
2318,466,0,0,0,0
2319,466,0,0,0,0
2320,466,0,0,0,0
2321,466,1,0,0,0
2322,466,1,0,0,0
2323,466,0,0,0,0
2324,466,1,0,0,0
2325,466,1,0,0,0
2326,466,1,0,0,0
2327,466,0,0,0,0
2328,466,0,0,0,0
2329,466,0,0,0,0
2330,466,0,0,0,0
2331,466,0,0,0,0
2332,466,0,0,0,0
2333,466,0,0,0,0
2334,466,1,0,0,0
2335,466,0,0,0,0
2336,466,0,0,0,0
2337,466,0,0,0,0
2338,466,0,0,0,0
2339,466,0,0,0,0
2340,466,1,0,0,0
2341,466,0,0,0,0
2342,466,0,0,0,0
2343,466,0,0,0,0
2344,466,0,0,0,0
2345,466,0,0,0,0
2346,466,1,0,0,0
2347,466,0,0,0,0
2348,466,0,0,0,0
2349,466,0,0,0,0
2350,466,0,0,0,0
2351,466,0,0,0,0
2352,466,0,0,0,0
2353,466,0,0,0,0
2354,466,0,0,0,0
2355,466,0,0,0,0
2356,466,0,0,0,0
2357,466,0,0,0,0
2358,466,0,0,0,0
2359,466,0,0,0,0
2360,466,0,0,0,0
2361,466,0,0,0,0
2362,466,0,0,0,0
2363,466,0,0,0,0
2364,466,0,0,0,0
2365,466,0,0,0,0
2366,466,0,0,0,0
2367,466,0,0,0,0
2368,466,0,0,0,0
2369,466,0,0,0,0
2370,466,0,0,0,0
2371,466,1,0,0,0
2372,466,0,0,0,0
2373,466,0,0,0,0
2374,466,0,0,0,0
2375,466,1,0,0,0
2376,466,0,0,0,0
2377,466,1,0,0,0
2378,466,0,0,0,0
2379,466,0,0,0,0
2380,466,1,0,0,0
2381,466,0,0,0,0
2382,466,0,0,0,0
2383,466,0,0,0,0
2384,466,0,0,0,0
2385,466,1,0,0,0
2386,466,0,0,0,0
2387,466,0,0,0,0
2388,466,0,0,0,0
2389,466,0,0,0,0
2390,466,0,0,0,0
2391,466,0,0,0,0
2392,466,0,0,0,0
2393,466,0,0,0,0
2394,466,0,0,0,0
2395,466,1,0,0,0
2396,466,0,0,0,0
2397,466,0,0,0,0
2398,466,1,0,0,0
2399,466,0,0,0,0
2400,466,0,0,0,0
2401,466,0,0,0,0
2402,466,0,0,0,0
2403,466,0,0,0,0
2404,466,0,0,0,0
2405,466,0,0,0,0
2406,466,0,0,0,0
2407,466,0,0,0,0
2408,466,0,0,0,0
2409,466,0,0,0,0
2410,466,0,0,0,0
2411,466,0,0,0,0
2412,466,0,0,0,0
2413,466,0,0,0,0
2414,466,0,0,0,0
2415,466,1,0,0,0
2416,466,0,0,0,0
2417,466,0,0,0,0
2418,466,0,0,0,0
2419,466,0,0,0,0
2420,466,0,0,0,0
2421,466,0,0,0,0
2422,466,0,0,0,0
2423,466,1,0,0,0
2424,466,0,0,0,0
2425,466,0,0,0,0
2426,466,1,0,0,0
2427,466,0,0,0,0
2428,466,0,0,0,0
2429,466,0,0,0,0
2430,466,0,0,0,0
2431,466,0,0,0,0
2432,466,1,0,0,0
2433,466,0,0,0,0
2434,466,0,0,0,0
2435,466,0,0,0,0
2436,466,0,0,0,0
2437,466,0,0,0,0
2438,466,0,0,0,0
2439,466,0,0,0,0
2440,466,1,0,0,0
2441,466,0,0,0,0
2442,466,0,0,0,0
2443,466,0,0,0,0
2444,466,0,0,0,0
2445,466,0,0,0,0
2446,466,0,0,0,0
2447,466,0,0,0,0
2448,466,0,0,0,0
2449,466,0,0,0,0
2450,466,0,0,0,0
2451,466,0,0,0,0
2452,466,0,0,0,0
2453,466,0,0,0,0
2454,466,0,0,0,0
2455,466,1,0,0,0
2456,466,0,0,0,0
2457,466,0,0,0,0
2458,466,0,0,0,0
2459,466,0,0,0,0
2460,466,0,0,0,0
2461,466,0,0,0,0
2462,466,0,0,0,0
2463,466,0,0,0,0
2464,466,1,0,0,0
2465,466,0,0,0,0
2466,466,0,0,0,0
2467,466,0,0,0,0
2468,466,0,0,0,0
2469,466,1,0,0,0
2470,466,0,0,0,0
2471,466,1,0,0,0
2472,466,0,0,0,0
2473,466,0,0,0,0
2474,466,0,0,0,0
2475,466,0,0,0,0
2476,466,0,0,0,0
2477,466,0,0,0,0
2478,466,0,0,0,0
2479,466,0,0,0,0
2480,466,0,0,0,0
2481,466,0,0,0,0
2482,466,0,0,0,0
2483,466,0,0,0,0
2484,466,0,0,0,0
2485,466,0,0,0,0
2486,466,0,0,0,0
2487,466,0,0,0,0
2488,466,0,0,0,0
2489,466,0,0,0,0
2490,466,0,0,0,0
2491,466,0,0,0,0
2492,466,0,0,0,0
2493,466,0,0,0,0
2494,466,0,0,0,0
2495,466,0,0,0,0
2496,466,0,0,0,0
2497,466,0,0,0,0
2498,466,0,0,0,0
2499,466,0,0,0,0
2500,466,0,0,0,0
1020,432,0,0,0,0
1021,432,1,0,0,0
1022,432,0,1,0,0
1023,432,0,0,0,0
1024,432,0,0,0,0
1025,432,0,0,0,0
1026,432,0,0,0,0
1027,432,0,0,0,0
1028,432,0,0,0,0
1029,432,0,0,0,0
1030,432,0,0,0,0
1031,432,0,0,0,0
1032,432,0,0,0,0
1033,432,0,0,0,0
1034,432,0,0,0,0
1035,432,0,0,0,0
1036,432,0,0,0,0
1037,432,0,0,0,0
1038,432,0,0,0,0
1039,432,0,0,0,0
1040,432,0,0,0,0
1041,432,0,0,0,0
1042,432,1,0,0,0
1043,432,0,1,0,0
1044,432,0,0,0,0
1045,432,0,0,0,0
1046,432,0,0,0,0
1047,432,0,0,0,0
1048,432,0,0,0,0
1049,432,0,0,0,0
1050,432,0,0,0,0
1051,432,0,0,0,0
1052,432,0,0,0,0
1053,432,1,0,0,0
1054,432,0,1,0,0
1055,432,0,0,0,0
1056,432,0,0,0,0
1057,432,0,0,0,0
1058,432,1,0,0,0
1059,432,0,1,0,0
1060,432,1,0,0,0
1061,432,0,0,0,0
1062,432,0,0,0,0
1063,432,0,0,0,0
1064,432,0,0,0,0
1065,432,0,0,0,0
1066,432,1,0,0,0
1067,432,0,1,0,0
1068,432,0,0,0,0
1069,432,0,0,0,0
1070,432,0,0,0,0
1071,432,0,0,0,0
1072,432,0,0,0,0
1073,432,1,0,0,0
1074,432,0,0,0,0
1075,432,0,0,0,0
1076,432,0,0,0,0
1077,432,0,0,0,0
1078,432,0,0,0,0
1079,432,0,0,0,0
1080,432,0,0,0,0
1081,432,0,0,0,0
1082,432,0,0,0,0
1083,432,0,0,0,0
1084,432,1,0,0,0
1085,432,0,0,0,0
1086,432,0,0,0,0
1087,432,0,0,0,0
1088,432,0,0,0,0
1089,432,0,0,0,0
1090,432,0,0,0,0
1091,432,0,0,0,0
1092,432,1,0,0,0
1093,432,0,0,0,0
1094,432,0,0,0,0
1095,432,0,0,0,0
1096,432,0,0,0,0
1097,432,0,0,0,0
1098,432,0,0,0,0
1099,432,0,0,0,0
1100,432,0,0,0,0
1101,432,0,0,0,0
1102,432,0,0,0,0
1103,432,1,0,0,0
1104,432,0,1,0,0
1105,432,0,0,0,0
1106,432,0,0,0,0
1107,432,0,0,0,0
1108,432,1,0,0,0
1109,432,0,0,0,0
1110,432,0,0,0,0
1111,432,0,0,0,0
1112,432,0,0,0,0
1113,432,0,0,0,0
1114,432,0,0,0,0
1115,432,0,0,0,0
1116,432,0,0,0,0
1117,432,0,0,1,0
1118,432,0,0,0,1
1119,432,0,0,0,1
1120,432,0,0,0,1
1121,432,0,0,0,1
1122,432,0,0,0,1
1123,432,0,0,0,1
1124,432,0,0,0,1
1125,432,0,0,0,1
1126,432,0,0,0,1
1127,432,0,0,0,1
1128,432,0,0,0,1
1129,432,0,0,0,1
1130,432,0,0,0,1
1131,432,1,0,0,0
1132,432,0,1,0,0
1133,432,0,0,0,0
1134,432,0,0,0,0
1135,432,0,0,0,0
1136,432,0,0,0,0
1137,432,0,0,0,0
1138,432,0,0,0,0
1139,432,0,0,0,0
1140,432,0,0,0,0
1141,432,0,0,0,0
1142,432,0,0,0,0
1143,432,0,0,0,0
1144,432,0,0,0,0
1145,432,0,0,0,0
1146,432,0,0,0,0
1147,432,0,0,0,0
1148,432,0,0,0,0
1149,432,0,0,0,0
1150,432,0,0,0,0
1151,432,0,0,0,0
1152,432,0,0,0,0
1153,432,0,0,0,0
1154,432,0,0,0,0
1155,432,0,0,0,0
1156,432,0,0,0,0
1157,432,0,0,0,0
1158,432,1,0,0,0
1159,432,0,0,0,0
1160,432,0,0,0,0
1161,432,0,0,0,0
1162,432,0,0,0,0
1163,432,0,0,0,0
1164,432,0,0,0,0
1165,432,0,0,0,0
1166,432,0,0,0,0
1167,432,0,0,0,0
1168,432,0,0,0,0
1169,432,0,0,0,0
1170,432,0,0,0,0
1171,432,0,0,0,0
1172,432,0,0,0,0
1173,432,0,0,0,0
1174,432,0,0,0,0
1175,432,0,0,0,0
1176,432,0,0,0,0
1177,432,0,0,0,0
1178,432,0,0,0,0
1179,432,1,0,0,0
1180,432,0,1,0,0
1181,432,0,0,0,0
1182,432,1,0,0,0
1183,432,0,0,0,0
1184,432,0,0,0,0
1185,432,0,0,0,0
1186,432,0,0,0,0
1187,432,0,0,0,0
1188,432,1,0,0,0
1189,432,0,0,0,0
1190,432,0,0,0,0
1191,432,0,0,0,0
1192,432,0,0,0,0
1193,432,0,0,0,0
1194,432,0,0,0,0
1195,432,0,0,0,0
1196,432,0,0,0,0
1197,432,0,0,0,0
1198,432,1,0,0,0
1199,432,0,0,0,0
1200,432,0,0,0,0
1201,432,0,0,0,0
1202,432,0,0,0,0
1203,432,0,0,0,0
1204,432,0,0,0,0
1205,432,0,0,0,0
1206,432,0,0,0,0
1207,432,0,0,0,0
1208,432,0,0,0,0
1209,432,1,0,0,0
1210,432,0,0,0,0
1211,432,0,0,0,0
1212,432,0,0,0,0
1213,432,0,0,0,0
1214,432,0,0,0,0
1215,432,0,0,0,0
1216,432,0,0,0,0
1217,432,0,0,0,0
1218,432,0,0,0,0
1219,432,0,0,0,0
1220,432,0,0,0,0
1221,432,0,0,0,0
1222,432,0,0,0,0
1223,432,0,0,0,0
1224,432,1,0,0,0
1225,432,0,0,0,0
1226,432,0,0,0,0
1227,432,0,0,0,0
1228,432,0,0,0,0
1229,432,0,0,0,0
1230,432,0,0,0,0
1231,432,0,0,0,0
1232,432,0,0,0,0
1233,432,0,0,0,0
1234,432,0,0,0,0
1235,432,0,0,0,0
1236,432,0,0,0,0
1237,432,0,0,0,0
1238,432,0,0,0,0
1239,432,0,0,0,0
1240,432,0,0,0,0
1241,432,0,0,0,0
1242,432,0,0,0,0
1243,432,0,0,0,0
1244,432,0,0,0,0
1245,432,0,0,0,0
1246,432,0,0,0,0
1247,432,0,0,0,0
1248,432,0,0,0,0
1249,432,0,0,0,0
1250,432,0,0,0,0
1251,432,0,0,0,0
1252,432,0,0,0,0
1253,432,0,0,0,0
1254,432,0,0,0,0
1255,432,0,0,0,0
1256,432,0,0,0,0
1257,432,0,0,0,0
1258,432,0,0,0,0
1259,432,0,0,0,0
1260,432,0,0,0,0
1261,432,0,0,0,0
1262,432,0,0,0,0
1263,432,0,0,0,0
1264,432,0,0,0,0
1265,432,0,0,0,0
1266,432,0,0,0,0
1267,432,0,0,0,0
1268,432,0,0,0,0
1269,432,0,0,0,0
1270,432,0,0,0,0
1271,432,0,0,0,0
1272,432,0,0,0,0
1273,432,0,0,0,0
1274,432,0,0,0,0
1275,432,0,0,0,0
1276,432,0,0,0,0
1277,432,1,0,0,0
1278,432,0,0,0,0
1279,432,0,0,0,0
1280,432,0,0,0,0
1281,432,0,0,0,0
1282,432,0,0,0,0
1283,432,0,0,0,0
1284,432,0,0,0,0
1285,432,0,0,0,0
1286,432,0,0,0,0
1287,432,0,0,0,0
1288,432,0,0,0,0
1289,432,0,0,0,0
1290,432,0,0,0,0
1291,432,1,0,0,0
1292,432,0,0,0,0
1293,432,0,0,0,0
1294,432,0,0,0,0
1295,432,0,0,0,0
1296,432,0,0,0,0
1297,432,0,0,0,0
1298,432,1,0,0,0
1299,432,0,1,0,0
1300,432,0,0,0,0
1301,432,0,0,0,0
1302,432,0,0,0,0
1303,432,0,0,0,0
1304,432,0,0,0,0
1305,432,0,0,0,0
1306,432,0,0,0,0
1307,432,0,0,0,0
1308,432,0,0,0,0
1309,432,0,0,0,0
1310,432,0,0,0,0
1311,432,0,0,0,0
1312,432,0,0,0,0
1313,432,0,0,0,0
1314,432,0,0,0,0
1315,432,0,0,0,0
1316,432,1,0,0,0
1317,432,0,0,0,0
1318,432,0,0,0,0
1319,432,0,0,0,0
1401,942,0,0,0,0
1402,942,0,0,0,0
1403,942,0,0,0,0
1404,942,0,0,0,0
1405,942,0,0,0,0
1406,942,0,0,0,0
1407,942,0,0,0,0
1408,942,0,0,0,0
1409,942,0,0,0,0
1410,942,0,0,0,0
1411,942,0,0,0,0
1412,942,0,0,0,0
1413,942,0,0,0,0
1414,942,0,0,0,0
1415,942,0,0,0,0
1416,942,0,0,0,0
1417,942,0,0,0,0
1418,942,0,0,0,0
1419,942,0,0,0,0
1420,942,0,0,0,0
1421,942,0,0,0,0
1422,942,0,0,0,0
1423,942,0,0,0,0
1424,942,0,0,0,0
1425,942,0,0,0,0
1426,942,0,0,0,0
1427,942,0,0,0,0
1428,942,0,0,0,0
1429,942,0,0,0,0
1430,942,0,0,0,0
1431,942,0,0,0,0
1432,942,0,0,0,0
1433,942,0,0,0,0
1434,942,0,0,0,0
1435,942,0,0,0,0
1436,942,0,0,0,0
1437,942,0,0,0,0
1438,942,0,0,0,0
1439,942,0,0,0,0
1440,942,0,0,0,0
1441,942,0,0,0,0
1442,942,0,0,0,0
1443,942,0,0,0,0
1444,942,0,0,0,0
1445,942,0,0,0,0
1446,942,0,0,0,0
1447,942,0,0,0,0
1448,942,0,0,0,0
1449,942,0,0,0,0
1450,942,0,0,0,0
1451,942,0,0,0,0
1452,942,0,0,0,0
1453,942,0,0,0,0
1454,942,0,0,0,0
1455,942,0,0,0,0
1456,942,0,0,0,0
1457,942,0,0,0,0
1458,942,0,0,0,0
1459,942,0,0,0,0
1460,942,1,0,0,0
1461,942,0,0,0,0
1462,942,0,0,0,0
1463,942,1,0,0,0
1464,942,0,0,0,0
1465,942,0,0,0,0
1466,942,0,0,0,0
1467,942,1,0,0,0
1468,942,1,0,0,0
1469,942,0,0,0,0
1470,942,0,0,0,0
1471,942,0,0,0,0
1472,942,0,0,0,0
1473,942,0,0,0,0
1474,942,0,0,0,0
1475,942,0,0,0,0
1476,942,0,0,0,0
1477,942,0,0,0,0
1478,942,0,0,0,0
1479,942,0,0,0,0
1480,942,1,0,0,0
1481,942,0,0,0,0
1482,942,0,0,0,0
1483,942,0,0,0,0
1484,942,0,0,0,0
1485,942,0,0,0,0
1486,942,0,0,0,0
1487,942,0,0,0,0
1488,942,0,0,0,0
1489,942,0,0,0,0
1490,942,0,0,0,0
1491,942,0,0,0,0
1492,942,0,0,0,0
1493,942,0,0,0,0
1494,942,0,0,0,0
1495,942,0,0,0,0
1496,942,0,0,0,0
1497,942,0,0,0,0
1498,942,0,0,0,0
1499,942,0,0,0,0
1500,942,0,0,0,0
1501,942,0,0,0,0
1502,942,0,0,0,0
1503,942,0,0,0,0
1504,942,0,0,0,0
1505,942,0,0,0,0
1506,942,0,0,0,0
1507,942,0,0,0,0
1508,942,0,0,0,0
1509,942,0,0,0,0
1510,942,0,0,0,0
1511,942,0,0,0,0
1512,942,0,0,0,0
1513,942,0,0,0,0
1514,942,0,0,0,0
1515,942,0,0,0,0
1516,942,0,0,0,0
1517,942,1,0,0,0
1518,942,0,0,0,0
1519,942,0,0,0,0
1520,942,0,0,0,0
1521,942,0,0,0,0
1522,942,0,0,0,0
1523,942,0,0,0,0
1524,942,0,0,0,0
1525,942,0,0,0,0
1526,942,0,0,0,0
1527,942,0,0,0,0
1528,942,0,0,0,0
1529,942,0,0,0,0
1530,942,0,0,0,0
1531,942,0,0,0,0
1532,942,0,0,0,0
1533,942,0,0,0,0
1534,942,0,0,0,0
1535,942,0,0,0,0
1536,942,0,0,0,0
1537,942,0,0,0,0
1538,942,1,0,0,0
1539,942,0,0,0,0
1540,942,0,0,0,0
1541,942,0,0,0,0
1542,942,0,0,0,0
1543,942,0,0,0,0
1544,942,0,0,0,0
1545,942,1,0,0,0
1546,942,0,0,0,0
1547,942,0,0,0,0
1548,942,0,0,0,0
1549,942,0,0,0,0
1550,942,0,0,0,0
1551,942,0,0,0,0
1552,942,0,0,0,0
1553,942,1,0,0,0
1554,942,0,0,0,0
1555,942,0,0,0,0
1556,942,0,0,0,0
1557,942,1,0,0,0
1558,942,0,0,0,0
1559,942,0,0,0,0
1560,942,0,0,0,0
1561,942,1,0,0,0
1562,942,0,0,0,0
1563,942,1,0,0,0
1564,942,0,0,0,0
1565,942,1,0,0,0
1566,942,0,0,0,0
1567,942,0,0,0,0
1568,942,1,0,0,0
1569,942,1,0,0,0
1570,942,0,0,0,0
1571,942,0,0,0,0
1572,942,1,0,0,0
1573,942,0,1,0,0
1574,942,0,0,0,0
1575,942,1,0,0,0
1576,942,0,0,0,0
1577,942,0,0,0,0
1578,942,1,0,0,0
1579,942,0,0,0,0
1580,942,1,0,0,0
1581,942,0,0,0,0
1582,942,1,0,0,0
1583,942,1,0,0,0
1584,942,0,0,0,0
1585,942,0,0,0,0
1586,942,0,0,0,0
1587,942,0,0,0,0
1588,942,1,0,0,0
1589,942,0,0,0,0
1590,942,1,0,0,0
1591,942,0,0,0,0
1592,942,0,0,0,0
1593,942,1,0,0,0
1594,942,0,0,0,0
1595,942,0,0,0,0
1596,942,0,0,0,0
1597,942,0,0,0,0
1598,942,1,0,0,0
1599,942,0,0,0,0
1600,942,0,0,0,0
1601,942,0,0,0,0
1602,942,0,0,0,0
1603,942,0,0,0,0
1604,942,1,0,0,0
1605,942,0,0,0,0
1606,942,0,0,0,0
1607,942,0,0,0,0
1608,942,0,0,0,0
1609,942,0,0,0,0
1610,942,0,0,0,0
1611,942,0,0,0,0
1612,942,0,0,0,0
1613,942,0,0,0,0
1614,942,1,0,0,0
1615,942,0,0,0,0
1616,942,0,0,0,0
1617,942,0,0,0,0
1618,942,0,0,0,0
1619,942,0,0,0,0
1620,942,1,0,0,0
1621,942,0,1,0,0
1622,942,0,0,0,0
1623,942,0,0,0,0
1624,942,0,0,0,0
1625,942,0,0,0,0
1626,942,0,0,0,0
1627,942,1,0,0,0
1628,942,0,0,0,0
1629,942,0,0,0,0
1630,942,0,0,0,0
1631,942,0,0,0,0
1632,942,1,0,0,0
1633,942,1,0,0,0
1634,942,0,0,0,0
1635,942,0,0,0,0
1636,942,0,0,0,0
1637,942,0,0,0,0
1638,942,0,0,0,0
1639,942,0,0,0,0
1640,942,1,0,0,0
1641,942,0,0,0,0
1642,942,0,0,0,0
1643,942,0,0,0,0
1644,942,1,0,0,0
1645,942,0,0,0,0
1646,942,0,0,0,0
1647,942,0,0,0,0
1648,942,0,0,0,0
1649,942,1,0,0,0
1650,942,0,0,0,0
1651,942,0,0,0,0
1652,942,0,0,0,0
1653,942,1,0,0,0
1654,942,0,0,0,0
1655,942,0,0,0,0
1656,942,0,0,0,0
1657,942,0,0,0,0
1658,942,0,0,0,0
1659,942,0,0,0,0
1660,942,0,0,0,0
1661,942,1,0,0,0
1662,942,0,0,0,0
1663,942,0,0,0,0
1664,942,0,0,0,0
1665,942,0,0,0,0
1666,942,0,0,0,0
1667,942,0,0,0,0
1668,942,1,0,0,0
1669,942,0,0,0,0
1670,942,1,0,0,0
1671,942,0,0,0,0
1672,942,0,0,0,0
1673,942,0,0,0,0
1674,942,0,0,0,0
1675,942,1,0,0,0
1676,942,0,0,0,0
1677,942,1,0,0,0
1678,942,0,0,0,0
1679,942,0,0,0,0
1680,942,0,0,0,0
1681,942,0,0,0,0
1682,942,0,0,0,0
1683,942,1,0,0,0
1684,942,0,1,0,0
1685,942,0,0,0,0
1686,942,0,0,0,0
1687,942,0,0,0,0
1688,942,0,0,0,0
1689,942,1,0,0,0
1690,942,0,0,0,0
1691,942,0,0,0,0
1692,942,0,0,0,0
1693,942,1,0,0,0
1694,942,0,0,0,0
1695,942,0,0,0,0
1696,942,0,0,0,0
1697,942,0,0,0,0
1698,942,1,0,0,0
1699,942,0,0,0,0
2804,171,0,0,0,0
2805,171,0,0,0,0
2806,171,0,0,0,0
2807,171,0,0,0,0
2808,171,0,0,0,0
2809,171,0,0,0,0
2810,171,1,0,0,0
2811,171,0,0,0,0
2812,171,0,0,0,0
2813,171,0,0,0,0
2814,171,0,0,0,0
2815,171,0,0,0,0
2816,171,0,0,0,0
2817,171,0,0,0,0
2818,171,0,0,0,0
2819,171,0,0,0,0
2820,171,0,0,0,0
2821,171,0,0,0,0
2822,171,0,0,0,0
2823,171,0,0,0,0
2824,171,0,0,0,0
2825,171,0,0,0,0
2826,171,0,0,0,0
2827,171,0,0,0,0
2828,171,0,0,0,0
2829,171,0,0,0,0
2830,171,0,0,0,0
2831,171,0,0,0,0
2832,171,0,0,0,0
2833,171,1,0,0,0
2834,171,0,0,0,0
2835,171,0,0,0,0
2836,171,0,0,0,0
2837,171,0,0,0,0
2838,171,0,0,0,0
2839,171,1,0,0,0
2840,171,0,1,0,0
2841,171,1,0,0,0
2842,171,0,0,0,0
2843,171,0,0,0,0
2844,171,0,0,0,0
2845,171,0,0,0,0
2846,171,1,0,0,0
2847,171,0,0,0,0
2848,171,0,0,0,0
2849,171,1,0,0,0
2850,171,0,0,0,0
2851,171,0,0,0,0
2852,171,1,0,0,0
2853,171,0,1,0,0
2854,171,0,0,0,0
2855,171,1,0,0,0
2856,171,1,0,0,0
2857,171,0,0,0,0
2858,171,1,0,0,0
2859,171,1,0,0,0
2860,171,0,0,0,0
2861,171,0,0,0,0
2862,171,1,0,0,0
2863,171,0,1,0,0
2864,171,0,0,0,0
2865,171,0,0,0,0
2866,171,1,0,0,0
2867,171,0,0,0,0
2868,171,0,0,0,0
2869,171,0,0,0,0
2870,171,0,0,0,0
2871,171,1,0,0,0
2872,171,1,0,0,0
2873,171,0,1,0,0
2874,171,0,0,0,0
2875,171,1,0,0,0
2876,171,0,1,0,0
2877,171,0,0,0,0
2878,171,0,0,0,0
2879,171,0,0,0,0
2880,171,0,0,0,0
2881,171,1,0,0,0
2882,171,0,1,0,0
2883,171,0,0,0,0
2884,171,0,0,0,0
2885,171,0,0,0,0
2886,171,0,0,0,0
2887,171,1,0,0,0
2888,171,0,0,0,0
2889,171,0,0,0,0
2890,171,0,0,0,0
2891,171,0,0,0,0
2892,171,0,0,0,0
2893,171,1,0,0,0
2894,171,0,0,0,0
2895,171,0,0,0,0
2896,171,1,0,0,0
2897,171,0,0,0,0
2898,171,0,0,0,0
2899,171,0,0,0,0
2900,171,0,0,0,0
2901,171,0,0,0,0
2902,171,0,0,0,0
2903,171,0,0,0,0
2904,171,0,0,0,0
2905,171,0,0,0,0
2906,171,0,0,0,0
2907,171,0,0,0,0
2908,171,0,0,0,0
2909,171,0,0,1,0
2910,171,0,0,0,0
2911,171,0,0,0,0
2912,171,0,0,0,0
2913,171,0,0,0,0
2914,171,0,0,0,0
2915,171,0,0,0,0
2916,171,0,0,0,0
2917,171,0,0,0,0
2918,171,1,0,0,0
2919,171,0,1,0,0
2920,171,0,0,0,0
2921,171,0,0,0,0
2922,171,0,0,0,0
2923,171,0,0,0,0
2924,171,0,0,0,0
2925,171,0,0,0,0
2926,171,0,0,0,0
2927,171,0,0,0,0
2928,171,0,0,0,0
2929,171,0,0,0,0
2930,171,0,0,0,0
2931,171,0,0,0,0
2932,171,0,0,0,0
2933,171,0,0,0,0
2934,171,0,0,0,0
2935,171,0,0,0,0
2936,171,0,0,0,0
2937,171,0,0,0,0
2938,171,1,0,0,0
2939,171,1,0,0,0
2940,171,0,0,0,0
2941,171,0,0,0,0
2942,171,0,0,0,0
2943,171,0,0,0,0
2944,171,0,0,0,0
2945,171,0,0,0,0
2946,171,0,0,0,0
2947,171,0,0,0,0
2948,171,0,0,0,0
2949,171,0,0,0,0
2950,171,0,0,0,0
2951,171,0,0,0,0
2952,171,0,0,0,0
2953,171,0,0,0,0
2954,171,0,0,0,0
2955,171,0,0,0,0
2956,171,0,0,0,0
2957,171,0,0,0,0
2958,171,0,0,0,0
2959,171,0,0,0,0
2960,171,0,0,0,0
2961,171,0,0,0,0
2962,171,0,0,0,0
2963,171,0,0,0,0
2964,171,0,0,0,0
2965,171,0,0,0,0
2966,171,0,0,0,0
2967,171,0,0,0,0
2968,171,0,0,0,0
2969,171,0,0,0,0
2970,171,0,0,0,0
2971,171,0,0,0,0
2972,171,0,0,0,0
2973,171,0,0,0,0
2974,171,0,0,0,0
2975,171,0,0,0,0
2976,171,0,0,0,0
2977,171,0,0,0,0
2978,171,0,0,0,0
2979,171,0,0,0,0
2980,171,0,0,0,0
2981,171,0,0,0,0
2982,171,0,0,0,0
2983,171,0,0,0,0
2984,171,0,0,0,0
2985,171,0,0,0,0
2986,171,0,0,0,0
2987,171,0,0,0,0
2988,171,0,0,0,0
2989,171,0,0,0,0
2990,171,0,0,0,0
2991,171,0,0,0,0
2992,171,0,0,0,0
2993,171,0,0,0,0
2994,171,0,0,0,0
2995,171,0,0,0,0
2996,171,0,0,0,0
2997,171,0,0,0,0
2998,171,0,0,0,0
2999,171,0,0,0,0
3000,171,0,0,0,0
3001,171,0,0,0,0
3002,171,0,0,0,0
3003,171,0,0,0,0
3004,171,0,0,0,0
3005,171,0,0,0,0
3006,171,0,0,0,0
3007,171,0,0,0,0
3008,171,0,0,0,0
3009,171,0,0,0,0
3010,171,0,0,0,0
3011,171,0,0,0,0
3012,171,0,0,0,0
3013,171,0,0,0,0
3014,171,0,0,0,0
3015,171,0,0,0,0
3016,171,0,0,0,0
3017,171,0,0,0,0
3018,171,0,0,0,0
3019,171,0,0,0,0
3020,171,0,0,0,0
3021,171,0,0,0,0
3022,171,0,0,0,0
3023,171,0,0,0,0
3024,171,0,0,0,0
3025,171,0,0,0,0
3026,171,0,0,0,0
3027,171,0,0,0,0
3028,171,0,0,0,0
3029,171,0,0,0,0
3030,171,0,0,0,0
3031,171,0,0,0,0
3032,171,0,0,0,0
3033,171,0,0,0,0
3034,171,0,0,0,0
3035,171,0,0,0,0
3036,171,0,0,0,0
3037,171,0,0,0,0
3038,171,0,0,0,0
3039,171,0,0,0,0
3040,171,0,0,0,0
3041,171,0,0,0,0
3042,171,0,0,0,0
3043,171,0,0,0,0
3044,171,0,0,0,0
3045,171,0,0,0,0
3046,171,0,0,0,0
3047,171,0,0,0,0
3048,171,0,0,0,0
3049,171,0,0,0,0
3050,171,0,0,0,0
3051,171,0,0,0,0
3052,171,0,0,0,0
3053,171,0,0,0,0
3054,171,0,0,0,0
3055,171,0,0,0,0
3056,171,0,0,0,0
3057,171,0,0,0,0
3058,171,0,0,0,0
3059,171,0,0,0,0
3060,171,0,0,0,0
3061,171,0,0,0,0
3062,171,0,0,0,0
3063,171,0,0,0,0
3064,171,0,0,0,0
3065,171,0,0,0,0
3066,171,0,0,0,0
3067,171,0,0,0,0
3068,171,0,0,0,0
3069,171,0,0,0,0
3070,171,0,0,0,0
3071,171,0,0,0,0
3072,171,0,0,0,0
3073,171,0,0,0,0
3074,171,0,0,0,0
3075,171,0,0,0,0
3076,171,0,0,0,0
3077,171,0,0,0,0
3078,171,0,0,0,0
3079,171,0,0,0,0
3080,171,0,0,0,0
3081,171,0,0,0,0
3082,171,0,0,0,0
3083,171,0,0,0,0
3084,171,0,0,0,0
3085,171,0,0,0,0
3086,171,0,0,0,0
3087,171,0,0,0,0
3088,171,0,0,0,0
3089,171,0,0,0,0
3090,171,0,0,0,0
3091,171,0,0,0,0
3092,171,0,0,0,0
3093,171,0,0,0,0
3094,171,0,0,0,0
3095,171,0,0,0,0
3096,171,0,0,0,0
3097,171,0,0,0,0
3098,171,0,0,0,0
3099,171,0,0,0,0
3100,171,0,0,0,0
3101,171,0,0,0,0
3102,171,0,0,0,0
3103,171,0,0,0,0
3104,171,0,0,0,0
3105,171,0,0,0,0
3106,171,0,0,0,0
3107,171,0,0,0,0
3108,171,0,0,0,0
3109,171,0,0,0,0
3110,171,0,0,0,0
3111,171,0,0,0,0
3112,171,0,0,0,0
3113,171,1,0,0,0
3114,171,0,0,0,0
3115,171,0,0,0,0
3116,171,0,0,0,0
3117,171,1,0,0,0
3118,171,0,0,0,0
3119,171,0,0,0,0
3120,171,0,0,0,0
3121,171,0,0,0,0
3122,171,1,0,0,0
3123,171,1,0,0,0
3124,171,1,0,0,0
3125,171,0,0,0,0
3126,171,0,0,0,0
3127,171,1,0,0,0
3128,171,0,0,0,0
3129,171,0,0,0,0
3130,171,0,0,0,0
3131,171,0,0,0,0
3132,171,0,0,0,0
3133,171,0,0,0,0
3134,171,0,0,0,0
3135,171,0,0,0,0
3136,171,0,0,0,0
3137,171,0,0,0,0
3138,171,0,0,0,0
3139,171,0,0,0,0
3140,171,0,0,0,0
3141,171,1,0,0,0
3142,171,1,0,0,0
3143,171,0,1,0,0
3144,171,1,0,0,0
3145,171,1,0,0,0
3146,171,0,0,0,0
3147,171,0,0,0,0
3148,171,1,0,0,0
3149,171,0,0,0,0
3150,171,0,0,0,0
3151,171,0,0,0,0
3152,171,0,0,0,0
3153,171,0,0,0,0
3154,171,0,0,0,0
3155,171,0,0,0,0
3156,171,1,0,0,0
3157,171,1,0,0,0
3158,171,0,0,0,0
3159,171,1,0,0,0
3160,171,0,0,0,0
3161,171,0,0,0,0
3162,171,1,0,0,0
3163,171,0,1,0,0
3164,171,1,0,0,0
3165,171,0,1,0,0
3166,171,0,0,0,0
3167,171,1,0,0,0
3168,171,1,0,0,0
3169,171,1,0,0,0
3170,171,0,0,0,0
3171,171,1,0,0,0
3172,171,0,0,0,0
3173,171,1,0,0,0
3174,171,0,1,0,0
3175,171,0,0,0,0
3176,171,1,0,0,0
3177,171,0,1,0,0
3178,171,0,0,0,0
3179,171,0,0,0,0
3180,171,0,0,0,0
3181,171,1,0,0,0
3182,171,0,0,0,0
3183,171,1,0,0,0
3184,171,0,0,0,0
3185,171,0,0,0,0
3186,171,1,0,0,0
3187,171,0,1,0,0
3188,171,0,0,0,0
3189,171,0,0,0,0
3190,171,0,0,0,0
3191,171,0,0,0,0
3192,171,0,0,0,0
3193,171,1,0,0,0
3194,171,1,0,0,0
3195,171,0,0,0,0
3196,171,0,0,0,0
3197,171,1,0,0,0
3198,171,1,0,0,0
3199,171,0,0,0,0
3200,171,0,0,0,0
3201,171,1,0,0,0
3202,171,0,1,0,0
1000,964,0,0,0,0
1001,964,0,0,0,0
1002,964,0,0,0,0
1003,964,0,0,0,0
1004,964,0,0,0,0
1005,964,0,0,0,0
1006,964,0,0,0,0
1007,964,1,0,0,0
1008,964,0,0,0,0
1009,964,0,0,0,0
1010,964,1,0,0,0
1011,964,0,1,0,0
1012,964,0,0,0,0
1013,964,0,0,0,0
1014,964,0,0,0,0
1015,964,0,0,0,0
1016,964,1,0,0,0
1017,964,0,0,0,0
1018,964,0,0,0,0
1019,964,0,0,0,0
1020,964,0,0,0,0
1021,964,0,0,0,0
1022,964,0,0,0,0
1023,964,0,0,0,0
1024,964,0,0,0,0
1025,964,0,0,0,0
1026,964,0,0,0,0
1027,964,0,0,0,0
1028,964,1,0,0,0
1029,964,0,1,0,0
1030,964,0,0,0,0
1031,964,1,0,0,0
1032,964,0,0,0,0
1033,964,0,0,0,0
1034,964,1,0,0,0
1035,964,0,0,0,0
1036,964,0,0,0,0
1037,964,0,0,0,0
1038,964,0,0,0,0
1039,964,1,0,0,0
1040,964,0,1,0,0
1041,964,0,0,0,0
1042,964,0,0,0,0
1043,964,0,0,0,0
1044,964,0,0,0,0
1045,964,0,0,0,0
1046,964,1,0,0,0
1047,964,0,0,0,0
1048,964,0,0,0,0
1049,964,0,0,0,0
1050,964,0,0,0,0
1051,964,0,0,0,0
1052,964,0,0,0,0
1053,964,0,0,0,0
1054,964,0,0,0,0
1055,964,0,0,0,0
1056,964,0,0,0,0
1057,964,0,0,0,0
1058,964,0,0,0,0
1059,964,0,0,0,0
1060,964,0,0,0,0
1061,964,0,0,0,0
1062,964,0,0,0,0
1063,964,0,0,0,0
1064,964,0,0,0,0
1065,964,1,0,0,0
1066,964,0,1,0,0
1067,964,0,0,0,0
1068,964,0,0,0,0
1069,964,0,0,0,0
1070,964,0,0,0,0
1071,964,0,0,0,0
1072,964,0,0,0,0
1073,964,0,0,0,0
1074,964,0,0,0,0
1075,964,0,0,0,0
1076,964,0,0,0,0
1077,964,0,0,0,0
1078,964,0,0,0,0
1079,964,1,0,0,0
1080,964,0,1,0,0
1081,964,0,0,0,0
1082,964,0,0,0,0
1083,964,0,0,0,0
1084,964,0,0,0,0
1085,964,0,0,0,0
1086,964,0,0,0,0
1087,964,0,0,0,0
1088,964,0,0,0,0
1089,964,0,0,0,0
1090,964,1,0,0,0
1091,964,0,1,0,0
1092,964,0,0,0,0
1093,964,0,0,0,0
1094,964,0,0,0,0
1095,964,0,0,0,0
1096,964,0,0,0,0
1097,964,0,0,0,0
1098,964,0,0,0,0
1099,964,0,0,0,0
1100,964,0,0,0,0
1101,964,0,0,0,0
1102,964,0,0,0,0
1103,964,0,0,0,0
1104,964,0,0,0,0
1105,964,0,0,0,0
1106,964,1,0,0,0
1107,964,0,0,0,0
1108,964,0,0,0,0
1109,964,0,0,0,0
1110,964,0,0,0,0
1111,964,0,0,0,0
1112,964,0,0,0,0
1113,964,0,0,0,0
1114,964,0,0,0,0
1115,964,0,0,0,0
1116,964,0,0,0,0
1117,964,0,0,0,0
1118,964,1,0,0,0
1119,964,0,0,0,0
1120,964,1,0,0,0
1121,964,0,0,0,0
1122,964,0,0,0,0
1123,964,0,0,0,0
1124,964,1,0,0,0
1125,964,0,0,0,0
1126,964,0,0,0,0
1127,964,0,0,0,0
1128,964,0,0,0,0
1129,964,0,0,0,0
1130,964,0,0,0,0
1131,964,1,0,0,0
1132,964,0,0,0,0
1133,964,0,0,0,0
1134,964,0,0,0,0
1135,964,0,0,0,0
1136,964,0,0,0,0
1137,964,0,0,0,0
1138,964,0,0,0,0
1139,964,0,0,0,0
1140,964,0,0,0,0
1141,964,0,0,0,0
1142,964,0,0,0,0
1143,964,0,0,0,0
1144,964,1,0,0,0
1145,964,0,0,0,0
1146,964,0,0,0,0
1147,964,0,0,0,0
1148,964,0,0,0,0
1149,964,0,0,0,0
1150,964,0,0,0,0
1151,964,1,0,0,0
1152,964,0,1,0,0
1153,964,0,0,0,0
1154,964,0,0,0,0
1155,964,0,0,0,0
1156,964,0,0,0,0
1157,964,0,0,0,0
1158,964,1,0,0,0
1159,964,0,0,0,0
1160,964,1,0,0,0
1161,964,0,0,0,0
1162,964,0,0,0,0
1163,964,0,0,0,0
1164,964,0,0,0,0
1165,964,0,0,0,0
1166,964,1,0,0,0
1167,964,0,1,0,0
1168,964,0,0,0,0
1169,964,0,0,0,0
1170,964,0,0,0,0
1171,964,0,0,0,0
1172,964,0,0,0,0
1173,964,0,0,0,0
1174,964,0,0,0,0
1175,964,1,0,0,0
1176,964,0,1,0,0
1177,964,0,0,0,0
1178,964,0,0,0,0
1179,964,0,0,0,0
1180,964,0,0,0,0
1181,964,0,0,0,0
1182,964,0,0,0,0
1183,964,0,0,0,0
1184,964,0,0,0,0
1185,964,0,0,0,0
1186,964,0,0,0,0
1187,964,0,0,0,0
1188,964,0,0,0,0
1189,964,1,0,0,0
1190,964,0,1,0,0
1191,964,1,0,0,0
1192,964,0,0,0,0
1193,964,0,0,0,0
1194,964,1,0,0,0
1195,964,0,1,0,0
1196,964,0,0,0,0
1197,964,0,0,0,0
1198,964,0,0,0,0
1199,964,0,0,0,0
1200,964,0,0,0,0
1201,964,1,0,0,0
1202,964,0,1,0,0
1203,964,0,0,0,0
1204,964,1,0,0,0
1205,964,0,1,0,0
1206,964,0,0,0,0
1207,964,0,0,0,0
1208,964,0,0,0,0
1209,964,0,0,0,0
1210,964,0,0,0,0
1211,964,1,0,0,0
1212,964,0,0,0,0
1213,964,0,0,0,0
1214,964,1,0,0,0
1215,964,0,0,0,0
1216,964,0,0,0,0
1217,964,0,0,0,0
1218,964,0,0,0,0
1219,964,0,0,0,0
1220,964,1,0,0,0
1221,964,0,1,0,0
1222,964,0,0,0,0
1223,964,0,0,0,0
1224,964,0,0,0,0
1225,964,0,0,0,0
1226,964,0,0,0,0
1227,964,0,0,0,0
1228,964,1,0,0,0
1229,964,0,0,0,0
1230,964,0,0,0,0
1231,964,0,0,0,0
1232,964,0,0,0,0
1233,964,0,0,0,0
1234,964,0,0,0,0
1235,964,0,0,0,0
1236,964,0,0,0,0
1237,964,0,0,0,0
1238,964,0,0,0,0
1239,964,1,0,0,0
1240,964,0,0,0,0
1241,964,0,0,0,0
1242,964,0,0,0,0
1243,964,0,0,0,0
1244,964,0,0,0,0
1245,964,0,0,0,0
1246,964,1,0,0,0
1247,964,0,1,0,0
1248,964,1,0,0,0
1249,964,0,0,0,0
1250,964,0,0,0,0
1251,964,0,0,0,0
1252,964,0,0,0,0
1253,964,0,0,0,0
1254,964,0,0,0,0
1255,964,0,0,0,0
1256,964,0,0,0,0
1257,964,0,0,0,0
1258,964,0,0,0,0
1259,964,0,0,0,0
1260,964,0,0,0,0
1261,964,0,0,0,0
1262,964,0,0,0,0
1263,964,1,0,0,0
1264,964,0,0,0,0
1265,964,0,0,0,0
1266,964,0,0,0,0
1267,964,0,0,0,0
1268,964,0,0,0,0
1269,964,1,0,0,0
1270,964,0,0,0,0
1271,964,0,0,0,0
1272,964,0,0,0,0
1273,964,0,0,0,0
1274,964,1,0,0,0
1275,964,0,1,0,0
1276,964,0,0,0,0
1277,964,0,0,0,0
1278,964,0,0,0,0
1279,964,1,0,0,0
1280,964,1,0,0,0
1281,964,0,1,0,0
1282,964,0,0,0,0
1283,964,0,0,0,0
1284,964,0,0,0,0
1285,964,1,0,0,0
1286,964,0,0,0,0
1287,964,0,0,0,0
1288,964,0,0,0,0
1289,964,0,0,0,0
1290,964,0,0,0,0
1291,964,0,0,0,0
1292,964,1,0,0,0
1293,964,1,0,0,0
1294,964,0,0,0,0
1295,964,0,0,0,0
1296,964,0,0,0,0
1297,964,0,0,0,0
1298,964,0,0,0,0
1299,964,0,0,0,0
101,243,0,0,0,0
102,243,1,0,0,0
103,243,1,0,0,0
104,243,0,0,0,0
105,243,0,0,0,0
106,243,1,0,0,0
107,243,1,0,0,0
108,243,0,0,0,0
109,243,1,0,0,0
110,243,1,0,0,0
111,243,1,0,0,0
112,243,0,1,0,0
113,243,1,0,0,0
114,243,1,0,0,0
115,243,0,0,0,0
116,243,0,0,0,0
117,243,1,0,0,0
118,243,1,0,0,0
119,243,1,0,0,0
120,243,1,0,0,0
121,243,0,0,0,0
122,243,1,0,0,0
123,243,1,0,0,0
124,243,1,0,0,0
125,243,0,0,0,0
126,243,1,0,0,0
127,243,1,0,0,0
128,243,0,0,0,0
129,243,1,0,0,0
130,243,1,0,0,0
131,243,1,0,0,0
132,243,1,0,0,0
133,243,0,0,1,0
134,243,1,0,0,0
135,243,1,0,0,0
136,243,1,0,0,0
137,243,1,0,0,0
138,243,0,0,0,0
139,243,1,0,0,0
140,243,0,0,0,0
141,243,1,0,0,0
142,243,1,0,0,0
143,243,1,0,0,0
144,243,1,0,0,0
145,243,1,0,0,0
146,243,0,1,0,0
147,243,1,0,0,0
148,243,1,0,0,0
149,243,0,0,0,0
150,243,1,0,0,0
151,243,0,0,1,0
152,243,1,0,0,0
153,243,1,0,0,0
154,243,0,0,0,0
155,243,1,0,0,0
156,243,0,0,0,0
157,243,1,0,0,0
158,243,1,0,0,0
159,243,1,0,0,0
160,243,0,0,0,0
161,243,1,0,0,0
162,243,1,0,0,0
163,243,1,0,0,0
164,243,1,0,0,0
165,243,1,0,0,0
166,243,0,0,1,0
167,243,1,0,0,0
168,243,1,0,0,0
169,243,1,0,0,0
170,243,1,0,0,0
171,243,1,0,0,0
172,243,0,1,0,0
173,243,1,0,0,0
174,243,1,0,0,0
175,243,1,0,0,0
176,243,1,0,0,0
177,243,0,0,0,0
178,243,0,0,0,0
179,243,1,0,0,0
180,243,1,0,0,0
181,243,1,0,0,0
182,243,1,0,0,0
183,243,0,1,0,0
184,243,1,0,0,0
185,243,1,0,0,0
186,243,0,0,0,0
187,243,1,0,0,0
188,243,1,0,0,0
189,243,0,0,0,0
190,243,1,0,0,0
191,243,0,0,0,0
192,243,1,0,0,0
193,243,1,0,0,0
194,243,1,0,0,0
195,243,1,0,0,0
196,243,1,0,0,0
197,243,1,0,0,0
198,243,1,0,0,0
199,243,0,1,0,0
200,243,1,0,0,0
201,243,1,0,0,0
202,243,1,0,0,0
203,243,1,0,0,0
204,243,0,1,0,0
205,243,1,0,0,0
206,243,1,0,0,0
207,243,1,0,0,0
208,243,0,1,0,0
209,243,1,0,0,0
210,243,1,0,0,0
211,243,1,0,0,0
212,243,1,0,0,0
213,243,0,0,1,0
214,243,1,0,0,0
215,243,1,0,0,0
216,243,1,0,0,0
217,243,1,0,0,0
218,243,1,0,0,0
219,243,0,0,0,0
220,243,1,0,0,0
221,243,1,0,0,0
222,243,1,0,0,0
223,243,1,0,0,0
224,243,0,1,0,0
225,243,1,0,0,0
226,243,1,0,0,0
227,243,1,0,0,0
228,243,1,0,0,0
229,243,0,1,0,0
230,243,0,0,0,0
231,243,1,0,0,0
232,243,1,0,0,0
233,243,0,1,0,0
234,243,1,0,0,0
235,243,1,0,0,0
236,243,1,0,0,0
237,243,0,1,0,0
238,243,1,0,0,0
239,243,1,0,0,0
240,243,0,0,1,0
241,243,1,0,0,0
242,243,1,0,0,0
243,243,1,0,0,0
244,243,0,1,0,0
245,243,1,0,0,0
246,243,1,0,0,0
247,243,1,0,0,0
248,243,1,0,0,0
249,243,0,1,0,0
250,243,0,0,1,0
251,243,1,0,0,0
252,243,1,0,0,0
253,243,1,0,0,0
254,243,0,1,0,0
255,243,1,0,0,0
256,243,1,0,0,0
257,243,0,0,0,0
258,243,1,0,0,0
259,243,1,0,0,0
260,243,1,0,0,0
261,243,0,1,0,0
262,243,1,0,0,0
263,243,1,0,0,0
264,243,0,0,1,0
265,243,0,0,0,0
266,243,1,0,0,0
267,243,1,0,0,0
268,243,0,1,0,0
269,243,1,0,0,0
270,243,1,0,0,0
271,243,1,0,0,0
272,243,1,0,0,0
273,243,0,1,0,0
274,243,1,0,0,0
275,243,1,0,0,0
276,243,0,1,0,0
277,243,1,0,0,0
278,243,1,0,0,0
279,243,1,0,0,0
280,243,0,1,0,0
281,243,1,0,0,0
282,243,1,0,0,0
283,243,0,0,0,0
284,243,1,0,0,0
285,243,0,0,0,0
286,243,0,0,0,0
287,243,0,0,0,0
288,243,1,0,0,0
289,243,1,0,0,0
290,243,1,0,0,0
291,243,1,0,0,0
292,243,1,0,0,0
293,243,1,0,0,0
294,243,1,0,0,0
295,243,1,0,0,0
296,243,0,0,1,0
297,243,1,0,0,0
298,243,1,0,0,0
299,243,0,0,0,0
300,243,1,0,0,0
301,243,0,0,0,0
302,243,0,0,0,0
303,243,1,0,0,0
304,243,1,0,0,0
305,243,0,0,1,0
306,243,1,0,0,0
307,243,1,0,0,0
308,243,0,0,0,0
309,243,1,0,0,0
310,243,1,0,0,0
311,243,0,1,0,0
312,243,1,0,0,0
313,243,1,0,0,0
314,243,1,0,0,0
315,243,1,0,0,0
316,243,1,0,0,0
317,243,1,0,0,0
318,243,1,0,0,0
319,243,1,0,0,0
320,243,1,0,0,0
321,243,0,0,0,0
322,243,1,0,0,0
323,243,0,0,0,0
324,243,0,0,0,0
325,243,1,0,0,0
326,243,1,0,0,0
327,243,1,0,0,0
328,243,0,0,0,0
329,243,1,0,0,0
330,243,1,0,0,0
331,243,1,0,0,0
332,243,1,0,0,0
333,243,1,0,0,0
334,243,1,0,0,0
335,243,1,0,0,0
336,243,0,1,0,0
337,243,1,0,0,0
338,243,0,0,0,0
339,243,1,0,0,0
340,243,0,0,0,0
341,243,1,0,0,0
342,243,1,0,0,0
343,243,0,0,0,0
344,243,1,0,0,0
345,243,1,0,0,0
346,243,1,0,0,0
347,243,0,0,0,0
348,243,1,0,0,0
349,243,1,0,0,0
350,243,1,0,0,0
351,243,0,1,0,0
352,243,0,0,0,0
353,243,1,0,0,0
354,243,1,0,0,0
355,243,1,0,0,0
356,243,1,0,0,0
357,243,0,0,0,0
358,243,0,0,0,0
359,243,1,0,0,0
360,243,1,0,0,0
361,243,1,0,0,0
362,243,0,0,0,0
363,243,1,0,0,0
364,243,1,0,0,0
365,243,1,0,0,0
366,243,1,0,0,0
367,243,1,0,0,0
368,243,1,0,0,0
369,243,1,0,0,0
370,243,1,0,0,0
371,243,1,0,0,0
372,243,1,0,0,0
373,243,0,0,0,0
374,243,1,0,0,0
375,243,1,0,0,0
376,243,1,0,0,0
377,243,0,0,0,0
378,243,1,0,0,0
379,243,0,0,0,0
380,243,0,0,0,0
381,243,1,0,0,0
382,243,0,0,0,0
383,243,1,0,0,0
384,243,1,0,0,0
385,243,0,0,0,0
386,243,1,0,0,0
387,243,0,0,0,0
388,243,0,0,0,0
389,243,0,0,0,0
390,243,1,0,0,0
391,243,1,0,0,0
392,243,1,0,0,0
393,243,1,0,0,0
394,243,0,1,0,0
395,243,1,0,0,0
396,243,1,0,0,0
397,243,1,0,0,0
398,243,1,0,0,0
399,243,1,0,0,0
251,269,0,0,0,0
252,269,0,0,0,0
253,269,0,0,0,0
254,269,0,0,0,0
255,269,1,0,0,0
256,269,0,0,0,0
257,269,0,0,0,0
258,269,1,0,0,0
259,269,0,0,0,0
260,269,0,0,0,0
261,269,0,0,0,0
262,269,0,0,0,0
263,269,0,0,0,0
264,269,0,0,0,0
265,269,0,0,0,0
266,269,1,0,0,0
267,269,0,0,0,0
268,269,1,0,0,0
269,269,0,0,0,0
270,269,1,0,0,0
271,269,0,0,0,0
272,269,0,0,0,0
273,269,0,0,0,0
274,269,0,0,0,0
275,269,0,0,0,0
276,269,0,0,0,0
277,269,1,0,0,0
278,269,0,0,0,0
279,269,1,0,0,0
280,269,0,0,0,0
281,269,0,0,0,0
282,269,1,0,0,0
283,269,0,0,0,0
284,269,0,0,0,0
285,269,0,0,0,0
286,269,0,0,0,0
287,269,0,0,0,0
288,269,0,0,0,0
289,269,0,0,0,0
290,269,1,0,0,0
291,269,1,0,0,0
292,269,0,0,0,0
293,269,0,0,0,0
294,269,0,0,0,0
295,269,0,0,0,0
296,269,0,0,1,0
297,269,0,0,0,0
298,269,0,0,0,0
299,269,1,0,0,0
7301,725,0,0,0,0
7302,725,0,0,0,0
7303,725,0,0,0,0
7304,725,0,0,0,0
7305,725,0,0,0,0
7306,725,0,0,0,0
7307,725,0,0,1,0
7308,725,0,0,1,0
7309,725,0,0,1,0
7310,725,0,0,1,0
7311,725,0,0,1,0
7312,725,1,0,0,0
7313,725,0,0,0,0
7314,725,1,0,0,0
7315,725,0,0,0,0
7316,725,0,0,0,0
7317,725,1,0,0,0
7318,725,0,0,0,0
7319,725,0,0,0,0
7320,725,0,0,0,0
7321,725,0,0,0,0
7322,725,0,0,0,0
7323,725,0,0,0,0
7324,725,0,0,0,0
7325,725,0,0,0,0
7326,725,0,0,0,0
7327,725,1,0,0,0
7328,725,1,0,0,0
7329,725,1,0,0,0
7330,725,0,1,0,0
7331,725,0,0,0,0
7332,725,0,0,0,0
7333,725,0,0,0,0
7334,725,0,0,0,0
7335,725,0,0,0,0
7336,725,0,0,0,0
7337,725,0,0,0,0
7338,725,0,0,0,0
7339,725,0,0,0,0
7340,725,0,0,0,0
7341,725,0,0,0,0
7342,725,0,0,0,0
7343,725,0,0,0,0
7344,725,0,0,0,0
7345,725,1,0,0,0
7346,725,0,0,0,0
7347,725,0,0,0,0
7348,725,0,0,0,0
7349,725,0,0,0,0
7350,725,0,0,0,0
7351,725,0,0,0,0
7352,725,1,0,0,0
7353,725,0,0,0,0
7354,725,1,0,0,0
7355,725,1,0,0,0
7356,725,0,0,0,0
7357,725,0,0,0,0
7358,725,0,0,0,0
7359,725,0,0,0,0
7360,725,0,0,0,0
7361,725,0,0,0,0
7362,725,0,0,0,0
7363,725,0,0,0,0
7364,725,0,0,0,0
7365,725,0,0,0,0
7366,725,1,0,0,0
7367,725,0,0,0,0
7368,725,1,0,0,0
7369,725,0,0,0,0
7370,725,0,0,0,0
7371,725,0,0,0,0
7372,725,0,0,0,0
7373,725,0,0,0,0
7374,725,0,0,0,0
7375,725,0,0,0,0
7376,725,0,0,0,0
7377,725,0,0,0,0
7378,725,0,0,0,0
7379,725,0,0,0,0
7380,725,0,0,0,0
7381,725,1,0,0,0
7382,725,0,0,0,0
7383,725,0,0,0,0
7384,725,0,0,0,0
7385,725,0,0,0,0
7386,725,0,0,0,0
7387,725,0,0,0,0
7388,725,0,0,0,0
7389,725,0,0,0,0
7390,725,0,0,0,0
7391,725,0,0,0,0
7392,725,0,0,0,0
7393,725,0,0,0,0
7394,725,1,0,0,0
7395,725,0,0,0,0
7396,725,0,0,0,0
7397,725,0,0,0,0
7398,725,1,0,0,0
7399,725,0,0,0,0
7400,725,1,0,0,0
7401,725,0,0,0,0
7402,725,0,0,0,0
7403,725,1,0,0,0
7404,725,0,0,0,0
7405,725,1,0,0,0
7406,725,1,0,0,0
7407,725,0,0,0,0
7408,725,0,0,0,0
7409,725,0,0,0,0
7410,725,0,0,0,0
7411,725,0,0,0,0
7412,725,1,0,0,0
7413,725,0,0,0,0
7414,725,1,0,0,0
7415,725,0,0,0,0
7416,725,0,0,0,0
7417,725,0,0,0,0
7418,725,0,0,0,0
7419,725,0,0,0,0
7420,725,1,0,0,0
7421,725,0,0,0,0
7422,725,0,0,0,0
7423,725,0,0,0,0
7424,725,0,0,0,0
7425,725,0,0,0,0
7426,725,1,0,0,0
7427,725,1,0,0,0
7428,725,0,0,0,0
7429,725,0,0,0,0
7430,725,0,0,0,0
7431,725,0,0,0,0
7432,725,1,0,0,0
7433,725,0,0,0,0
7434,725,0,0,0,0
7435,725,0,0,0,0
7436,725,0,0,0,0
7437,725,0,0,0,0
7438,725,1,0,0,0
7439,725,0,0,0,0
7440,725,0,0,0,0
7441,725,0,0,0,0
7442,725,0,0,0,0
7443,725,1,0,0,0
7444,725,0,0,0,0
7445,725,0,0,0,0
7446,725,1,0,0,0
7447,725,0,1,0,0
7448,725,0,0,0,0
7449,725,1,0,0,0
7450,725,1,0,0,0
7451,725,0,1,0,0
7452,725,1,0,0,0
7453,725,0,0,1,0
7454,725,0,0,0,0
7455,725,1,0,0,0
7456,725,0,0,1,0
7457,725,0,0,0,0
7458,725,0,0,1,0
7459,725,1,0,0,0
7460,725,0,0,1,0
7461,725,0,0,0,0
7462,725,1,0,0,0
7463,725,0,1,0,0
7464,725,0,0,0,0
7465,725,0,0,1,0
7466,725,0,0,1,0
7467,725,0,0,0,0
7468,725,0,0,0,0
7469,725,0,0,0,0
7470,725,0,0,0,0
7471,725,0,0,0,0
7472,725,1,0,0,0
7473,725,0,1,0,0
7474,725,0,0,0,0
7475,725,0,0,0,0
7476,725,0,0,0,0
7477,725,0,0,0,0
7478,725,0,0,0,0
7479,725,0,0,0,0
7480,725,0,0,0,0
7481,725,1,0,0,0
7482,725,0,0,0,0
7483,725,0,0,0,0
7484,725,0,0,0,0
7485,725,0,0,0,0
7486,725,1,0,0,0
7487,725,0,0,0,0
7488,725,1,0,0,0
7489,725,0,0,1,0
7490,725,0,0,0,0
7491,725,0,0,0,1
7492,725,0,0,0,1
7493,725,0,0,0,1
7494,725,0,0,0,1
7495,725,0,0,0,0
7496,725,0,0,0,0
7497,725,0,0,0,0
7498,725,0,0,0,0
7499,725,0,0,0,1
7500,725,0,0,0,1
7501,725,0,0,0,1
7502,725,0,0,0,1
7503,725,0,0,0,1
7504,725,0,0,0,1
7505,725,0,0,0,1
7506,725,0,0,0,1
7507,725,0,0,0,1
7508,725,0,0,0,1
7509,725,0,0,0,1
7510,725,1,0,0,0
7511,725,0,1,0,0
7512,725,0,0,0,1
7513,725,0,0,0,1
7514,725,0,0,0,1
7515,725,0,0,0,1
7516,725,0,0,0,1
7517,725,0,0,0,1
7518,725,0,0,0,1
7519,725,0,0,0,1
7520,725,0,0,0,1
7521,725,0,0,0,1
7522,725,0,0,0,1
7523,725,0,0,0,1
7524,725,0,0,0,1
7525,725,0,0,0,1
7526,725,0,0,0,1
7527,725,0,0,0,1
7528,725,0,0,0,1
7529,725,0,0,0,1
7530,725,0,0,0,1
7531,725,0,0,0,1
7532,725,0,0,0,1
7533,725,0,0,0,1
7534,725,0,0,0,1
7535,725,1,0,0,0
7536,725,0,0,1,0
7537,725,0,0,0,0
7538,725,0,0,0,0
7539,725,0,0,0,0
7540,725,0,0,0,0
7541,725,0,0,0,1
7542,725,0,0,0,1
7543,725,0,0,0,1
7544,725,0,0,0,1
7545,725,0,0,0,1
7546,725,0,0,0,1
7547,725,0,0,0,1
7548,725,0,0,0,1
7549,725,0,0,0,1
7550,725,0,0,0,1
7551,725,0,0,0,1
7552,725,1,0,0,0
7553,725,0,1,0,0
7554,725,0,0,0,1
7555,725,0,0,0,1
7556,725,0,0,0,1
7557,725,0,0,0,0
7558,725,0,0,0,0
7559,725,0,0,0,0
7560,725,1,0,0,0
7561,725,1,0,0,0
7562,725,0,1,0,0
7563,725,0,0,0,0
7564,725,0,0,0,0
7565,725,0,0,0,0
7566,725,0,0,0,0
7567,725,1,0,0,0
7568,725,0,0,0,0
7569,725,0,0,0,0
7570,725,0,0,0,0
7571,725,0,0,0,0
7572,725,0,0,0,0
7573,725,1,0,0,0
7574,725,0,1,0,0
7575,725,1,0,0,0
7576,725,1,0,0,0
7577,725,0,0,0,0
7578,725,0,0,0,0
7579,725,1,0,0,0
7580,725,0,1,0,0
7581,725,1,0,0,0
7582,725,0,0,0,0
7583,725,0,0,0,0
7584,725,1,0,0,0
7585,725,0,0,0,0
7586,725,0,0,0,0
7587,725,1,0,0,0
7588,725,0,0,0,0
7589,725,0,0,0,0
7590,725,1,0,0,0
7591,725,1,0,0,0
7592,725,0,0,0,0
7593,725,0,0,0,0
7594,725,1,0,0,0
7595,725,1,0,0,0
7596,725,0,0,0,0
7597,725,1,0,0,0
7598,725,0,0,0,0
7599,725,0,0,0,0
18450,925,0,0,0,0
18451,925,0,0,0,0
18452,925,0,0,0,0
18453,925,0,0,0,0
18454,925,0,0,0,0
18455,925,0,0,0,0
18456,925,0,0,0,0
18457,925,0,0,0,0
18458,925,0,0,0,0
18459,925,0,0,0,0
18460,925,0,0,0,0
18461,925,0,0,0,0
18462,925,0,0,0,0
18463,925,0,0,0,0
18464,925,0,0,0,0
18465,925,0,0,0,0
18466,925,0,0,0,0
18467,925,0,0,0,0
18468,925,0,0,0,0
18469,925,0,0,0,0
18470,925,0,0,0,0
18471,925,0,0,0,0
18472,925,0,0,0,0
18473,925,0,0,0,0
18474,925,0,0,0,0
18475,925,0,0,0,0
18476,925,0,0,0,0
18477,925,0,0,0,0
18478,925,0,0,0,0
18479,925,0,0,0,0
18480,925,0,0,0,0
18481,925,0,0,0,0
18482,925,0,0,0,0
18483,925,0,0,0,0
18484,925,0,0,0,0
18485,925,0,0,0,0
18486,925,0,0,0,0
18487,925,0,0,0,0
18488,925,0,0,0,0
18489,925,0,0,0,0
18490,925,0,0,0,0
18491,925,0,0,0,0
18492,925,0,0,0,0
18493,925,0,0,0,0
18494,925,1,0,0,0
18495,925,0,0,0,0
18496,925,0,0,0,0
18497,925,0,0,0,0
18498,925,0,0,0,0
18499,925,1,0,0,0
18500,925,0,0,0,0
18501,925,0,0,0,0
18502,925,0,0,0,0
18503,925,0,0,0,0
18504,925,0,0,0,0
18505,925,0,0,0,0
18506,925,0,0,0,0
18507,925,0,0,0,0
18508,925,0,0,0,0
18509,925,0,0,0,0
18510,925,0,0,0,0
18511,925,0,0,0,0
18512,925,0,0,0,0
18513,925,0,0,0,0
18514,925,0,0,0,0
18515,925,0,0,0,0
18516,925,0,0,0,0
18517,925,0,0,0,0
18518,925,0,0,0,0
18519,925,0,0,0,0
18520,925,0,0,0,0
18521,925,0,0,0,0
18522,925,0,0,0,0
18523,925,0,0,0,0
18524,925,0,0,0,0
18525,925,0,0,0,0
18526,925,0,0,0,0
18527,925,0,0,0,0
18528,925,0,0,0,0
18529,925,0,0,0,0
18530,925,0,0,0,0
18531,925,1,0,0,0
18532,925,0,0,0,0
18533,925,0,0,0,0
18534,925,0,0,0,0
18535,925,0,0,0,0
18536,925,0,0,0,0
18537,925,0,0,0,0
18538,925,0,0,0,0
18539,925,0,0,0,0
18540,925,0,0,0,0
18541,925,0,0,0,0
18542,925,0,0,0,0
18543,925,0,0,0,0
18544,925,0,0,0,0
18545,925,0,0,0,0
18546,925,0,0,0,0
18547,925,0,0,0,0
18548,925,0,0,0,0
18549,925,0,0,0,0
18550,925,0,0,0,0
18551,925,0,0,0,0
18552,925,0,0,0,0
18553,925,0,0,0,0
18554,925,0,0,0,0
18555,925,1,0,0,0
18556,925,0,0,0,0
18557,925,0,0,0,0
18558,925,0,0,0,0
18559,925,1,0,0,0
18560,925,0,0,0,0
18561,925,0,0,0,0
18562,925,0,0,0,0
18563,925,0,0,0,0
18564,925,0,0,0,0
18565,925,0,0,0,0
18566,925,1,0,0,0
18567,925,1,0,0,0
18568,925,0,0,0,0
18569,925,0,0,0,0
18570,925,0,0,0,0
18571,925,0,0,0,0
18572,925,0,0,0,0
18573,925,0,0,0,0
18574,925,0,0,0,0
18575,925,1,0,0,0
18576,925,0,0,0,0
18577,925,0,0,0,0
18578,925,0,0,0,0
18579,925,1,0,0,0
18580,925,1,0,0,0
18581,925,0,0,0,0
18582,925,1,0,0,0
18583,925,1,0,0,0
18584,925,1,0,0,0
18585,925,1,0,0,0
18586,925,1,0,0,0
18587,925,0,0,0,0
18588,925,0,0,0,0
18589,925,0,0,0,0
18590,925,0,0,0,0
18591,925,1,0,0,0
18592,925,1,0,0,0
18593,925,0,0,0,0
18594,925,0,0,0,0
18595,925,1,0,0,0
18596,925,1,0,0,0
18597,925,0,0,0,0
18598,925,0,0,0,0
18599,925,0,0,0,0
18600,925,1,0,0,0
18601,925,0,0,0,0
18602,925,1,0,0,0
18603,925,1,0,0,0
18604,925,0,0,0,0
18605,925,0,0,0,0
18606,925,0,0,0,0
18607,925,0,0,0,0
18608,925,0,0,0,0
18609,925,1,0,0,0
18610,925,0,0,0,0
18611,925,0,0,0,0
18612,925,0,0,0,0
18613,925,0,0,0,0
18614,925,0,0,0,0
18615,925,0,0,0,0
18616,925,0,0,0,0
18617,925,0,0,0,0
18618,925,0,0,0,0
18619,925,0,0,0,0
18620,925,0,0,0,0
18621,925,0,0,0,0
18622,925,0,0,0,0
18623,925,0,0,0,0
18624,925,0,0,0,0
18625,925,0,0,0,0
18626,925,0,0,0,0
18627,925,0,0,0,0
18628,925,0,0,0,0
18629,925,0,0,0,0
18630,925,0,0,0,0
18631,925,0,0,0,0
18632,925,0,0,0,0
18633,925,0,0,0,0
18634,925,0,0,0,0
18635,925,0,0,0,0
18636,925,0,0,0,0
18637,925,0,0,0,0
18638,925,0,0,0,0
18639,925,0,0,0,0
18640,925,0,0,0,0
18641,925,0,0,0,0
18642,925,0,0,0,0
18643,925,0,0,0,0
18644,925,0,0,0,0
18645,925,0,0,0,0
18646,925,0,0,0,0
18647,925,0,0,0,0
18648,925,0,0,0,0
18649,925,0,0,0,0
18650,925,0,0,0,0
18651,925,0,0,0,0
18652,925,0,0,0,0
18653,925,0,0,0,0
18654,925,0,0,0,0
18655,925,0,0,0,0
18656,925,0,0,0,0
18657,925,1,0,0,0
18658,925,1,0,0,0
18659,925,0,0,0,0
18660,925,1,0,0,0
18661,925,0,1,0,0
18662,925,0,0,0,0
18663,925,0,0,0,0
18664,925,0,0,0,0
18665,925,0,0,0,0
18666,925,0,0,0,0
18667,925,0,0,0,0
18668,925,0,0,0,0
18669,925,1,0,0,0
18670,925,0,0,0,0
18671,925,1,0,0,0
18672,925,0,0,0,0
18673,925,0,0,0,0
18674,925,0,0,0,0
18675,925,1,0,0,0
18676,925,0,0,0,0
18677,925,0,0,0,0
18678,925,0,0,0,0
18679,925,0,0,0,0
18680,925,0,0,0,0
18681,925,0,0,0,0
18682,925,0,0,0,0
18683,925,0,0,0,0
18684,925,0,0,0,0
18685,925,0,0,0,0
18686,925,1,0,0,0
18687,925,0,0,0,0
18688,925,1,0,0,0
18689,925,0,0,0,0
18690,925,0,0,0,0
18691,925,0,0,0,0
18692,925,0,0,0,0
18693,925,0,0,0,0
18694,925,0,0,0,0
18695,925,0,0,0,0
18696,925,0,0,0,0
18697,925,0,0,0,0
18698,925,0,0,0,0
18699,925,0,0,0,0
18700,925,0,0,0,0
18701,925,0,0,0,0
18702,925,0,0,0,0
18703,925,0,0,0,0
18704,925,0,0,0,0
18705,925,0,0,0,0
18706,925,0,0,0,0
18707,925,0,0,0,0
18708,925,0,0,0,0
18709,925,0,0,0,0
18710,925,0,0,0,0
18711,925,0,0,0,0
18712,925,0,0,0,0
18713,925,0,0,0,0
18714,925,0,0,0,0
18715,925,0,0,0,0
18716,925,0,0,0,0
18717,925,0,0,0,0
18718,925,0,0,0,0
18719,925,0,0,0,0
18720,925,0,0,0,0
18721,925,0,0,0,0
18722,925,0,0,0,0
18723,925,0,0,0,0
18724,925,0,0,0,0
18725,925,0,0,0,0
18726,925,0,0,0,0
18727,925,0,0,0,0
18728,925,0,0,0,0
18729,925,0,0,0,0
18730,925,0,0,0,0
18731,925,0,0,0,0
18732,925,0,0,0,0
18733,925,0,0,0,0
18734,925,0,0,0,0
18735,925,0,0,0,0
18736,925,0,0,0,0
18737,925,0,0,0,0
18738,925,0,0,0,0
18739,925,0,0,0,0
18740,925,0,0,0,0
18741,925,0,0,0,0
18742,925,0,0,0,0
18743,925,0,0,0,0
18744,925,0,0,0,0
18745,925,0,0,0,0
18746,925,0,0,0,0
18747,925,0,0,0,0
18748,925,0,0,0,0
18749,925,0,0,0,0
1,794,1,0,0,0
2,794,0,0,0,0
3,794,1,0,0,0
4,794,1,0,0,0
5,794,0,0,0,0
6,794,0,0,0,0
7,794,0,0,0,0
8,794,0,0,0,0
9,794,1,0,0,0
10,794,0,0,0,0
11,794,0,0,0,0
12,794,0,0,0,0
13,794,0,0,0,0
14,794,0,0,0,0
15,794,1,0,0,0
16,794,0,0,0,0
17,794,0,0,0,0
18,794,1,0,0,0
19,794,0,0,0,0
20,794,1,0,0,0
21,794,0,0,0,0
22,794,0,0,0,0
23,794,1,0,0,0
24,794,1,0,0,0
25,794,0,0,0,0
26,794,0,0,0,0
27,794,1,0,0,0
28,794,0,0,0,0
29,794,0,0,0,0
30,794,0,0,0,0
31,794,1,0,0,0
32,794,0,0,0,0
33,794,0,0,0,0
34,794,1,0,0,0
35,794,0,0,0,0
36,794,0,0,0,0
37,794,0,0,0,0
38,794,0,0,0,0
39,794,0,0,0,0
40,794,1,0,0,0
41,794,1,0,0,0
42,794,1,0,0,0
43,794,0,0,0,0
44,794,0,0,0,0
45,794,0,0,0,0
46,794,0,0,0,0
47,794,1,0,0,0
48,794,1,0,0,0
49,794,0,0,0,0
50,794,0,0,0,0
51,794,1,0,0,0
52,794,0,0,0,0
53,794,0,0,0,0
54,794,0,0,0,0
55,794,0,0,0,0
56,794,0,0,0,0
57,794,1,0,0,0
58,794,0,0,0,0
59,794,0,0,0,0
60,794,0,0,0,0
61,794,1,0,0,0
62,794,0,0,0,0
63,794,0,0,0,0
64,794,0,0,0,0
65,794,1,0,0,0
66,794,0,0,0,0
67,794,0,0,0,0
68,794,0,0,0,0
69,794,0,0,0,0
70,794,1,0,0,0
71,794,0,0,0,0
72,794,0,0,0,0
73,794,0,0,0,0
74,794,1,0,0,0
75,794,0,0,0,0
76,794,0,0,0,0
77,794,0,0,0,0
78,794,0,0,0,0
79,794,1,0,0,0
80,794,0,0,0,0
81,794,1,0,0,0
82,794,0,0,0,0
83,794,0,0,0,0
84,794,1,0,0,0
85,794,0,0,0,0
86,794,0,0,0,0
87,794,1,0,0,0
88,794,0,0,0,0
89,794,1,0,0,0
90,794,0,0,0,0
91,794,1,0,0,0
92,794,0,0,0,0
93,794,1,0,0,0
94,794,0,0,0,0
95,794,1,0,0,0
96,794,0,0,0,0
97,794,0,0,0,0
98,794,1,0,0,0
99,794,0,0,0,0
100,794,1,0,0,0
101,794,1,0,0,0
102,794,0,0,0,0
103,794,0,0,0,0
104,794,0,0,0,0
105,794,0,0,0,0
106,794,0,0,0,0
107,794,0,0,0,0
108,794,0,0,0,0
109,794,1,0,0,0
110,794,0,0,0,0
111,794,0,0,0,0
112,794,0,0,0,0
113,794,1,0,0,0
114,794,0,0,0,0
115,794,0,0,0,0
116,794,0,0,0,0
117,794,0,0,0,0
118,794,1,0,0,0
119,794,0,0,0,0
120,794,0,0,0,0
121,794,0,0,0,0
122,794,0,0,0,0
123,794,0,0,0,0
124,794,1,0,0,0
125,794,0,0,0,0
126,794,1,0,0,0
127,794,1,0,0,0
128,794,0,0,0,0
129,794,0,0,0,0
130,794,1,0,0,0
131,794,1,0,0,0
132,794,0,0,0,0
133,794,0,0,0,0
134,794,0,0,0,0
135,794,0,0,0,0
136,794,0,0,0,0
137,794,0,0,0,0
138,794,0,0,0,0
139,794,0,0,0,0
140,794,0,0,0,0
141,794,0,0,0,0
142,794,0,0,0,0
143,794,0,0,0,0
144,794,1,0,0,0
145,794,0,0,0,0
146,794,0,0,0,0
147,794,0,0,0,0
148,794,1,0,0,0
149,794,0,0,0,0
150,794,0,0,0,0
151,794,0,0,0,0
152,794,0,0,0,0
153,794,0,0,0,0
154,794,0,0,0,0
155,794,0,0,0,0
156,794,0,0,0,0
157,794,0,0,0,0
158,794,1,0,0,0
159,794,0,0,0,0
160,794,0,0,0,0
161,794,0,0,0,0
162,794,1,0,0,0
163,794,0,0,0,0
164,794,0,0,0,0
165,794,0,0,0,0
166,794,0,0,0,0
167,794,0,0,0,0
168,794,0,0,0,0
169,794,0,0,0,0
170,794,0,0,0,0
171,794,1,0,0,0
172,794,0,1,0,0
173,794,0,0,0,0
174,794,0,0,0,0
175,794,0,0,0,0
176,794,1,0,0,0
177,794,0,0,0,0
178,794,1,0,0,0
179,794,0,0,0,0
180,794,1,0,0,0
181,794,0,0,0,0
182,794,0,0,0,0
183,794,0,0,0,0
184,794,1,0,0,0
185,794,0,0,0,0
186,794,0,0,0,0
187,794,1,0,0,0
188,794,0,0,0,0
189,794,0,0,0,0
190,794,0,0,0,0
191,794,0,0,0,0
192,794,0,0,0,0
193,794,1,0,0,0
194,794,0,0,0,0
195,794,0,0,0,0
196,794,1,0,0,0
197,794,0,0,0,0
198,794,0,0,0,0
199,794,0,0,0,0
200,794,1,0,0,0
201,794,0,0,0,0
202,794,1,0,0,0
203,794,0,0,0,0
204,794,0,0,0,0
205,794,0,0,0,0
206,794,0,0,0,0
207,794,0,0,0,0
208,794,0,0,0,0
209,794,0,0,0,0
210,794,0,0,0,0
211,794,0,0,0,0
212,794,0,0,0,0
213,794,0,0,0,0
214,794,0,0,0,0
215,794,0,0,0,0
216,794,0,0,0,0
217,794,0,0,0,0
218,794,0,0,0,0
219,794,0,0,0,0
220,794,0,0,0,0
221,794,0,0,0,0
222,794,0,0,0,0
223,794,0,0,0,0
224,794,1,0,0,0
225,794,0,0,0,0
226,794,0,0,0,0
227,794,0,0,0,0
228,794,0,0,0,0
229,794,0,0,0,0
230,794,0,0,0,0
231,794,0,0,0,0
232,794,0,0,0,0
233,794,1,0,0,0
234,794,0,0,0,0
235,794,0,0,0,0
236,794,0,0,0,0
237,794,0,0,0,0
238,794,0,0,0,0
239,794,0,0,0,0
240,794,0,0,0,0
241,794,0,0,0,0
242,794,0,0,0,0
243,794,0,0,0,0
244,794,0,0,0,0
245,794,0,0,0,0
246,794,0,0,0,0
247,794,0,0,0,0
248,794,0,0,0,0
249,794,0,0,0,0
250,794,0,0,0,0
251,794,1,0,0,0
252,794,0,0,0,0
253,794,0,0,0,0
254,794,0,0,0,0
255,794,0,0,0,0
256,794,1,0,0,0
257,794,0,0,0,0
258,794,0,0,0,0
259,794,0,0,0,0
260,794,0,0,0,0
261,794,1,0,0,0
262,794,0,0,0,0
263,794,0,0,0,0
264,794,0,0,0,0
265,794,0,0,0,0
266,794,0,0,0,0
267,794,0,0,0,0
268,794,0,0,0,0
269,794,0,0,0,0
270,794,1,0,0,0
271,794,0,0,0,0
272,794,0,0,0,0
273,794,1,0,0,0
274,794,0,0,0,0
275,794,0,0,0,0
276,794,1,0,0,0
277,794,0,1,0,0
278,794,1,0,0,0
279,794,0,0,0,0
280,794,0,0,0,0
281,794,0,0,0,0
282,794,0,0,0,0
283,794,1,0,0,0
284,794,0,0,0,0
285,794,0,0,0,0
286,794,0,0,0,0
287,794,1,0,0,0
288,794,0,0,0,0
289,794,1,0,0,0
290,794,0,0,0,0
291,794,0,0,0,0
292,794,0,0,0,0
293,794,0,0,0,0
294,794,0,0,0,0
295,794,0,0,0,0
296,794,0,0,0,0
297,794,0,0,0,0
298,794,0,0,0,0
299,794,1,0,0,0
300,794,0,1,0,0
2071,935,1,0,0,0
2072,935,1,0,0,0
2073,935,1,0,0,0
2074,935,1,0,0,0
2075,935,1,0,0,0
2076,935,1,0,0,0
2077,935,1,0,0,0
2078,935,1,0,0,0
2079,935,0,1,0,0
2080,935,1,0,0,0
2081,935,0,0,0,0
2082,935,1,0,0,0
2083,935,0,0,0,0
2084,935,1,0,0,0
2085,935,1,0,0,0
2086,935,1,0,0,0
2087,935,1,0,0,0
2088,935,1,0,0,0
2089,935,1,0,0,0
2090,935,1,0,0,0
2091,935,1,0,0,0
2092,935,0,0,0,0
2093,935,1,0,0,0
2094,935,1,0,0,0
2095,935,1,0,0,0
2096,935,0,0,0,0
2097,935,0,0,0,0
2098,935,0,0,0,0
2099,935,0,0,0,0
2100,935,0,0,0,0
2101,935,0,0,0,0
2102,935,0,0,0,0
2103,935,0,0,0,0
2104,935,0,0,0,0
2105,935,1,0,0,0
2106,935,0,0,0,0
2107,935,0,0,0,0
2108,935,0,0,0,0
2109,935,1,0,0,0
2110,935,1,0,0,0
2111,935,0,0,0,0
2112,935,1,0,0,0
2113,935,0,0,0,0
2114,935,1,0,0,0
2115,935,1,0,0,0
2116,935,1,0,0,0
2117,935,1,0,0,0
2118,935,1,0,0,0
2119,935,1,0,0,0
2120,935,1,0,0,0
2121,935,1,0,0,0
2122,935,0,0,0,0
2123,935,0,0,0,0
2124,935,1,0,0,0
2125,935,1,0,0,0
2126,935,1,0,0,0
2127,935,1,0,0,0
2128,935,0,0,0,0
2129,935,1,0,0,0
2130,935,1,0,0,0
2131,935,0,0,0,0
2132,935,1,0,0,0
2133,935,1,0,0,0
2134,935,1,1,0,0
2135,935,1,0,0,0
2136,935,1,1,0,0
2137,935,1,0,0,0
2138,935,1,0,0,0
2139,935,0,0,0,0
2140,935,1,0,0,0
2141,935,1,0,0,0
2142,935,0,0,0,0
2143,935,0,0,0,0
2144,935,0,0,0,0
2145,935,0,0,0,0
2146,935,0,0,0,0
2147,935,0,0,0,0
2148,935,0,0,0,0
2149,935,0,0,0,0
2150,935,0,0,0,0
2151,935,0,0,0,0
2152,935,1,0,0,0
2153,935,1,0,0,0
2154,935,1,0,0,0
2155,935,1,0,0,0
2156,935,1,0,0,0
2157,935,1,0,0,0
2158,935,1,0,0,0
2159,935,1,0,0,0
2160,935,1,0,0,0
2161,935,1,0,0,0
2162,935,1,0,0,0
2163,935,0,0,0,0
2164,935,1,0,0,0
2165,935,1,0,0,0
2166,935,1,0,0,0
2167,935,1,0,0,0
2168,935,1,0,0,0
2169,935,1,0,0,0
2170,935,0,0,0,0
2171,935,1,0,0,0
2172,935,1,0,0,0
2173,935,1,0,0,0
2174,935,1,0,0,0
2175,935,1,0,0,0
2176,935,1,0,0,0
2177,935,1,0,0,0
2178,935,0,1,0,0
2179,935,1,0,0,0
2180,935,1,0,0,0
2181,935,1,0,0,0
2182,935,1,0,0,0
2183,935,1,0,0,0
2184,935,0,1,0,0
2185,935,1,0,0,0
2186,935,1,0,0,0
2187,935,1,0,0,0
2188,935,1,0,0,0
2189,935,1,0,0,0
2190,935,1,0,0,0
2191,935,1,0,0,0
2192,935,1,0,0,0
2193,935,0,1,0,0
2194,935,0,0,0,0
2195,935,1,0,0,0
2196,935,1,0,0,0
2197,935,1,0,0,0
2198,935,1,0,0,0
2199,935,1,0,0,0
2200,935,1,0,0,0
2201,935,0,0,0,0
2202,935,1,0,0,0
2203,935,1,0,0,0
2204,935,1,0,0,0
2205,935,1,0,0,0
2206,935,0,0,0,0
2207,935,0,0,0,0
2208,935,0,0,0,0
2209,935,0,0,0,0
2210,935,1,0,0,0
2211,935,1,0,0,0
2212,935,1,0,0,0
2213,935,1,0,0,0
2214,935,1,0,0,0
2215,935,0,0,0,0
2216,935,1,0,0,0
2217,935,1,1,0,0
2218,935,0,0,0,0
2219,935,1,0,0,0
2220,935,1,0,0,0
2221,935,0,0,0,0
2222,935,1,0,0,0
2223,935,1,0,0,0
2224,935,1,0,0,0
2225,935,1,0,0,0
2226,935,0,0,0,0
2227,935,1,0,0,0
2228,935,0,1,0,0
2229,935,1,0,0,0
2230,935,1,0,0,0
2231,935,1,0,0,0
2232,935,0,1,0,0
2233,935,1,0,0,0
2234,935,0,0,0,0
2235,935,1,0,0,0
2236,935,1,0,0,0
2237,935,1,0,0,0
2238,935,1,0,0,0
2239,935,1,0,0,0
2240,935,1,0,0,0
2241,935,1,0,0,0
2242,935,1,0,0,0
2243,935,1,0,0,0
2244,935,0,0,0,0
2245,935,1,0,0,0
2246,935,1,0,0,0
2247,935,0,1,0,0
2248,935,0,0,0,0
2249,935,1,0,0,0
2250,935,0,0,0,0
2251,935,0,0,0,0
2252,935,1,0,0,0
2253,935,0,0,0,0
2254,935,1,0,0,0
2255,935,1,0,0,0
2256,935,1,0,0,0
2257,935,1,0,0,0
2258,935,1,0,0,0
2259,935,1,0,0,0
2260,935,1,0,0,0
2261,935,1,0,0,0
2262,935,1,0,0,0
2263,935,0,0,0,0
2264,935,1,0,0,0
2265,935,1,0,0,0
2266,935,1,0,0,0
2267,935,1,0,0,0
2268,935,1,0,0,0
2269,935,1,0,0,0
2270,935,1,0,0,0
2271,935,1,0,0,0
2272,935,1,0,0,0
2273,935,1,0,0,0
2274,935,0,0,0,0
2275,935,1,0,0,0
2276,935,1,0,0,0
2277,935,1,0,0,0
2278,935,1,0,0,0
2279,935,1,0,0,0
2280,935,1,0,0,0
2281,935,1,0,0,0
2282,935,1,0,0,0
2283,935,1,0,0,0
2284,935,1,0,0,0
2285,935,0,0,0,0
2286,935,1,0,0,0
2287,935,1,0,0,0
2288,935,1,0,0,0
2289,935,1,0,0,0
2290,935,1,0,0,0
2291,935,1,0,0,0
2292,935,1,0,0,0
2293,935,1,0,0,0
2294,935,1,0,0,0
2295,935,1,0,0,0
2296,935,1,0,0,0
2297,935,1,0,0,0
2298,935,1,0,0,0
2299,935,1,0,0,0
2300,935,1,0,0,0
2301,935,1,0,0,0
2302,935,1,0,0,0
2303,935,1,0,0,0
2304,935,1,0,0,0
2305,935,1,0,0,0
2306,935,1,0,0,0
2307,935,0,0,0,0
2308,935,1,0,0,0
2309,935,1,0,0,0
2310,935,1,0,0,0
2311,935,0,1,0,0
2312,935,1,0,0,0
2313,935,1,0,0,0
2314,935,1,0,0,0
2315,935,1,0,0,0
2316,935,0,1,0,0
2317,935,1,0,0,0
2318,935,1,0,0,0
2319,935,1,0,0,0
2320,935,1,0,0,0
2321,935,1,0,0,0
2322,935,1,0,0,0
2323,935,1,0,0,0
2324,935,0,0,0,0
2325,935,1,0,0,0
2326,935,1,0,0,0
2327,935,1,0,0,0
2328,935,1,0,0,0
2329,935,1,0,0,0
2330,935,1,0,0,0
2331,935,1,0,0,0
2332,935,1,0,0,0
2333,935,1,0,0,0
2334,935,1,0,0,0
2335,935,1,0,0,0
2336,935,0,0,0,0
2337,935,1,0,0,0
2338,935,1,0,0,0
2339,935,1,0,0,0
2340,935,1,0,0,0
2341,935,1,0,0,0
2342,935,1,0,0,0
2343,935,1,0,0,0
2344,935,1,0,0,0
2345,935,0,0,0,0
2346,935,1,0,0,0
2347,935,1,0,0,0
2348,935,1,0,0,0
2349,935,0,0,0,0
2350,935,0,0,0,0
2351,935,0,0,0,0
2352,935,1,0,0,0
2353,935,1,0,0,0
2354,935,0,1,0,0
2355,935,0,0,0,0
2356,935,1,0,0,0
2357,935,1,0,0,0
2358,935,1,0,0,0
2359,935,1,0,0,0
2360,935,1,0,0,0
2361,935,0,0,0,0
2362,935,1,0,0,0
2363,935,1,0,0,0
2364,935,1,0,0,0
2365,935,1,0,0,0
2366,935,1,0,0,0
2367,935,1,0,0,0
2368,935,1,0,0,0
2369,935,1,0,0,0
2370,935,1,0,0,0
4100,662,1,0,0,0
4101,662,0,1,0,0
4102,662,0,0,0,0
4103,662,0,0,0,0
4104,662,1,0,0,0
4105,662,0,0,0,0
4106,662,0,0,0,0
4107,662,1,0,0,0
4108,662,1,0,0,0
4109,662,0,1,0,0
4110,662,0,0,0,0
4111,662,0,0,0,0
4112,662,1,0,0,0
4113,662,0,1,0,0
4114,662,0,0,0,0
4115,662,0,0,0,0
4116,662,0,0,0,0
4117,662,0,0,0,0
4118,662,1,0,0,0
4119,662,1,0,0,0
4120,662,0,1,0,0
4121,662,1,0,0,0
4122,662,0,0,0,0
4123,662,1,0,0,0
4124,662,0,1,0,0
4125,662,1,0,0,0
4126,662,0,1,0,0
4127,662,0,0,0,0
4128,662,1,0,0,0
4129,662,0,1,0,0
4130,662,0,0,0,0
4131,662,0,0,0,0
4132,662,0,0,0,0
4133,662,0,0,0,0
4134,662,1,0,0,0
4135,662,1,0,0,0
4136,662,0,0,0,0
4137,662,0,0,0,0
4138,662,1,0,0,0
4139,662,0,1,0,0
4140,662,1,0,0,0
4141,662,0,0,0,0
4142,662,1,0,0,0
4143,662,0,0,0,0
4144,662,0,0,0,0
4145,662,1,0,0,0
4146,662,1,0,0,0
4147,662,0,0,0,0
4148,662,1,0,0,0
4149,662,0,1,0,0
4150,662,0,0,0,0
4151,662,0,0,0,0
4152,662,0,0,0,0
4153,662,0,0,0,0
4154,662,1,0,0,0
4155,662,0,1,0,0
4156,662,0,0,0,0
4157,662,1,0,0,0
4158,662,0,1,0,0
4159,662,1,0,0,0
4160,662,1,0,0,0
4161,662,0,1,0,0
4162,662,1,0,0,0
4163,662,0,0,0,0
4164,662,1,0,0,0
4165,662,0,1,0,0
4166,662,0,0,0,0
4167,662,0,0,0,0
4168,662,0,0,0,0
4169,662,0,0,0,0
4170,662,1,0,0,0
4171,662,0,1,0,0
4172,662,0,0,0,0
4173,662,1,0,0,0
4174,662,0,1,0,0
4175,662,0,0,0,0
4176,662,0,0,0,0
4177,662,0,0,0,0
4178,662,0,0,0,0
4179,662,1,0,0,0
4180,662,0,1,0,0
4181,662,1,0,0,0
4182,662,0,0,0,0
4183,662,1,0,0,0
4184,662,0,0,0,0
4185,662,1,0,0,0
4186,662,1,0,0,0
4187,662,0,1,0,0
4188,662,0,0,0,0
4189,662,1,0,0,0
4190,662,0,1,0,0
4191,662,0,0,0,0
4192,662,1,0,0,0
4193,662,0,1,0,0
4194,662,0,0,0,0
4195,662,0,0,0,0
4196,662,1,0,0,0
4197,662,0,1,0,0
4198,662,0,0,0,0
4199,662,1,0,0,0
4200,662,0,0,0,0
4201,662,0,0,0,0
4202,662,1,0,0,0
4203,662,0,0,0,0
4204,662,0,0,0,0
4205,662,0,0,0,0
4206,662,1,0,0,0
4207,662,0,0,0,0
4208,662,1,0,0,0
4209,662,0,1,0,0
4210,662,1,0,0,0
4211,662,1,0,0,0
4212,662,0,1,0,0
4213,662,0,0,0,0
4214,662,1,0,0,0
4215,662,0,1,0,0
4216,662,1,0,0,0
4217,662,0,1,0,0
4218,662,1,0,0,0
4219,662,1,0,0,0
4220,662,0,1,0,0
4221,662,1,0,0,0
4222,662,0,1,0,0
4223,662,1,0,0,0
4224,662,0,0,0,0
4225,662,0,0,0,0
4226,662,0,0,0,0
4227,662,0,0,0,0
4228,662,0,0,0,0
4229,662,0,0,0,0
4230,662,1,0,0,0
4231,662,0,1,0,0
4232,662,0,0,0,0
4233,662,1,0,0,0
4234,662,0,1,0,0
4235,662,1,0,0,0
4236,662,0,1,0,0
4237,662,1,0,0,0
4238,662,1,0,0,0
4239,662,0,1,0,0
4240,662,1,0,0,0
4241,662,0,0,0,0
4242,662,1,0,0,0
4243,662,0,1,0,0
4244,662,1,0,0,0
4245,662,0,0,0,0
4246,662,1,0,0,0
4247,662,0,1,0,0
4248,662,1,0,0,0
4249,662,0,0,0,0
4250,662,1,0,0,0
4251,662,0,0,0,0
4252,662,1,0,0,0
4253,662,0,0,0,0
4254,662,0,0,0,0
4255,662,1,0,0,0
4256,662,0,1,0,0
4257,662,0,0,0,0
4258,662,1,0,0,0
4259,662,0,1,0,0
4260,662,1,0,0,0
4261,662,0,0,0,0
4262,662,0,0,0,0
4263,662,0,0,0,0
4264,662,0,0,0,0
4265,662,0,0,0,0
4266,662,1,0,0,0
4267,662,0,1,0,0
4268,662,0,0,0,0
4269,662,1,0,0,0
4270,662,0,0,0,0
4271,662,0,0,0,0
4272,662,1,0,0,0
4273,662,0,1,0,0
4274,662,0,0,0,0
4275,662,1,0,0,0
4276,662,0,1,0,0
4277,662,1,0,0,0
4278,662,1,0,0,0
4279,662,0,1,0,0
4280,662,0,0,0,0
4281,662,1,0,0,0
4282,662,0,1,0,0
4283,662,1,0,0,0
4284,662,0,1,0,0
4285,662,0,0,0,0
4286,662,0,0,0,0
4287,662,1,0,0,0
4288,662,0,0,0,0
4289,662,0,0,0,0
4290,662,1,0,0,0
4291,662,0,1,0,0
4292,662,0,0,0,0
4293,662,0,0,0,0
4294,662,0,0,0,0
4295,662,0,0,0,0
4296,662,1,0,0,0
4297,662,0,1,0,0
4298,662,1,0,0,0
4299,662,0,0,0,0
4300,662,1,0,0,0
4301,662,0,0,0,0
4302,662,0,0,0,0
4303,662,1,0,0,0
4304,662,0,0,0,0
4305,662,0,0,0,0
4306,662,0,0,0,0
4307,662,0,0,0,0
4308,662,1,0,0,0
4309,662,1,0,0,0
4310,662,0,1,0,0
4311,662,1,0,0,0
4312,662,1,0,0,0
4313,662,0,1,0,0
4314,662,0,0,0,0
4315,662,1,0,0,0
4316,662,0,1,0,0
4317,662,1,0,0,0
4318,662,1,0,0,0
4319,662,0,1,0,0
4320,662,0,0,0,0
4321,662,1,0,0,0
4322,662,0,1,0,0
4323,662,0,0,0,0
4324,662,0,0,0,0
4325,662,0,0,0,0
4326,662,1,0,0,0
4327,662,0,0,0,0
4328,662,0,0,0,0
4329,662,0,0,0,0
4330,662,0,0,0,0
4331,662,0,0,0,0
4332,662,0,0,0,0
4333,662,1,0,0,0
4334,662,0,1,0,0
4335,662,0,0,0,0
4336,662,0,0,0,0
4337,662,1,0,0,0
4338,662,0,0,0,0
4339,662,0,0,0,0
4340,662,1,0,0,0
4341,662,0,1,0,0
4342,662,0,0,0,0
4343,662,0,0,0,0
4344,662,0,0,0,0
4345,662,1,0,0,0
4346,662,0,0,0,0
4347,662,0,0,0,0
4348,662,0,0,0,0
4349,662,1,0,0,0
4350,662,0,1,0,0
4351,662,0,0,0,0
4352,662,0,0,0,0
4353,662,0,0,0,0
4354,662,0,0,0,0
4355,662,0,0,0,0
4356,662,0,0,0,0
4357,662,0,0,0,0
4358,662,1,0,0,0
4359,662,0,0,0,0
4360,662,0,0,0,0
4361,662,1,0,0,0
4362,662,1,0,0,0
4363,662,0,0,0,0
4364,662,0,0,0,0
4365,662,0,0,0,0
4366,662,1,0,0,0
4367,662,0,0,0,0
4368,662,0,0,0,0
4369,662,1,0,0,0
4370,662,0,1,0,0
4371,662,0,0,0,0
4372,662,0,0,0,0
4373,662,1,0,0,0
4374,662,0,0,0,0
4375,662,0,0,0,0
4376,662,1,0,0,0
4377,662,0,1,0,0
4378,662,0,0,0,0
4379,662,0,0,0,0
4380,662,1,0,0,0
4381,662,0,0,0,0
4382,662,0,0,0,0
4383,662,0,0,0,0
4384,662,0,0,0,0
4385,662,0,0,0,0
4386,662,1,0,0,0
4387,662,0,0,0,0
4388,662,1,0,0,0
4389,662,0,0,0,0
4390,662,0,0,0,0
4391,662,1,0,0,0
4392,662,1,0,0,0
4393,662,0,0,0,0
4394,662,0,0,0,0
4395,662,0,0,0,0
4396,662,0,0,0,0
4397,662,0,0,0,0
4398,662,0,0,0,0
4399,662,0,0,0,0
