breath_id,i_time,tve,max_flow,min_flow,max_pressure,peep,ip_auc,ep_auc,patient
1,0.8,545.0322222222223,51.06,-41.03,17.37,7.6,11.122366666666668,16.05773333333333,66
2,0.8,531.8802777777779,53.13,-39.97,17.13,7.507999999999999,11.077750000000002,17.31053333333334,66
3,0.86,523.8766666666667,52.86,-38.24,17.11,7.657999999999999,12.065999999999999,16.6978,66
4,0.8,507.6361111111111,51.04,-39.37,17.14,7.572,11.0978,15.774250000000002,66
5,0.8,518.6188888888888,47.88,-38.51,16.92,7.597999999999999,11.0654,18.483333333333334,66
6,0.86,672.1433333333333,52.08,-41.84,17.16,7.644,12.061466666666668,17.506266666666665,66
7,0.88,578.8299999999998,50.76,-39.36,17.06,7.280000000000001,12.418183333333333,26.50058333333333,66
8,0.84,421.86555555555566,52.02,-33.32,16.61,7.38,11.703066666666668,15.9894,66
9,0.78,446.81555555555565,48.65,-36.81,17.03,7.638,10.765466666666667,16.86106666666667,66
10,0.78,506.29833333333335,48.83,-36.53,16.89,7.9700000000000015,10.749666666666668,19.994616666666666,66
11,0.98,580.9600000000003,49.64,-41.16,17.21,7.825999999999999,13.997466666666668,16.271066666666666,66
12,0.86,567.3827777777777,36.81,-35.33,16.32,8.016,12.022666666666668,26.54930000000001,66
13,0.98,485.79333333333335,46.49,-36.77,17.05,7.754,14.017266666666668,18.690266666666666,66
14,0.88,558.5411111111113,48.93,-42.32,17.18,7.803999999999999,12.383816666666668,17.438483333333334,66
15,0.92,603.498888888889,49.44,-41.25,17.31,7.404000000000001,13.105116666666667,13.31006666666667,66
16,0.94,643.4588888888887,49.76,-42.4,17.45,7.274000000000001,13.403000000000002,17.237066666666667,66
17,1.68,51.39416666666666,231.01,-93.6,26.9,7.766,14.66575,2.4985166666666667,66
18,0.82,589.4138888888889,51.39,-41.55,17.38,7.888,11.478266666666668,15.538716666666666,66
19,0.92,545.0230555555555,50.02,-42.34,17.26,7.782000000000001,13.112316666666667,15.866900000000005,66
20,0.84,593.8125000000001,50.99,-42.14,17.33,7.76,11.716483333333334,16.85685,66
21,0.8,508.76805555555563,50.36,-41.29,17.07,7.577999999999999,11.050916666666668,15.438883333333335,66
22,0.84,576.5677777777779,50.61,-40.11,17.19,7.69,11.75956666666667,18.697666666666674,66
23,0.86,543.2700000000002,49.62,-41.02,17.12,8.28,12.046866666666665,16.503533333333333,66
24,0.88,564.2866666666667,46.7,-41.23,17.17,7.3839999999999995,12.34695,19.238466666666667,66
25,0.82,532.3155555555555,53.29,-37.69,16.94,7.676,11.3808,18.88993333333333,66
26,0.8,567.0186111111111,51.21,-38.75,16.93,7.456,11.062633333333332,28.63473333333333,66
27,0.84,543.8688888888888,53.07,-37.95,16.95,7.703999999999999,11.71335,18.567866666666667,66
28,0.82,496.96333333333337,52.49,-40.26,17.2,7.855999999999999,11.445466666666668,14.172066666666668,66
29,0.8,526.2175000000002,52.97,-40.18,18.24,7.586000000000001,11.22215,15.834183333333335,66
30,0.82,513.9186111111112,53.6,-41.19,17.22,7.766,11.444533333333334,14.143950000000002,66
31,0.76,597.1144444444445,53.92,-42.45,17.79,7.487999999999999,10.569183333333333,13.700466666666667,66
32,0.9,573.9869444444445,52.76,-42.3,17.38,7.49,12.864933333333333,17.740216666666665,66
33,0.86,596.6055555555556,53.51,-41.3,17.28,7.348000000000001,12.068466666666666,19.9936,66
34,0.84,572.1252777777778,51.55,-41.75,17.27,7.832000000000002,11.714916666666667,17.48115,66
35,0.8,643.8252777777778,51.42,-41.7,17.12,8.106,11.048483333333332,31.06611666666667,66
36,0.96,546.4022222222222,46.23,-37.94,18.62,7.684,13.81001666666667,20.23986666666667,66
37,0.98,589.0213888888892,48.48,-40.84,17.3,7.4540000000000015,14.0378,29.044600000000006,66
38,0.96,728.2822222222223,44.18,-41.6,17.12,7.566,13.689633333333335,30.971283333333336,66
39,1.04,377.07,47.12,-30.38,17.36,7.530000000000001,14.970533333333336,19.07933333333333,66
40,0.82,481.6877777777778,48.66,-37.61,18.17,7.994,11.565333333333333,19.7446,66
41,0.96,564.9744444444445,48.08,-41.08,17.27,7.659999999999998,13.734033333333334,17.203000000000007,66
42,0.94,602.2850000000002,50.8,-43.97,17.27,7.760000000000002,13.387866666666667,16.52775,66
43,0.92,621.0422222222222,50.96,-44.33,17.36,7.839999999999999,13.134900000000002,17.11273333333333,66
44,0.82,595.0561111111112,52.24,-42.45,17.41,7.612,11.557533333333335,16.517183333333335,66
45,0.78,507.29083333333335,55.68,-39.52,18.72,7.834,10.9306,15.858350000000002,66
46,0.9,546.0677777777778,44.33,-42.13,17.26,7.457999999999999,12.723333333333334,16.430666666666667,66
47,0.84,572.0211111111109,49.85,-40.31,17.26,7.254,11.80455,19.655466666666666,66
48,0.86,575.8630555555558,50.92,-40.65,17.03,7.42,12.099199999999998,20.781999999999996,66
49,0.68,1102.4513888888894,54.01,-39.04,16.89,7.362,9.150800000000002,47.74978333333333,66
50,2.6,502.53,44.11,-39.23,17.99,7.872000000000001,40.419266666666665,15.002200000000002,66
1,0.92,289.04555555555555,36.85,-47.12,14.8,5.3420000000000005,8.746083333333333,5.628000000000001,687
2,0.58,390.5444444444445,62.84,-63.23,17.61,5.324,7.4665333333333335,7.036466666666668,687
3,0.92,267.94222222222226,35.92,-49.29,15.5,5.324,9.124500000000003,4.615916666666667,687
4,0.56,374.15333333333336,62.79,-59.16,17.49,5.376,7.154866666666668,6.359066666666667,687
5,0.92,294.74833333333333,36.73,-49.85,15.49,5.388,9.610766666666667,5.333500000000001,687
6,0.56,407.0966666666667,63.62,-62.41,17.71,5.416,7.125700000000001,7.779066666666667,687
7,0.92,282.8655555555555,36.35,-47.63,14.74,5.334,8.92285,5.389666666666666,687
8,0.56,393.5072222222223,64.79,-60.98,17.62,5.4300000000000015,7.138816666666666,7.537650000000001,687
9,0.92,287.7688888888889,35.95,-46.92,14.73,5.39,8.912266666666667,5.721799999999999,687
10,0.6,405.29555555555567,66.03,-61.16,17.67,5.37,7.800000000000002,7.512799999999999,687
11,0.58,399.0172222222223,63.65,-63.46,17.8,5.3900000000000015,7.464866666666667,7.442116666666667,687
12,0.92,284.4633333333333,35.92,-46.93,14.82,5.294,8.872766666666667,5.6034000000000015,687
13,0.6,397.1777777777778,63.37,-61.8,17.62,5.409999999999998,7.804150000000001,7.217133333333334,687
14,0.92,289.9033333333333,35.47,-46.61,14.9,5.305999999999999,8.914750000000002,5.8406666666666665,687
15,0.6,407.3655555555555,64.02,-63.52,17.76,5.327999999999999,7.7986499999999985,7.573333333333335,687
16,0.92,290.71583333333336,36.19,-50.28,15.07,5.290000000000001,9.13135,5.5229,687
17,0.6,407.39055555555564,63.42,-62.7,17.67,5.396000000000001,7.80295,7.19875,687
18,0.92,290.0411111111111,36.48,-49.06,15.41,5.358,9.094566666666667,5.52095,687
19,0.6,398.70805555555563,62.76,-62.23,17.68,5.314,7.802716666666669,6.792950000000001,687
20,0.92,305.0536111111112,35.73,-53.55,15.74,5.2700000000000005,9.262866666666667,5.575283333333332,687
21,0.6,402.6219444444445,63.73,-60.57,17.57,5.3660000000000005,7.805716666666667,7.395150000000001,687
22,0.92,272.3466666666667,36.92,-50.71,15.14,5.212000000000001,8.803316666666667,4.936466666666668,687
23,0.58,384.44388888888886,63.29,-59.95,17.61,5.382000000000001,7.4895999999999985,6.814283333333334,687
24,0.6,398.46472222222224,63.33,-61.51,17.65,5.324,7.811816666666667,7.493766666666668,687
25,0.92,273.4288888888888,35.87,-47.09,14.82,5.312,8.909283333333336,4.931333333333333,687
26,0.56,374.48500000000007,63.78,-59.29,17.52,5.332000000000001,7.1518,6.579933333333333,687
27,0.92,284.52777777777766,35.99,-50.41,15.14,5.215999999999998,8.853983333333334,5.178666666666668,687
28,0.58,382.6922222222223,66.09,-59.74,17.59,5.358,7.480600000000001,6.487666666666668,687
29,0.92,303.14416666666665,36.29,-50.19,15.41,5.362,9.319866666666668,5.786133333333334,687
30,0.6,409.33444444444456,63.09,-63.33,17.76,5.378000000000001,7.806116666666667,7.960933333333332,687
31,0.92,286.48555555555555,36.04,-47.34,14.74,5.144,8.867633333333334,5.605733333333334,687
32,0.56,401.4733333333333,64.03,-61.07,17.62,5.166,7.125866666666668,7.972533333333334,687
33,0.58,407.7255555555557,64.32,-60.65,17.68,5.254,7.464733333333334,8.067400000000001,687
34,0.92,278.4488888888889,37.96,-47.33,14.74,5.254,8.95085,5.261833333333335,687
35,0.56,397.55555555555566,64.09,-65.06,17.71,5.35,7.132766666666668,7.593016666666667,687
36,0.92,321.8072222222223,35.16,-47.65,14.57,5.364,8.748483333333336,7.959533333333333,687
37,0.68,724.74,63.34,-60.09,17.5,5.364000000000001,9.15485,10.841466666666667,687
38,0.94,138.2991666666667,36.9,-16.59,8.46,4.8260000000000005,4.4055333333333335,10.162666666666668,687
39,0.92,432.2211111111112,34.52,-52.83,11.73,5.252000000000001,5.806633333333334,5.7993000000000015,687
40,0.8,132.69444444444446,62.51,-55.55,18.41,5.1480000000000015,11.253733333333335,2.5772,687
41,0.92,500.1966666666667,34.8,-76.05,20.93,5.353999999999999,13.307916666666667,9.81275,687
42,0.6,392.22083333333336,66.71,-58.1,17.69,5.3260000000000005,7.806250000000001,8.118816666666667,687
43,0.92,292.5305555555556,37.07,-48.64,14.89,5.3420000000000005,8.755983333333333,5.740550000000002,687
44,0.62,426.2222222222223,62.98,-62.37,17.71,5.322,8.1416,8.118666666666666,687
45,0.92,304.91777777777776,36.92,-50.04,14.9,5.306,8.693549999999998,6.521666666666667,687
46,0.64,503.01111111111123,62.52,-60.45,17.58,5.1160000000000005,8.470516666666667,16.45726666666667,687
47,0.66,594.81,36.43,-128.6,30.18,7.130000000000001,9.825533333333333,6.698666666666668,687
48,0.22,149.3766666666667,53.12,-76.68,16.41,5.994,1.5952666666666668,1.61135,687
49,0.8,255.51111111111112,32.74,-127.1,30.36,6.3660000000000005,11.993983333333334,2.817916666666667,687
50,0.34,336.56,86.38,-83.23,18.78,5.476,3.505066666666667,3.2545333333333337,687
51,0.32,285.90222222222224,79.25,-81.02,17.97,6.178,3.243183333333333,2.7515333333333336,687
52,0.38,323.6066666666667,81.34,-81.6,18.31,5.858,3.8726,3.2454666666666667,687
53,0.5,434.6077777777778,82.39,-85.79,19.35,5.406000000000001,6.0535999999999985,4.2330000000000005,687
54,0.7,290.57,32.84,-123.29,30.47,6.082000000000002,6.952866666666668,3.1688166666666677,687
55,0.84,756.0122222222221,79.46,-56.55,18.11,4.638,11.860833333333336,11.127133333333333,687
56,0.92,94.90527777777781,32.84,-25.75,14.74,5.167999999999998,10.975833333333336,2.6867333333333336,687
57,0.96,612.3591666666667,47.46,-75.82,18.97,5.6739999999999995,13.946583333333335,5.835066666666667,687
58,0.44,322.4030555555556,65.94,-55.57,17.0,5.09,5.195333333333333,5.9433,687
59,0.92,220.09555555555562,31.07,-61.38,20.51,4.918,15.400799999999998,5.4434,687
60,0.68,334.61777777777775,67.57,-60.31,17.75,4.25,9.152999999999999,6.2728,687
61,0.92,453.8377777777778,35.33,-69.16,18.34,5.683999999999998,12.889316666666666,4.857733333333333,687
62,0.4,290.2625,83.59,-77.79,17.81,6.098000000000001,4.207016666666667,2.9615,687
63,0.28,156.74777777777774,67.96,-70.65,17.41,6.023999999999999,2.4146000000000005,1.7771333333333337,687
64,0.4,336.20777777777784,77.55,-74.2,17.8,6.24,4.491550000000001,3.3766000000000003,687
65,0.54,258.45444444444445,37.21,-115.65,29.69,6.3,4.735533333333333,2.871266666666666,687
66,0.48,386.78388888888884,80.02,-85.88,18.82,5.44,5.450283333333332,3.8494,687
67,0.34,201.04361111111115,62.01,-71.09,17.39,5.550000000000002,3.6177333333333337,2.2475,687
68,0.86,443.97111111111116,72.79,-59.02,17.75,4.978,12.175666666666668,10.307200000000002,687
69,0.92,198.68,32.79,-40.3,13.63,5.322,10.784233333333335,4.32665,687
70,0.42,772.0155555555556,74.38,-77.35,17.18,5.6,4.875733333333334,8.084,687
71,0.92,77.80861111111112,32.27,-54.32,22.02,4.912,12.595966666666666,1.5448000000000002,687
72,0.84,378.61861111111125,67.48,-58.71,17.94,4.798,11.854516666666665,9.328033333333334,687
73,0.72,349.9522222222222,54.6,-53.82,17.26,5.394,9.8422,9.445666666666668,687
74,0.92,309.4963888888889,34.63,-47.1,14.74,4.8919999999999995,11.774133333333333,9.014433333333336,687
75,0.92,271.6475,36.16,-45.33,14.4,5.3660000000000005,10.735566666666667,7.5810666666666675,687
76,0.58,361.26555555555564,63.25,-59.21,17.65,5.172000000000001,7.484066666666667,7.726333333333335,687
77,0.92,288.3822222222223,36.55,-46.87,14.67,5.314,9.3067,6.039733333333333,687
78,0.58,376.28388888888895,63.39,-59.41,17.6,5.3980000000000015,7.485333333333332,7.253066666666667,687
79,0.92,307.50000000000006,37.04,-49.94,15.07,4.9780000000000015,8.9877,6.921866666666667,687
80,0.56,380.87555555555537,64.25,-60.24,17.63,5.444,7.1163500000000015,7.9168,687
81,0.92,294.90111111111116,36.38,-45.26,14.23,5.3260000000000005,9.0839,6.258733333333334,687
82,0.66,426.3522222222222,63.85,-61.06,17.68,5.3439999999999985,8.8116,8.345266666666667,687
83,0.92,310.1655555555556,36.51,-45.06,14.14,5.3420000000000005,8.745016666666666,7.586066666666668,687
84,0.64,418.35333333333335,63.26,-60.86,17.68,5.363999999999999,8.4754,9.031266666666664,687
85,0.92,281.3008333333334,35.31,-46.19,13.98,5.3100000000000005,7.7409500000000016,6.310966666666667,687
86,0.62,398.44333333333327,63.08,-63.58,17.79,5.2440000000000015,8.136933333333335,7.4848,687
87,0.92,295.8144444444445,35.88,-47.12,14.56,5.338000000000001,8.952933333333336,5.841666666666668,687
88,0.64,412.2711111111112,64.82,-59.43,17.51,5.3439999999999985,8.482149999999999,7.433133333333332,687
89,0.92,267.3655555555556,36.51,-48.41,14.48,5.228,8.430466666666668,4.903266666666667,687
90,0.56,379.53888888888895,62.93,-61.18,17.53,5.088,7.139333333333334,6.765133333333332,687
91,0.92,282.17555555555555,35.96,-50.15,15.16,5.2,9.442916666666667,4.968533333333334,687
92,0.58,399.2325,62.12,-63.49,17.69,5.316000000000002,7.482333333333335,6.902033333333334,687
93,0.92,296.0866666666667,36.01,-47.98,15.4,5.356,9.419900000000002,5.6586,687
94,0.62,413.28888888888895,61.96,-62.41,17.76,5.247999999999998,8.1386,7.484866666666668,687
95,0.6,415.8183333333334,64.1,-61.06,17.75,5.4,7.78395,7.49115,687
96,0.92,313.12666666666667,35.96,-48.6,14.8,5.346,9.256283333333334,6.5452,687
97,0.62,410.9305555555555,63.61,-60.88,17.69,5.362,8.133733333333334,7.487,687
98,0.92,300.6,36.3,-49.9,14.91,5.3260000000000005,8.908633333333333,6.187466666666666,687
99,0.62,415.8219444444445,63.08,-62.79,17.68,5.354,8.134733333333333,7.705516666666666,687
100,0.92,306.6838888888889,36.36,-47.44,14.65,5.354,9.067483333333335,6.4155000000000015,687
101,0.64,410.8744444444445,63.32,-59.11,17.57,5.303999999999999,8.484383333333334,7.865333333333335,687
102,0.92,866.4644444444444,35.84,-58.45,14.82,6.082000000000001,9.290033333333334,19.027933333333333,687
103,0.7,131.39888888888893,35.76,-103.23,30.13,4.158,10.202533333333333,2.076016666666667,687
104,0.36,336.2266666666667,77.52,-78.92,17.79,6.2879999999999985,3.8238500000000006,3.2391333333333336,687
105,0.38,355.25638888888886,82.4,-80.13,18.14,6.204,4.152866666666667,3.528016666666667,687
106,0.66,230.71222222222227,32.88,-123.21,30.2,5.9700000000000015,8.070333333333334,2.5675,687
107,0.96,862.6505555555556,75.74,-58.97,17.82,4.613999999999999,13.878483333333332,17.11215,687
108,0.68,264.4611111111111,32.79,-119.23,29.93,6.6400000000000015,9.569916666666668,3.0374666666666665,687
109,0.62,384.1277777777778,77.26,-51.75,17.0,5.148,7.807200000000003,8.123800000000001,687
110,0.92,261.83000000000004,32.57,-55.41,16.66,5.238,12.054933333333334,3.653266666666666,687
111,0.64,496.00833333333327,64.93,-73.78,19.05,5.614,8.4479,4.950516666666667,687
112,0.86,659.8666666666667,76.44,-92.24,18.37,5.33,12.185800000000002,6.279,687
113,0.64,199.19083333333336,32.33,-117.74,30.0,5.7440000000000015,12.535516666666664,2.4192333333333336,687
114,0.92,400.5677777777778,64.62,-56.21,17.48,5.246,13.211283333333332,10.071733333333333,687
115,0.92,285.3308333333333,32.35,-45.78,14.49,5.42,11.211666666666668,9.59255,687
116,0.72,333.23944444444453,49.52,-56.37,17.16,5.28,9.860900000000004,8.89295,687
117,0.92,287.69,32.26,-48.67,14.99,5.33,11.609966666666667,7.1140000000000025,687
118,0.54,301.63583333333344,60.95,-52.83,16.98,5.256,6.840866666666666,6.368083333333333,687
119,0.92,294.3888888888889,34.38,-49.43,15.57,5.388,11.086150000000002,6.186133333333332,687
120,0.6,378.7311111111112,61.35,-57.15,17.56,5.482,7.813666666666667,7.7729333333333335,687
121,0.92,309.87666666666667,36.06,-48.48,15.16,5.3420000000000005,9.510166666666667,7.0807,687
122,0.54,352.24416666666673,63.43,-58.69,17.55,5.266,6.798466666666667,7.273383333333333,687
123,0.92,297.96111111111117,35.74,-47.61,14.73,5.424000000000001,9.2053,6.4993333333333325,687
124,0.6,389.41583333333335,63.75,-58.84,17.56,5.33,7.806166666666668,7.408466666666666,687
125,0.92,306.9277777777778,36.54,-47.81,14.82,5.316,9.640933333333333,6.7014000000000005,687
126,0.64,416.32,62.48,-59.79,17.61,5.256,8.464983333333333,7.9948000000000015,687
127,0.92,293.9500000000001,36.83,-47.24,14.8,5.424,9.283983333333335,6.0667333333333335,687
128,0.58,387.63388888888886,62.24,-61.65,17.71,5.472,7.465333333333334,7.402166666666668,687
129,0.92,310.74888888888887,36.37,-47.58,14.9,5.382000000000001,9.38445,6.429733333333334,687
130,0.64,409.48416666666674,62.41,-61.14,17.63,5.337999999999999,8.476383333333331,8.481266666666668,687
131,0.92,299.59888888888895,35.62,-45.46,14.23,5.352,8.905566666666667,6.916533333333333,687
132,0.62,413.2058333333334,61.8,-61.86,17.58,5.432,8.142733333333334,8.289050000000001,687
133,0.92,284.41888888888894,36.04,-47.26,14.73,5.4239999999999995,9.1288,6.2372000000000005,687
134,0.62,403.9777777777777,62.51,-60.11,17.66,5.358,8.143733333333335,7.890066666666668,687
135,0.92,293.98444444444436,37.03,-47.35,14.4,5.3420000000000005,9.04255,6.693533333333335,687
136,0.64,411.0511111111112,61.26,-60.82,17.58,5.290000000000001,8.487216666666669,8.166933333333333,687
137,0.92,288.9819444444445,35.65,-47.75,14.56,5.266,9.2402,5.927800000000001,687
138,0.58,388.8444444444445,62.79,-60.7,17.51,5.2620000000000005,7.4715333333333325,8.3308,687
139,0.92,291.80222222222227,36.93,-47.45,14.47,5.3599999999999985,8.902666666666667,6.2484,687
140,0.62,404.1722222222223,60.56,-60.53,17.58,5.242000000000001,8.146133333333335,8.366533333333333,687
141,0.92,296.6155555555555,35.65,-46.71,14.49,5.272,9.214183333333333,6.371483333333335,687
142,0.62,391.91555555555567,62.47,-58.33,17.47,5.303999999999999,8.151066666666665,7.624933333333333,687
143,0.92,299.1255555555556,36.73,-49.43,14.9,5.3260000000000005,9.351200000000002,6.719133333333333,687
144,0.62,412.43000000000006,61.62,-61.49,17.67,5.4540000000000015,8.137133333333335,8.894000000000002,687
145,0.92,296.01666666666665,35.55,-46.49,14.32,5.32,9.101683333333336,6.913866666666667,687
146,0.64,399.41444444444437,60.58,-59.51,17.56,5.340000000000002,8.4786,8.041200000000002,687
147,0.92,303.32416666666666,36.81,-46.97,14.57,5.337999999999999,9.432783333333333,7.0457833333333335,687
148,0.66,405.8688888888889,61.63,-57.94,17.57,5.3260000000000005,8.820866666666667,8.725933333333334,687
149,0.92,303.1544444444445,35.72,-46.03,14.32,5.254,8.852066666666667,7.1399333333333335,687
150,0.66,404.93,61.7,-58.96,17.56,5.318,8.821066666666667,8.269933333333334,687
151,0.92,304.89833333333337,36.29,-47.37,14.63,5.3420000000000005,9.42635,7.046616666666669,687
152,0.62,396.0097222222222,64.15,-59.75,17.57,5.292000000000001,8.142600000000002,8.444733333333334,687
153,0.92,294.8644444444444,36.35,-46.94,14.23,5.476,8.823050000000002,6.7089333333333325,687
154,0.92,291.46111111111105,35.5,-46.81,14.32,5.284000000000002,9.106833333333334,6.251000000000001,687
155,0.62,396.2922222222224,62.06,-60.17,17.64,5.35,8.147933333333334,7.854466666666667,687
156,0.92,289.48,37.02,-48.76,14.91,5.358,9.282966666666667,6.041066666666668,687
157,0.64,401.75916666666666,60.82,-61.43,17.59,5.45,8.484183333333334,7.992483333333333,687
158,0.92,305.51027777777784,36.32,-46.94,14.57,5.24,9.203266666666668,6.8177,687
159,0.64,411.2294444444445,62.71,-61.35,17.55,5.3439999999999985,8.479000000000003,8.49505,687
160,0.92,305.38527777777773,35.64,-45.19,14.4,5.364,8.95465,7.4933,687
161,0.66,409.7244444444445,61.87,-61.09,17.58,5.2780000000000005,8.814533333333333,7.946066666666669,687
162,0.92,290.3611111111112,35.91,-47.67,14.89,5.324,9.14045,6.4783333333333335,687
163,0.64,402.6127777777778,61.29,-61.97,17.67,5.337999999999999,8.49525,8.175566666666667,687
164,0.92,296.57777777777784,36.42,-46.97,14.55,5.376,9.277483333333334,6.488400000000001,687
165,0.62,396.7155555555556,62.21,-59.89,17.57,5.308,8.1356,7.749666666666669,687
166,0.92,300.58222222222224,35.75,-47.77,14.99,5.396,8.9757,6.954466666666668,687
167,0.6,399.48805555555566,63.09,-60.09,17.58,5.428000000000001,7.808166666666668,8.103150000000001,687
168,0.92,298.24222222222227,36.86,-47.71,14.56,5.247999999999999,9.053150000000002,6.704133333333332,687
169,0.64,400.1688888888888,61.33,-59.42,17.58,5.31,8.492650000000001,8.032533333333333,687
170,0.92,296.37888888888887,36.25,-46.38,14.57,5.428,9.259383333333334,6.6023000000000005,687
171,0.62,400.88777777777784,63.84,-57.82,17.46,5.3679999999999986,8.150066666666667,8.090666666666667,687
172,0.92,299.7536111111112,35.64,-48.11,14.74,5.394,9.0947,7.2507833333333345,687
173,0.62,410.2922222222223,63.01,-60.39,17.58,5.428,8.129666666666667,8.736733333333332,687
174,0.92,295.15666666666664,35.69,-47.75,14.55,5.3900000000000015,9.0445,6.696866666666668,687
175,0.64,402.72777777777776,61.17,-62.75,17.59,5.3660000000000005,8.4784,8.155066666666668,687
176,0.92,287.75583333333327,35.96,-47.51,14.65,5.252000000000001,9.5733,5.919150000000001,687
177,0.58,396.80861111111113,63.58,-61.61,17.58,5.38,7.476400000000001,8.044766666666666,687
178,0.92,290.13916666666665,36.72,-48.43,14.63,5.282000000000001,9.18795,5.723766666666667,687
179,0.6,399.12,62.75,-60.58,17.55,5.272,7.808066666666668,8.356133333333332,687
180,0.92,290.73305555555555,36.27,-47.82,14.74,5.3660000000000005,8.85725,6.373016666666667,687
181,0.64,409.77888888888884,61.32,-61.3,17.64,5.412000000000001,8.48615,8.136466666666667,687
182,0.92,289.4325,36.2,-47.35,14.57,5.408,9.333850000000002,5.939866666666667,687
183,0.6,381.0177777777778,63.24,-60.6,17.56,5.457999999999999,7.812866666666667,7.016533333333333,687
184,0.92,276.46583333333336,35.1,-49.66,14.9,5.296000000000001,9.319683333333332,5.053183333333334,687
185,0.58,395.0966666666667,61.91,-61.36,17.7,5.218,7.471933333333333,7.4272,687
186,0.92,295.09972222222217,36.77,-49.22,14.91,5.348000000000001,9.313483333333334,6.178933333333334,687
187,0.58,390.2477777777778,64.62,-62.84,17.61,5.352,7.4698,7.684733333333335,687
188,0.92,290.7261111111111,36.04,-48.74,14.81,5.290000000000001,9.20945,5.73025,687
189,0.62,400.27,62.96,-58.97,17.54,5.3279999999999985,8.1584,7.731300000000001,687
190,0.92,302.8780555555556,36.08,-48.19,14.73,5.284000000000002,9.339766666666668,6.397583333333333,687
191,0.62,404.47888888888883,62.75,-59.47,17.56,5.358,8.138733333333333,7.771333333333334,687
192,0.92,296.05333333333334,36.43,-49.68,15.07,5.25,9.181766666666666,6.4964,687
193,0.62,407.5722222222223,62.18,-61.55,17.66,5.358,8.139866666666666,8.3284,687
194,0.92,308.5655555555556,36.5,-48.22,14.72,5.2959999999999985,9.50235,7.8256,687
195,0.64,410.4091666666666,61.31,-62.67,17.67,5.346,8.480266666666667,8.953066666666668,687
196,0.92,296.6166666666666,36.33,-47.01,14.39,5.281999999999999,9.008316666666667,7.122466666666668,687
197,0.66,413.89555555555563,60.59,-62.96,17.63,5.25,8.816066666666668,8.621400000000001,687
198,0.92,287.7555555555556,35.75,-46.23,14.55,5.303999999999999,9.098233333333333,5.812333333333334,687
199,0.58,399.02083333333337,63.04,-58.61,17.5,5.2559999999999985,7.4733333333333345,8.736383333333334,687
200,0.92,291.5722222222222,36.34,-48.99,14.65,5.358,8.996400000000003,6.468266666666668,687
201,0.64,398.90638888888884,60.94,-60.35,17.58,5.356,8.482833333333334,7.9827166666666685,687
202,0.92,286.98777777777775,35.68,-46.36,14.47,5.35,9.22865,6.0204,687
203,0.6,406.89444444444433,62.67,-60.8,17.58,5.3580000000000005,7.805483333333334,8.449066666666667,687
204,0.92,291.30222222222216,36.22,-47.04,14.64,5.3,9.440650000000002,5.940183333333334,687
205,0.6,391.26,63.18,-59.01,17.47,5.428,7.817583333333335,7.752000000000002,687
206,0.92,296.061111111111,36.06,-47.98,14.64,5.3599999999999985,9.172616666666668,6.169850000000001,687
207,0.62,404.70305555555564,61.97,-58.9,17.47,5.35,8.143333333333334,8.332533333333334,687
208,0.92,288.4808333333333,36.45,-46.93,14.72,5.246,8.957966666666668,6.357166666666667,687
209,0.62,380.7755555555555,61.52,-60.52,17.63,5.327999999999999,8.148666666666667,6.909466666666668,687
210,0.92,291.4275,36.34,-49.95,15.47,5.136,9.5108,5.735483333333335,687
211,0.58,398.18750000000006,61.77,-61.39,17.6,5.3119999999999985,7.467533333333334,8.010833333333334,687
212,0.92,287.31000000000006,36.22,-47.24,14.74,5.228,9.257633333333334,6.032066666666666,687
213,0.62,408.57111111111124,62.01,-62.66,17.68,5.26,8.144133333333334,7.789666666666667,687
214,0.92,292.07222222222225,35.9,-48.9,14.9,5.392,9.43405,5.632933333333333,687
215,0.6,394.7777777777777,62.26,-61.2,17.59,5.394,7.808333333333333,7.540083333333333,687
216,0.92,307.3941666666667,36.19,-47.6,14.74,5.416,9.1887,6.641616666666668,687
217,0.6,398.59833333333336,64.03,-58.66,17.54,5.356,7.804166666666667,7.869633333333334,687
218,0.92,299.7344444444445,36.76,-48.53,14.65,5.352,9.128283333333334,6.941666666666666,687
219,0.64,404.1922222222222,61.99,-59.2,17.56,5.246,8.477066666666667,8.316,687
220,0.92,307.70972222222224,36.73,-48.57,14.74,5.364,9.088083333333335,7.083316666666667,687
221,0.64,398.09222222222223,63.0,-59.61,17.56,5.296,8.473616666666667,8.042333333333335,687
222,0.92,285.5900000000001,35.05,-48.4,14.99,5.303999999999999,9.195666666666668,5.929733333333334,687
223,0.64,405.2683333333334,62.37,-60.37,17.56,5.340000000000002,8.490683333333335,7.961966666666667,687
224,0.92,290.52027777777784,37.45,-47.73,14.99,5.247999999999998,9.416933333333334,5.9459333333333335,687
225,0.6,408.65888888888895,62.31,-61.83,17.67,5.367999999999999,7.8014333333333346,8.455066666666667,687
226,0.92,296.86,35.53,-47.29,14.49,5.322,8.950999999999997,6.2724,687
227,0.62,415.62888888888887,63.63,-59.3,17.56,5.3420000000000005,8.145266666666666,8.406066666666668,687
228,0.92,299.3077777777778,36.26,-48.14,14.74,5.33,8.793033333333334,6.930533333333332,687
229,0.64,402.841388888889,62.76,-65.18,17.67,5.2959999999999985,8.474649999999999,7.398733333333333,687
230,0.92,306.06666666666666,37.03,-48.23,15.07,5.45,9.404833333333334,6.5347333333333335,687
231,0.62,417.85333333333335,62.61,-60.47,17.66,5.316,8.141933333333332,9.8822,687
232,0.92,297.6908333333334,36.44,-46.36,14.49,5.332000000000002,9.065516666666667,7.682533333333334,687
233,0.64,415.64555555555563,63.08,-61.01,17.57,5.3340000000000005,8.465050000000002,8.985900000000003,687
234,0.92,290.59333333333336,36.4,-45.51,14.57,5.324,9.014366666666668,6.682933333333334,687
235,0.62,396.0819444444445,63.48,-59.99,17.65,5.43,8.155466666666667,7.944450000000002,687
236,0.92,307.5544444444444,35.36,-46.46,14.55,5.276000000000002,9.127433333333332,7.486833333333334,687
237,0.62,413.6427777777778,63.49,-61.05,17.67,5.3439999999999985,8.140266666666667,8.55695,687
238,0.92,288.3677777777778,36.79,-46.09,14.4,5.376,8.782883333333332,6.2454,687
239,0.6,395.76805555555563,65.23,-61.37,17.7,5.377999999999999,7.808250000000001,7.490400000000001,687
240,0.92,305.23222222222216,36.1,-46.92,14.57,5.436,8.694016666666668,6.734533333333334,687
241,0.66,434.10361111111115,64.28,-60.74,17.56,5.433999999999998,8.816600000000003,8.543183333333333,687
242,0.92,289.8122222222222,34.86,-46.19,14.32,5.397999999999999,8.537216666666668,6.0486666666666675,687
243,0.92,304.68583333333333,36.09,-47.1,14.57,5.394,8.738450000000002,6.412916666666668,687
244,0.62,407.4233333333333,64.5,-60.71,17.55,5.416,8.138733333333334,7.966,687
245,0.92,297.1255555555556,35.79,-47.06,14.73,5.312,8.9144,6.2812,687
246,0.66,418.45166666666665,64.04,-58.58,17.44,5.376,8.814666666666666,7.993533333333334,687
247,0.92,304.72500000000014,36.19,-48.66,14.72,5.2700000000000005,9.101933333333333,7.699166666666668,687
248,0.62,398.99333333333334,62.82,-60.05,17.65,5.314,8.146066666666668,8.709933333333334,687
249,0.92,291.1577777777779,37.14,-47.76,14.32,5.3740000000000006,8.817633333333333,6.1465000000000005,687
250,0.62,412.30861111111113,63.46,-62.16,17.65,5.3439999999999985,8.138266666666668,8.940266666666666,687
251,0.92,272.30194444444453,36.63,-44.76,14.4,5.392,8.752366666666667,5.445283333333332,687
252,0.62,406.35416666666674,62.99,-61.8,17.68,5.3820000000000014,8.1406,7.154983333333334,687
253,0.92,295.74666666666667,35.68,-47.4,15.15,5.35,8.615733333333333,6.069066666666667,687
254,0.6,407.3175,62.43,-61.06,17.66,5.348000000000001,7.797183333333335,7.67685,687
255,0.92,301.6450000000001,36.12,-47.54,15.14,5.35,9.009266666666667,6.6222666666666665,687
256,0.6,413.85333333333335,64.59,-61.34,17.76,5.3980000000000015,7.794133333333334,7.653133333333335,687
257,0.92,290.99333333333334,36.19,-47.78,14.99,5.364,9.0971,5.519783333333333,687
258,0.6,410.2019444444445,63.52,-62.9,17.66,5.3340000000000005,7.805483333333332,7.626516666666667,687
259,0.62,407.9352777777778,62.56,-62.08,17.74,5.374,8.145533333333333,7.744700000000001,687
260,0.92,280.8233333333333,36.19,-47.12,14.9,5.380000000000001,8.7558,5.374133333333334,687
261,0.62,411.40333333333336,63.69,-60.44,17.65,5.345999999999999,8.1584,8.086066666666667,687
262,0.92,287.92305555555566,35.41,-47.47,14.82,5.308,8.717900000000002,5.709966666666667,687
263,0.62,409.1544444444445,63.76,-59.67,17.58,5.322,8.135066666666667,7.4686666666666675,687
264,0.92,288.4194444444445,36.12,-49.95,15.24,5.24,9.111166666666668,5.5118,687
265,0.62,410.1397222222223,62.97,-59.97,17.57,5.358,8.142066666666668,7.0573500000000005,687
266,0.92,288.5044444444444,36.88,-51.36,15.31,5.303999999999999,9.170583333333333,5.2064,687
267,0.58,384.2041666666667,64.34,-61.88,17.69,5.374,7.477400000000001,6.444733333333334,687
268,0.92,288.0555555555556,36.23,-50.95,15.74,5.202000000000001,9.52455,4.997,687
269,0.58,412.3872222222223,61.81,-60.93,17.6,5.3420000000000005,7.473333333333334,7.7035833333333334,687
270,0.92,301.04805555555555,35.8,-49.99,15.47,5.396,9.079650000000004,5.997650000000001,687
271,0.62,407.73000000000013,62.31,-61.31,17.66,5.336,8.132666666666667,7.100533333333334,687
272,0.62,424.7963888888888,63.05,-60.05,17.67,5.327999999999999,8.1296,7.7319666666666675,687
273,0.92,296.2502777777778,36.38,-50.49,15.32,5.322,8.687116666666668,5.759683333333334,687
274,0.62,424.96638888888884,62.83,-60.15,17.58,5.2799999999999985,8.135866666666667,7.72545,687
275,0.92,290.7366666666667,36.0,-49.46,15.32,5.215999999999998,8.679533333333334,5.417666666666667,687
276,0.62,417.21888888888884,67.03,-61.06,17.56,5.394,8.134933333333333,6.917466666666668,687
277,0.92,309.5572222222223,37.19,-48.55,14.74,5.314,8.028366666666669,5.570016666666668,687
278,0.6,753.5266666666668,69.46,-64.28,17.63,8.082,7.807983333333333,16.890483333333332,687
279,0.92,121.41444444444444,35.11,-29.83,19.51,5.2139999999999995,11.641866666666667,4.2145,687
280,0.92,214.36666666666667,35.13,-35.03,12.23,5.236000000000001,7.25635,6.9355,687
281,0.6,353.46527777777777,59.89,-53.93,17.39,4.8199999999999985,7.825750000000001,10.318550000000002,687
282,0.92,271.06500000000005,35.63,-41.55,13.65,4.6819999999999995,9.9054,6.393266666666667,687
283,0.58,382.36444444444453,65.5,-56.36,17.41,5.422000000000001,7.4658000000000015,9.9236,687
284,0.92,281.5055555555556,35.2,-40.41,13.15,5.31,7.618616666666667,7.0372666666666674,687
285,0.7,449.79805555555566,63.32,-61.49,17.65,5.408,9.4836,9.505633333333332,687
286,0.92,277.02055555555563,35.82,-43.66,13.9,5.314,8.113750000000001,5.869766666666666,687
287,0.6,412.8322222222222,65.74,-63.77,17.8,5.42,7.793450000000001,7.602066666666667,687
288,0.92,289.8386111111111,36.24,-47.15,14.99,5.297999999999999,8.75205,5.726233333333332,687
289,0.64,432.41583333333335,64.37,-61.26,17.67,5.322,8.483966666666667,8.036716666666667,687
290,0.92,295.46055555555563,36.31,-47.44,14.99,5.42,8.642383333333335,5.96255,687
291,0.64,435.5477777777778,62.8,-61.11,17.68,5.2700000000000005,8.46135,8.414366666666668,687
292,0.92,291.7344444444445,36.06,-46.52,14.74,5.394,8.6671,6.0435333333333325,687
293,0.62,426.57388888888886,61.62,-63.61,17.77,5.382000000000001,8.128333333333334,8.438633333333334,687
294,0.92,295.9727777777779,35.56,-46.68,14.38,5.403999999999999,8.452566666666666,6.153766666666668,687
295,0.6,413.01805555555563,64.42,-59.81,17.67,5.444,7.796666666666669,7.7593,687
296,0.92,301.8938888888889,36.46,-47.51,14.65,5.3679999999999986,8.923266666666667,6.187316666666668,687
297,0.62,406.52000000000015,63.59,-61.09,17.65,5.352,8.142333333333333,7.6868,687
298,0.92,304.74,36.64,-49.14,14.65,5.428,8.868033333333333,6.308066666666668,687
299,0.62,422.11194444444453,63.41,-61.4,17.68,5.322,8.133266666666668,8.378616666666668,687
300,0.92,294.2866666666667,35.86,-47.31,14.98,5.416,8.770933333333334,6.165633333333332,687
1,0.82,426.5988888888888,75.02,-50.87,19.5,5.533999999999999,12.853666666666665,10.409466666666667,20
2,0.76,466.8811111111111,66.32,-49.45,18.45,5.556,11.751883333333335,10.912333333333335,20
3,0.86,574.0472222222221,70.24,-54.54,19.07,5.422000000000001,13.528800000000002,12.882583333333335,20
4,0.84,576.7188888888887,67.27,-51.86,18.6,5.372000000000001,13.026216666666668,13.504666666666667,20
5,0.84,534.9555555555556,69.34,-50.25,19.13,5.4540000000000015,13.040783333333335,12.088933333333335,20
6,0.8,516.2533333333333,69.02,-49.61,18.87,5.4639999999999995,12.423733333333335,11.417266666666668,20
7,0.78,868.7077777777777,68.35,-47.93,18.98,5.612,12.084666666666667,36.841333333333345,20
8,0.44,228.20166666666677,58.55,-53.07,17.99,5.5920000000000005,5.989083333333333,10.381416666666668,20
9,0.74,338.62888888888887,64.83,-48.75,18.64,5.457999999999999,11.417600000000002,9.533733333333336,20
10,0.82,488.4913888888889,72.17,-46.3,19.41,5.593999999999999,12.9098,11.803133333333335,20
11,0.8,484.19000000000017,71.7,-50.26,19.23,5.513999999999999,12.5212,10.970000000000002,20
12,0.8,538.3788888888888,75.08,-44.11,19.28,5.45,12.449366666666668,12.106933333333336,20
13,0.76,507.47222222222234,73.7,-47.05,19.4,5.501999999999999,11.769783333333335,11.3562,20
14,0.72,470.60138888888883,69.45,-45.95,18.86,5.388,10.896083333333333,11.050933333333333,20
15,0.74,550.27,71.63,-48.98,19.05,5.648,11.402466666666665,13.872933333333332,20
16,0.78,453.8766666666667,68.12,-48.26,18.86,5.58,12.001066666666668,10.4424,20
17,0.78,537.7377777777778,74.96,-50.55,19.66,5.405999999999999,12.177333333333333,12.096533333333333,20
18,0.78,601.3869444444445,72.53,-52.89,19.31,5.444000000000001,12.1786,15.585400000000002,20
19,0.78,694.0055555555556,70.64,-49.66,19.05,5.662000000000001,12.069066666666668,25.755533333333336,20
20,0.46,232.1538888888889,58.61,-41.53,18.2,5.627999999999999,6.146733333333335,10.0886,20
21,0.58,279.5036111111112,69.0,-47.26,18.99,5.48,8.332333333333334,10.575866666666666,20
22,0.5,291.57277777777784,69.08,-47.14,19.0,5.5280000000000005,6.998333333333334,11.649,20
23,0.6,317.08777777777783,70.0,-46.28,18.8,5.584,9.036016666666667,9.740200000000002,20
24,0.66,412.2388888888889,77.97,-59.89,19.75,5.638,10.043666666666667,11.430466666666666,20
25,0.6,386.3519444444445,71.15,-55.33,19.2,5.476,9.116450000000002,10.237483333333332,20
26,0.8,489.02111111111117,75.97,-49.16,19.38,5.356,12.634050000000002,10.860966666666668,20
27,0.2,371.1122222222222,66.08,-79.16,19.94,4.746,2.0334,15.050833333333333,20
28,0.46,266.14555555555563,76.78,-35.09,19.45,5.517999999999999,6.458066666666667,10.628333333333334,20
29,0.48,273.5244444444444,79.39,-54.93,20.14,5.734,7.055833333333334,7.981933333333334,20
30,0.58,324.3188888888889,54.4,-56.65,19.07,5.417999999999998,8.689733333333333,8.327133333333334,20
31,0.26,18.624444444444453,79.76,-33.91,21.08,0.10199999999999987,3.2162,0.7569333333333335,20
32,0.24,373.19000000000017,125.9,-41.59,25.25,5.414,2.924283333333334,9.9974,20
33,0.46,377.2438888888889,102.78,-58.36,22.97,5.624,7.159533333333334,8.624666666666664,20
34,0.64,465.8966666666667,99.87,-60.72,22.56,5.582000000000001,10.596216666666663,9.287666666666668,20
35,0.7,513.0566666666667,83.49,-52.57,20.52,5.41,11.157933333333334,10.058066666666667,20
36,0.76,528.308888888889,80.04,-45.96,19.87,5.497999999999999,11.97845,10.482533333333336,20
37,0.7,524.8122222222223,83.58,-48.81,20.25,5.5939999999999985,11.106133333333334,10.594033333333332,20
38,0.5,403.54111111111115,80.25,-46.75,20.37,5.784000000000002,7.164066666666668,9.510866666666667,20
39,0.6,418.6930555555555,83.91,-45.26,20.43,5.6400000000000015,9.175966666666667,9.5214,20
40,0.48,353.90583333333336,81.72,-57.6,19.94,5.506000000000001,6.7708,9.490099999999998,20
41,0.64,411.9877777777778,85.11,-46.9,20.83,5.367999999999999,9.758616666666667,10.1016,20
42,0.48,344.50333333333344,70.85,-54.08,18.96,5.4239999999999995,6.706783333333335,9.672,20
43,0.64,333.4725,68.19,-45.97,18.81,5.553999999999999,9.484733333333333,8.082266666666667,20
44,0.5,368.7422222222222,74.57,-58.64,19.63,5.638,7.2304666666666675,9.701533333333336,20
45,0.42,261.5063888888889,59.52,-51.7,18.11,5.698,5.525733333333334,8.42515,20
46,0.64,334.27277777777783,79.62,-52.42,19.9,5.566,9.67445,8.069616666666667,20
47,0.24,198.00555555555562,55.83,-36.7,18.28,5.481999999999998,2.7009000000000003,6.660283333333334,20
48,0.58,454.2272222222222,104.44,-57.83,22.98,5.4700000000000015,9.995400000000002,9.489216666666668,20
49,0.76,627.9775000000002,96.76,-53.73,22.13,5.502000000000001,13.077266666666667,11.272416666666668,20
50,0.78,602.7952777777778,93.71,-49.85,21.56,5.416,13.206266666666668,9.829,20
51,0.66,508.7625000000001,102.04,-49.11,22.5,5.596,11.0756,7.766733333333335,20
52,0.56,686.141388888889,93.18,-57.94,21.38,5.465999999999998,8.7203,13.033650000000005,20
53,0.82,590.2488888888888,86.97,-54.42,21.02,5.622000000000001,13.808133333333332,9.398933333333334,20
54,0.74,659.9133333333334,91.0,-47.16,21.25,5.555999999999999,12.183333333333335,11.010733333333333,20
55,0.74,646.3402777777778,92.28,-50.39,21.45,5.568,12.2124,10.716900000000004,20
56,0.7,677.5005555555556,90.11,-52.31,21.26,5.526000000000002,11.517666666666667,11.987933333333332,20
57,0.84,624.5127777777778,83.28,-46.83,20.49,5.574,13.848216666666668,10.278033333333333,20
58,0.7,651.8933333333333,86.47,-53.21,20.7,5.525999999999999,11.394933333333334,11.5044,20
59,0.52,551.9577777777779,90.06,-63.74,21.35,5.356,8.241983333333334,11.167833333333334,20
60,0.84,669.9511111111111,77.78,-56.67,20.15,5.5520000000000005,13.833166666666667,12.312766666666667,20
61,0.88,657.4144444444444,81.33,-46.81,20.31,5.6019999999999985,14.4563,11.645916666666665,20
62,0.92,714.5305555555556,81.91,-50.15,20.51,5.5299999999999985,15.052683333333334,12.150583333333335,20
63,0.8,649.577777777778,84.52,-54.34,20.61,5.354000000000001,13.091083333333335,10.9624,20
64,0.76,637.7466666666667,81.24,-56.56,20.23,5.444,12.338983333333333,10.950866666666668,20
65,0.8,662.1602777777778,81.29,-51.79,20.22,5.724,13.037466666666667,11.226350000000002,20
66,0.84,652.4655555555556,75.58,-53.63,19.92,5.453999999999999,13.647683333333335,11.0744,20
67,0.68,790.3297222222222,87.59,-51.44,20.85,4.428,10.961566666666664,17.37383333333333,20
68,0.62,429.7977777777778,92.85,-44.29,21.28,5.3820000000000014,9.958066666666667,8.615933333333333,20
69,0.8,625.586388888889,86.6,-53.86,20.82,5.316000000000002,13.15225,11.40385,20
70,0.8,609.0322222222222,87.4,-44.95,20.86,5.300000000000002,13.098416666666667,10.631333333333334,20
71,0.74,639.3866666666668,85.11,-55.2,20.67,5.3660000000000005,11.9906,11.256866666666667,20
72,0.8,614.8611111111112,82.76,-53.76,20.51,5.564,12.904183333333336,10.632733333333334,20
73,0.68,610.6555555555557,83.54,-59.98,20.54,5.532,11.028766666666668,10.6498,20
74,0.64,601.8288888888889,90.03,-55.36,21.33,5.409999999999998,10.4527,10.890066666666666,20
75,0.64,523.0736111111112,81.12,-57.98,20.55,5.486000000000001,10.283383333333337,9.422266666666664,20
76,0.76,581.6533333333333,79.36,-55.44,20.19,5.456,12.280600000000002,9.992533333333332,20
77,0.9,704.3369444444446,84.4,-47.82,20.61,5.491999999999999,14.485,12.511333333333335,20
78,0.88,669.6305555555557,82.73,-50.74,20.53,5.444000000000001,14.215066666666665,11.72305,20
79,0.76,608.1200000000001,79.66,-55.44,20.02,5.4079999999999995,12.131166666666667,10.982666666666667,20
80,0.76,594.1344444444445,82.74,-50.17,20.79,5.456,12.113400000000002,10.9472,20
81,0.62,514.1963888888888,82.76,-55.04,20.5,5.587999999999999,9.7344,9.8781,20
82,0.72,546.2422222222224,81.22,-49.3,20.19,5.547999999999999,11.401866666666667,10.398783333333336,20
83,0.64,528.9716666666667,76.8,-50.93,19.94,5.414,10.117233333333333,10.273216666666668,20
84,0.7,525.1194444444445,77.88,-51.83,19.81,5.4540000000000015,11.062600000000002,10.1795,20
85,0.76,589.1175000000002,81.52,-51.39,20.64,5.513999999999999,12.156233333333335,11.164166666666668,20
86,0.82,643.0855555555556,84.09,-48.99,20.82,5.55,13.219066666666665,12.203533333333334,20
87,0.74,564.9033333333333,79.88,-54.35,19.95,5.434,11.945000000000002,10.122866666666667,20
88,0.8,614.7077777777779,78.14,-48.37,20.0,5.394,12.829916666666668,11.5236,20
89,0.8,587.0877777777779,78.41,-52.78,19.82,5.446000000000001,12.776283333333335,10.874000000000002,20
90,0.86,648.0852777777778,76.78,-53.39,19.98,5.484,13.776666666666667,11.924183333333335,20
91,0.84,646.8922222222224,83.24,-50.72,20.5,5.461999999999999,13.487983333333334,12.287933333333335,20
92,0.78,549.0477777777778,76.36,-56.86,19.87,5.466,12.404199999999998,10.0204,20
93,0.76,574.5725,77.22,-51.46,20.06,5.432,12.11915,10.78346666666667,20
94,0.84,603.9733333333334,77.75,-54.28,19.98,5.394,13.290500000000002,11.217533333333336,20
95,0.82,636.2311111111112,79.09,-51.75,20.28,5.468,13.114133333333333,11.988600000000002,20
96,0.82,600.32,82.85,-45.65,20.46,5.378000000000001,13.168133333333332,11.305533333333333,20
97,0.76,587.5044444444446,79.47,-56.7,20.19,5.453999999999999,12.128666666666666,10.945266666666667,20
98,0.82,615.2155555555556,81.27,-51.05,20.24,5.502000000000002,13.184133333333332,11.242066666666668,20
99,0.98,727.2100000000003,79.88,-50.89,20.21,5.302000000000001,15.813266666666667,13.318866666666667,20
100,0.82,633.9216666666667,78.31,-56.3,20.17,5.48,13.212133333333332,11.652766666666668,20
101,0.82,625.158888888889,77.76,-52.01,20.2,5.502000000000001,13.082999999999998,12.066333333333334,20
102,0.8,590.7494444444445,74.06,-53.79,19.52,5.482,12.640866666666666,11.5513,20
103,0.86,569.5283333333333,78.73,-50.37,19.99,5.292000000000001,13.621733333333335,10.685666666666668,20
104,0.8,580.417777777778,77.73,-53.89,20.05,5.550000000000002,12.695033333333333,10.754866666666667,20
105,0.82,536.1155555555557,75.33,-52.45,19.75,5.55,12.947,9.658999999999999,20
106,0.74,607.9330555555556,79.09,-52.86,20.08,5.542000000000001,11.506933333333334,12.108566666666665,20
107,0.86,612.9780555555557,75.14,-48.21,19.6,5.544,13.583533333333335,12.554883333333335,20
108,0.96,638.8311111111111,72.17,-50.51,19.44,5.542000000000001,15.226533333333334,12.635083333333334,20
109,0.98,653.4322222222222,73.15,-51.38,19.41,5.518,15.447066666666668,13.186816666666665,20
110,0.92,619.5275,70.71,-49.96,19.27,5.456,14.5193,12.536566666666667,20
111,0.88,616.1002777777778,70.48,-51.44,19.16,5.586,13.768266666666667,13.05396666666667,20
112,0.96,562.6022222222222,74.75,-47.51,19.77,5.5520000000000005,15.139033333333332,11.033933333333335,20
113,0.84,576.513611111111,70.55,-50.11,19.17,5.4239999999999995,13.0956,11.521383333333333,20
114,0.92,599.2966666666667,70.89,-51.28,19.42,5.434,14.262850000000002,12.323933333333335,20
115,0.68,429.9955555555555,71.56,-48.78,19.32,5.5,10.4081,8.883066666666668,20
116,0.88,556.0383333333333,69.3,-48.75,19.15,5.518000000000002,13.571716666666667,11.352366666666667,20
117,0.86,137.54138888888892,69.89,-48.93,19.22,6.077999999999999,13.468466666666664,2.179316666666667,20
118,0.22,692.8177777777777,95.37,-66.3,22.52,5.526000000000002,2.6074666666666664,15.249933333333335,20
119,0.72,462.67333333333335,72.65,-48.79,19.53,5.484,11.225716666666667,10.0012,20
120,0.66,419.4477777777778,70.55,-55.67,19.11,5.5200000000000005,10.159400000000002,8.339866666666667,20
121,0.7,555.4413888888888,77.48,-57.01,20.15,5.401999999999999,11.146266666666667,10.714383333333336,20
122,0.68,516.9647222222222,74.59,-53.61,19.54,5.507999999999999,10.651333333333335,10.16805,20
123,0.66,521.5680555555557,76.2,-54.9,19.71,5.42,10.3006,10.404933333333334,20
124,0.7,498.55222222222227,76.21,-53.59,20.07,5.523999999999999,11.074866666666667,9.642666666666667,20
125,0.66,513.7872222222222,71.35,-51.19,19.54,5.48,10.334600000000002,10.033033333333334,20
126,0.76,546.398611111111,77.63,-47.21,20.07,5.481999999999998,12.0338,10.640583333333334,20
127,0.74,550.7677777777776,77.89,-50.59,19.88,5.5840000000000005,11.662399999999998,10.8824,20
128,0.8,574.5388888888889,78.94,-48.66,20.13,5.4060000000000015,12.811133333333334,10.9531,20
129,0.74,515.4077777777778,77.11,-56.13,19.68,5.56,11.787333333333335,9.234933333333334,20
130,0.64,558.3000000000003,80.02,-56.71,20.25,5.448,10.094866666666668,10.627066666666666,20
131,0.76,588.2544444444445,74.89,-52.55,19.66,5.412000000000001,12.121250000000002,11.2733,20
132,0.78,599.5038888888888,77.17,-57.98,19.92,5.358,12.5144,11.34105,20
133,0.72,562.5013888888888,77.63,-51.6,19.77,5.5459999999999985,11.36425,11.1359,20
134,0.84,594.2783333333333,74.28,-54.02,19.45,5.382000000000001,13.4321,11.232400000000002,20
135,0.7,551.0566666666667,74.52,-51.58,19.75,5.468,10.946066666666667,11.212933333333336,20
136,0.8,575.1477777777778,75.7,-53.23,19.87,5.432,12.589266666666667,11.633866666666664,20
137,0.7,497.56000000000006,76.59,-50.91,19.84,5.37,10.941733333333335,9.874466666666667,20
138,0.64,488.9041666666666,76.86,-51.09,19.81,5.468,10.000883333333332,10.1752,20
139,0.54,404.53916666666674,82.85,-58.4,20.48,5.465999999999998,8.290266666666666,8.243166666666667,20
140,0.44,242.98666666666668,52.71,-43.63,17.81,5.465999999999998,5.7701,6.565533333333335,20
141,0.8,563.0711111111111,82.38,-51.27,20.64,5.4540000000000015,12.992016666666665,10.6842,20
142,0.82,641.7575,77.1,-50.93,19.91,5.438,13.256733333333333,12.1933,20
143,0.84,658.4850000000001,77.61,-48.62,20.18,5.434,13.589916666666667,12.324133333333332,20
144,0.86,592.6200000000001,72.67,-54.61,19.48,5.432,13.760266666666665,10.9174,20
145,0.82,593.4455555555555,70.97,-57.46,19.35,5.337999999999999,13.042533333333335,10.941466666666665,20
146,0.86,609.4244444444445,66.03,-59.18,18.65,5.47,13.363466666666667,11.756800000000002,20
147,0.84,645.8719444444447,72.32,-55.46,19.2,5.4639999999999995,13.3472,12.716349999999998,20
148,0.88,562.0466666666667,72.8,-57.19,19.21,5.475999999999999,13.959699999999998,10.538466666666668,20
149,0.8,558.9666666666667,73.95,-53.03,19.64,5.6,12.567433333333332,10.563466666666667,20
150,0.82,633.5097222222222,72.3,-54.34,19.46,5.452000000000001,12.936933333333334,12.447800000000004,20
151,0.86,595.3841666666667,76.82,-54.31,20.04,5.379999999999999,13.687933333333335,11.342983333333335,20
152,0.84,626.8977777777781,74.33,-53.66,19.81,5.5379999999999985,13.337483333333333,12.318266666666668,20
153,0.76,634.1069444444445,75.87,-55.22,19.73,5.494,11.984133333333332,13.375283333333336,20
154,0.9,595.0511111111111,73.42,-52.96,19.52,5.577999999999999,14.264866666666668,12.608533333333336,20
155,0.48,362.23805555555566,66.99,-38.58,18.93,5.526,6.512350000000001,10.4941,20
156,1.0,619.1211111111112,73.99,-49.76,19.45,5.662000000000001,15.7353,14.099266666666667,20
157,0.68,510.4300000000002,78.11,-47.49,19.93,5.6560000000000015,10.606283333333334,15.406733333333333,20
158,0.72,296.54777777777787,61.44,-44.77,18.41,5.604,10.921366666666668,6.376333333333334,20
159,0.62,281.32,67.13,-56.27,18.98,5.388,9.192266666666667,4.916133333333333,20
160,0.64,589.7502777777778,61.81,-38.47,18.43,5.562,9.1385,14.972816666666667,20
161,0.98,658.3827777777777,70.33,-47.56,19.24,5.65,15.4962,15.10585,20
162,0.96,554.9666666666667,71.07,-55.2,19.3,5.382000000000001,15.161416666666666,10.8564,20
163,0.7,727.4202777777775,68.77,-56.31,19.09,5.65,10.659066666666666,20.926616666666668,20
164,1.0,550.9599999999998,69.56,-53.51,19.2,5.482000000000001,16.218766666666667,11.304399999999998,20
165,0.86,594.4533333333334,74.8,-48.7,19.63,5.491999999999999,13.753933333333334,11.8646,20
166,0.72,531.9555555555555,73.65,-46.54,19.68,5.46,11.338116666666668,11.014733333333336,20
167,0.82,613.917777777778,72.42,-52.71,19.5,5.345999999999999,13.064600000000002,12.245666666666667,20
168,0.82,619.73,75.22,-50.13,19.56,5.496,13.061066666666667,12.749466666666667,20
169,0.96,436.99333333333334,73.27,-48.98,19.45,5.38,15.317750000000002,7.449916666666668,20
170,1.2,1116.2211111111112,62.05,-39.24,20.03,5.722,19.74991666666667,35.379133333333336,20
171,0.72,268.81500000000005,53.91,-39.54,17.79,5.346,10.1991,17.892300000000006,20
172,0.5,178.6444444444445,50.61,-39.29,17.6,5.590000000000002,6.706866666666667,5.904533333333332,20
173,0.54,374.21777777777777,58.59,-38.95,18.25,5.8420000000000005,7.491933333333335,16.728133333333336,20
174,0.82,375.2433333333332,52.34,-44.95,17.42,5.6160000000000005,12.369733333333333,12.450933333333333,20
175,0.78,456.61555555555566,63.82,-47.43,18.57,5.494,11.791733333333335,12.527200000000002,20
176,0.7,438.8455555555555,70.41,-45.09,18.96,5.376,10.5926,12.0456,20
177,0.66,461.0241666666667,72.27,-46.57,19.31,5.5939999999999985,10.026866666666667,12.479166666666668,20
178,0.82,545.3088888888889,65.69,-47.93,18.71,5.5520000000000005,12.556133333333333,15.060200000000002,20
179,0.88,527.0822222222223,65.66,-48.64,18.44,5.513999999999999,13.570049999999998,14.514866666666668,20
180,0.8,468.99222222222227,66.01,-46.81,18.76,5.448,12.210683333333336,12.879000000000001,20
181,0.82,522.1411111111112,66.57,-45.09,18.88,5.5619999999999985,12.462800000000005,13.798733333333335,20
182,0.48,339.17583333333334,69.16,-44.48,19.23,5.5360000000000005,6.785966666666668,8.996800000000002,20
183,0.68,322.02444444444444,71.24,-46.48,19.02,5.547999999999999,10.2375,8.693450000000002,20
184,0.46,433.86194444444453,49.14,-42.34,17.37,5.553999999999999,6.059400000000001,16.142933333333335,20
185,0.82,418.2736111111112,67.33,-49.33,18.79,5.589999999999999,12.75,10.909333333333334,20
186,0.78,449.48,64.49,-49.1,18.76,5.658,11.9372,11.402133333333332,20
187,0.86,524.1661111111111,67.86,-51.13,18.94,5.4239999999999995,13.235333333333335,13.163616666666668,20
188,0.9,539.8783333333333,64.06,-51.76,18.49,5.632000000000001,13.790466666666667,12.448833333333335,20
189,0.76,657.9855555555557,64.91,-49.6,18.4,5.619999999999999,11.571016666666667,21.76493333333333,20
190,0.22,230.13944444444442,58.71,-65.29,18.96,4.676,2.3632000000000004,11.6122,20
191,0.26,142.56472222222226,62.45,-46.46,18.83,5.610000000000001,3.0552666666666672,7.159316666666667,20
192,0.64,302.1388888888889,64.58,-49.83,18.49,5.5699999999999985,9.635033333333332,9.804,20
193,0.76,363.27111111111117,65.29,-47.09,18.58,5.630000000000001,11.3166,12.684533333333334,20
194,0.32,161.6805555555556,48.27,-40.48,17.41,5.546,3.922716666666667,5.9488,20
195,0.98,513.0930555555557,65.62,-45.53,18.63,5.586,15.210933333333335,13.060283333333334,20
196,0.98,570.4822222222222,66.33,-52.36,18.79,5.582000000000001,15.319,12.923000000000002,20
197,0.86,573.468888888889,66.07,-46.19,18.55,5.553999999999999,13.112533333333333,15.287066666666668,20
198,0.82,505.5266666666666,67.18,-47.07,18.96,5.468,12.7052,13.14321666666667,20
199,0.6,449.93111111111125,69.46,-49.79,19.15,5.422000000000001,8.969683333333332,12.486466666666667,20
200,0.88,491.4122222222222,68.49,-48.08,18.8,5.510000000000002,13.687550000000005,11.427866666666667,20
201,0.82,536.1336111111111,66.85,-51.29,18.76,5.44,12.5734,12.522383333333336,20
202,0.8,500.5544444444445,65.56,-49.63,18.71,5.606,12.271866666666664,11.919316666666667,20
203,0.8,510.92444444444465,66.76,-48.61,18.86,5.523999999999999,12.205833333333333,12.405,20
204,0.82,496.74888888888887,66.58,-48.19,18.66,5.574,12.551133333333334,12.13825,20
205,0.82,577.6305555555557,68.87,-47.46,19.08,5.518,12.504333333333333,15.493583333333335,20
206,0.98,428.12888888888887,68.33,-43.98,18.95,5.444,14.9,10.4378,20
207,0.82,472.94888888888886,63.82,-48.44,18.66,5.532000000000001,12.4514,10.673266666666667,20
208,0.78,480.37,67.71,-52.6,19.05,5.414,12.003133333333334,10.294933333333333,20
209,0.7,618.218888888889,68.59,-49.05,18.87,5.676,10.5814,26.804866666666666,20
210,0.72,385.82666666666665,63.17,-48.43,18.5,5.524,10.840716666666665,12.071999999999996,20
211,0.26,8.288611111111111,50.62,-24.4,17.58,3.124,2.973933333333333,1.06335,20
212,0.16,310.4130555555556,45.71,-47.73,17.19,4.6019999999999985,1.2166,10.835466666666667,20
213,1.2,428.94,60.58,-39.49,18.17,5.482,18.44985,13.436133333333334,20
214,0.18,18.56555555555556,45.69,-42.33,17.52,3.306,1.6924,1.1989333333333334,20
215,0.16,202.45,42.13,-42.32,17.16,4.638,1.3470333333333335,12.129533333333335,20
216,0.18,14.160000000000002,43.03,-47.81,17.04,2.532,1.677266666666667,0.8518666666666668,20
217,0.16,130.79333333333335,52.43,-46.74,17.3,4.722,1.1949166666666668,7.491933333333334,20
218,0.18,215.45138888888889,43.19,-45.78,17.03,4.8260000000000005,1.6828,13.653883333333335,20
219,0.5,243.19777777777787,71.97,-55.35,18.8,4.406000000000001,7.225666666666667,6.207016666666667,20
220,0.3,200.23111111111112,58.5,-40.64,18.12,5.714,3.6455333333333337,10.1346,20
221,0.9,339.55694444444464,58.88,-38.6,18.2,5.6,13.593533333333335,10.622533333333337,20
222,1.0,475.11,64.7,-45.46,18.37,5.5120000000000005,15.538633333333333,10.110866666666665,20
223,0.18,12.0925,41.23,-47.56,17.06,2.68,1.6976000000000002,0.9368166666666669,20
224,0.14,280.01305555555547,50.08,-55.44,17.96,4.523999999999999,1.0009333333333337,11.0506,20
225,0.78,395.5122222222223,72.26,-38.0,19.16,5.4639999999999995,11.929533333333335,9.169250000000002,20
226,0.86,454.2975,62.04,-42.66,18.39,5.528,13.103333333333332,10.777316666666668,20
227,0.96,536.8002777777779,62.15,-46.49,18.34,5.472,14.86075,11.2845,20
228,0.94,587.3052777777779,64.66,-52.53,18.58,5.456,14.694000000000004,11.910283333333332,20
229,0.76,513.3744444444444,67.14,-52.92,18.68,5.516,11.738733333333334,10.654866666666667,20
230,0.78,588.4400000000003,68.45,-51.3,19.23,5.486000000000001,12.193133333333336,12.951466666666667,20
231,0.88,565.9133333333333,71.39,-49.69,19.3,5.478,13.8596,11.329466666666665,20
232,0.82,597.7572222222224,69.84,-50.56,19.27,5.4639999999999995,12.874133333333335,12.679733333333335,20
233,0.88,596.265,67.57,-48.41,18.88,5.544,13.730583333333335,12.904366666666668,20
234,0.9,578.3666666666667,67.08,-50.23,18.78,5.434,14.065333333333333,12.2916,20
235,0.88,589.4122222222222,65.89,-51.09,18.66,5.492000000000001,13.721600000000002,12.649133333333335,20
236,0.92,585.4977777777777,65.05,-50.41,18.5,5.5120000000000005,14.387183333333335,12.030600000000002,20
237,0.84,620.2786111111112,67.02,-48.6,18.7,5.486000000000001,12.938366666666667,15.116966666666668,20
238,0.9,584.8100000000002,69.8,-48.03,19.05,5.397999999999999,13.989866666666668,14.445066666666667,20
239,0.74,455.2119444444445,70.53,-43.78,19.05,5.654,11.224666666666668,12.147116666666665,20
240,1.04,560.3322222222222,64.48,-48.47,18.51,5.48,16.036033333333336,13.111666666666668,20
241,0.92,593.828888888889,67.38,-50.43,18.76,5.44,14.146716666666665,14.340183333333336,20
242,0.92,566.1169444444445,67.75,-46.79,18.92,5.672000000000001,14.237433333333335,13.594883333333335,20
243,0.96,510.22333333333336,67.01,-47.32,18.89,5.362,14.853283333333335,12.200933333333333,20
244,0.16,18.698333333333327,41.15,-43.7,16.83,3.342,1.3542666666666665,1.1948500000000002,20
245,0.16,141.19888888888892,46.68,-53.01,17.67,4.686,1.3645666666666667,9.490566666666668,20
246,0.16,191.71027777777775,36.36,-43.65,16.91,4.496,1.3696833333333334,8.65745,20
247,0.84,442.13555555555547,76.21,-46.9,19.49,5.5779999999999985,13.319333333333335,9.89986666666667,20
248,0.32,204.81555555555556,53.13,-38.49,17.68,5.602,3.9325,14.171000000000005,20
249,0.16,96.2533333333333,31.16,-43.53,16.51,4.666,1.3892666666666669,6.556466666666667,20
250,0.34,175.1875,50.02,-41.48,17.33,5.540000000000001,4.207933333333333,5.806816666666666,20
251,0.28,12.323055555555555,65.6,-28.68,18.81,3.08,3.3661833333333333,1.1359333333333337,20
252,0.16,167.14999999999995,49.36,-55.7,17.84,4.578,1.23035,9.300816666666666,20
253,0.16,18.542222222222218,40.96,-45.17,16.82,2.256,1.3516,1.1497333333333335,20
254,0.14,115.85777777777777,52.71,-49.87,17.94,4.774,0.9840666666666668,6.797533333333334,20
255,0.16,17.97888888888889,39.03,-40.93,16.72,2.024,1.3558833333333336,1.0007833333333334,20
256,0.14,130.5027777777778,48.06,-53.26,17.37,4.672,0.8785333333333334,6.75445,20
257,0.16,16.817777777777778,40.93,-44.44,16.89,1.354,1.3526833333333337,1.0696666666666663,20
258,0.14,246.365,54.79,-59.92,18.22,4.7,0.8606,11.382083333333336,20
259,0.16,154.05999999999997,42.19,-40.48,16.82,4.622000000000001,1.3445833333333337,11.899333333333333,20
260,0.2,28.81361111111111,42.33,-37.38,16.61,5.336,1.9906833333333331,1.40935,20
261,1.48,646.7952777777778,60.09,-48.82,19.22,5.456,24.6554,12.893033333333333,20
262,0.88,556.2300000000001,69.05,-48.89,19.09,5.278,13.901266666666668,10.844916666666668,20
263,0.78,535.0433333333334,71.6,-47.06,19.15,5.472,12.204866666666666,10.659133333333337,20
264,0.68,676.0177777777781,71.72,-51.09,19.19,5.4,10.50955,18.13553333333333,20
265,0.96,568.8233333333334,73.07,-46.22,19.08,5.5920000000000005,15.335083333333335,12.577066666666667,20
266,1.06,612.7266666666667,71.49,-40.48,19.19,5.5600000000000005,16.575133333333333,12.704266666666667,20
267,0.9,600.5722222222222,70.39,-48.9,19.22,5.401999999999999,14.107933333333332,12.304666666666668,20
268,0.9,604.9622222222222,68.04,-47.21,18.94,5.654,14.076533333333336,12.406133333333333,20
269,0.98,618.1066666666667,70.55,-48.53,19.31,5.44,15.321600000000002,12.7132,20
270,0.88,605.9355555555558,71.75,-41.73,19.37,5.4879999999999995,13.739950000000002,13.740533333333332,20
271,0.92,595.1855555555555,69.88,-48.71,18.98,5.472,14.356800000000002,12.897533333333335,20
272,0.9,595.6583333333333,67.15,-49.76,18.82,5.377999999999999,13.909666666666668,13.926416666666665,20
273,0.88,560.7341666666669,69.0,-48.96,18.96,5.544,13.6727,12.611583333333332,20
274,0.9,389.235,66.9,-48.0,18.86,5.522,13.835733333333335,8.638316666666668,20
275,0.82,438.96333333333337,48.79,-37.72,17.33,5.537999999999999,11.8394,13.087816666666667,20
276,0.24,10.016666666666667,53.61,-27.97,18.02,3.556,2.6887833333333333,1.2568,20
277,0.14,143.1822222222222,36.68,-49.06,17.0,4.831999999999999,1.0430666666666668,12.88706666666667,20
278,0.16,182.09583333333336,35.27,-43.22,16.81,4.555999999999999,1.3753666666666666,11.620900000000002,20
279,0.28,220.29777777777784,58.8,-41.12,18.18,5.482,3.3285666666666667,7.469066666666667,20
280,0.64,476.4277777777777,78.34,-49.53,19.72,5.508000000000001,9.990233333333332,12.889000000000001,20
281,0.9,512.5444444444445,73.79,-49.44,19.62,5.546,14.200133333333332,11.448733333333333,20
282,0.74,582.5102777777778,76.56,-41.31,19.91,5.43,11.49386666666667,15.452416666666668,20
283,1.02,519.9963888888889,63.56,-46.1,18.77,5.58,15.950866666666668,11.685966666666667,20
284,0.72,490.9536111111112,74.41,-49.31,19.73,5.581999999999999,11.080433333333335,10.945183333333334,20
285,0.74,483.02111111111117,81.06,-47.03,20.54,5.627999999999999,11.455133333333334,10.304,20
286,0.82,555.0100000000001,79.22,-50.06,20.24,5.442,13.119600000000005,11.009066666666667,20
287,0.8,576.747777777778,72.91,-48.07,19.52,5.57,12.548983333333334,11.495366666666666,20
288,0.62,533.2222222222222,75.05,-49.55,19.83,5.547999999999999,9.290066666666668,13.144850000000002,20
289,0.9,553.9400000000002,76.7,-48.97,20.07,5.510000000000002,14.368066666666667,11.796,20
290,0.64,467.5841666666668,45.43,-54.94,18.66,5.5200000000000005,9.347833333333332,13.694633333333336,20
291,0.26,54.992777777777775,63.98,-43.15,18.89,5.61,3.067733333333334,1.5158333333333334,20
292,0.28,290.8541666666667,63.84,-52.31,18.92,5.409999999999998,3.4460833333333336,9.042533333333337,20
293,0.52,522.4144444444445,72.47,-59.44,19.5,5.606,7.7868666666666675,20.806533333333334,20
294,0.46,280.1911111111111,85.71,-47.64,20.91,5.632000000000001,6.7042,9.04055,20
295,0.44,335.1325,80.32,-56.67,20.05,5.7,6.374033333333334,10.211633333333337,20
296,0.54,343.4588888888889,57.82,-59.83,18.53,5.666,7.9358,10.198066666666673,20
297,0.32,223.2588888888889,79.87,-55.13,20.39,5.3119999999999985,4.21735,6.286199999999999,20
298,0.92,709.5966666666667,79.56,-39.2,20.27,5.522,15.607783333333336,17.493100000000002,20
299,1.16,513.2111111111112,60.4,-43.6,18.2,5.5120000000000005,18.170666666666666,10.942133333333333,20
1,1.16,789.3611111111112,66.16,-38.78,21.85,8.39,19.15898333333334,31.121800000000004,572
2,1.08,737.0077777777777,64.2,-34.1,22.09,8.488,17.717650000000006,30.011700000000005,572
3,1.24,730.5366666666665,57.62,-38.24,21.53,8.607999999999999,20.292800000000003,28.07886666666667,572
4,1.04,766.8777777777779,58.82,-35.02,20.84,8.552000000000001,16.848266666666667,31.546683333333334,572
5,1.16,818.5477777777777,61.0,-33.85,22.15,8.486,18.8472,29.08546666666667,572
6,0.98,824.0955555555557,64.7,-37.35,21.1,8.594,16.020400000000002,31.3802,572
7,1.02,693.5655555555555,63.57,-36.34,22.67,7.766000000000001,16.76546666666667,25.9616,572
8,1.18,1129.577777777778,64.15,-34.45,20.72,8.578,19.360200000000006,42.65863333333334,572
9,1.08,716.5497222222223,51.22,-45.33,21.43,8.7,17.372500000000002,27.24443333333333,572
10,1.14,512.8577777777779,52.13,-39.49,21.92,8.636000000000001,18.479666666666667,24.0676,572
11,0.98,885.2288888888891,55.96,-37.74,20.22,7.7200000000000015,15.7784,31.77778333333334,572
12,0.88,504.3225000000001,56.48,-31.89,20.35,8.546000000000001,14.030933333333335,18.407516666666673,572
13,0.48,170.72555555555556,43.89,-30.12,21.21,8.36,6.9935,7.0288,572
14,0.84,573.2966666666667,62.9,-34.79,20.84,8.626000000000001,13.15055,21.022533333333328,572
15,0.72,652.3511111111111,70.3,-33.78,23.0,8.45,11.400566666666665,23.51151666666667,572
16,0.72,641.4366666666665,74.35,-37.02,21.81,8.36,11.551416666666668,32.05793333333333,572
17,0.76,624.7624999999998,72.51,-35.53,21.99,8.548,12.280116666666665,21.57085000000001,572
18,0.64,496.9422222222223,73.77,-46.2,24.07,8.568000000000001,10.0911,20.219833333333334,572
19,0.74,846.5166666666668,68.32,-56.23,22.52,7.68,11.865266666666667,42.19199999999999,572
20,0.16,82.59444444444446,35.22,-58.8,17.87,7.782000000000001,1.61125,10.13285,572
21,0.44,120.62222222222223,51.85,-51.64,20.44,7.663999999999999,6.3838333333333335,5.527066666666667,572
22,0.3,80.59444444444446,54.65,-39.54,21.94,8.334,4.0380666666666665,3.9314,572
23,0.26,140.54000000000002,27.55,-38.15,16.62,8.538,3.2139333333333333,7.599800000000001,572
24,0.18,162.73666666666668,57.25,-63.59,21.09,7.77,2.0375333333333336,12.2708,572
25,0.14,46.421944444444456,24.79,-46.57,16.5,8.14,1.314533333333333,3.2462500000000003,572
26,0.3,177.73361111111112,55.44,-59.74,19.84,7.734,3.968333333333333,13.295300000000005,572
27,0.26,89.59666666666668,46.77,-55.61,20.97,7.742000000000001,3.355066666666666,4.915533333333333,572
28,0.66,320.21111111111105,51.07,-73.63,20.14,7.729999999999999,10.1788,17.482533333333336,572
29,0.62,174.28694444444446,48.84,-42.21,21.74,8.376,9.409266666666667,7.1399333333333335,572
30,0.88,361.86444444444436,47.06,-41.02,19.97,8.389999999999999,13.7439,12.0818,572
31,0.18,80.77222222222224,47.27,-38.41,20.95,7.660000000000001,2.014466666666667,3.165866666666667,572
32,0.38,366.91444444444437,67.0,-37.82,19.16,8.548000000000002,5.2032,17.497933333333336,572
33,0.18,160.0580555555556,28.55,-49.93,16.92,7.603999999999999,1.9352,11.823283333333334,572
34,0.4,151.52333333333328,58.02,-44.2,19.86,8.636000000000001,5.659116666666668,8.729000000000001,572
35,0.5,381.4255555555557,76.19,-72.25,20.93,7.632000000000001,7.7098,16.384966666666664,572
36,0.2,65.77722222222222,31.18,-36.62,16.73,7.8,2.240533333333333,3.244666666666667,572
37,0.34,267.0477777777777,60.12,-54.32,21.61,7.736000000000001,4.628266666666668,15.118933333333334,572
38,0.42,180.50222222222226,43.77,-72.19,20.04,7.684,5.900266666666666,9.232533333333334,572
39,0.58,306.04000000000013,50.23,-74.14,21.16,7.7120000000000015,8.749800000000002,13.153316666666667,572
40,0.4,238.86805555555557,65.81,-69.45,20.82,7.732000000000001,5.745566666666668,9.996533333333335,572
41,0.44,265.37000000000006,58.43,-69.03,20.43,7.67,6.4101333333333335,10.493366666666667,572
42,0.68,464.5244444444445,68.67,-83.75,22.76,7.6560000000000015,10.673483333333332,14.682133333333333,572
43,0.5,330.3611111111112,48.27,-60.16,20.85,7.596000000000001,7.5056,12.917666666666667,572
44,0.56,311.1555555555556,61.97,-55.46,26.51,7.562,8.635333333333334,11.592466666666667,572
45,0.62,439.87222222222226,76.03,-86.95,22.25,7.3839999999999995,9.768333333333334,12.296266666666664,572
46,0.34,306.2888888888889,53.3,-66.14,20.08,7.606,4.631866666666666,11.617400000000002,572
47,0.92,259.07472222222225,73.1,-31.28,24.46,7.4700000000000015,15.148666666666667,8.819716666666668,572
48,0.62,684.1850000000002,62.77,-50.8,20.84,7.947999999999999,9.8366,18.3041,572
49,0.72,553.5077777777776,60.4,-54.13,26.01,7.668000000000001,11.714683333333335,15.840333333333335,572
50,0.54,457.0891666666668,79.43,-70.47,25.94,7.516,8.738866666666668,14.143283333333335,572
51,0.6,382.865,72.27,-90.28,20.66,7.724000000000001,9.617116666666666,10.15995,572
52,0.66,588.4702777777778,69.07,-76.53,24.6,7.65,10.682133333333333,19.143166666666673,572
53,0.62,378.63305555555564,73.42,-70.89,28.66,7.6339999999999995,10.173333333333336,12.049433333333335,572
54,0.7,478.37888888888887,73.4,-55.24,26.99,7.484,11.597466666666667,13.415399999999998,572
55,1.0,685.012222222222,56.86,-59.78,21.71,7.507999999999999,16.46456666666667,14.774933333333335,572
56,0.68,483.9211111111112,65.21,-47.39,25.19,7.636,11.020583333333333,15.283266666666668,572
57,0.82,563.7058333333333,59.0,-56.39,22.11,7.542000000000001,13.3076,17.027616666666667,572
58,0.92,274.62527777777785,55.87,-39.09,22.38,8.623999999999999,14.80091666666667,10.956816666666667,572
59,0.68,631.0744444444447,62.79,-75.66,23.44,7.6099999999999985,10.793366666666666,16.8696,572
60,0.16,199.21222222222227,39.96,-49.94,21.16,7.797999999999999,1.70065,10.524533333333338,572
61,0.74,8.933888888888891,86.54,-54.26,25.1,-27.166,12.0564,-2.1800166666666674,572
62,0.16,9.615555555555558,256.27,-86.62,31.73,-26.664,0.6700000000000002,-2.0152666666666668,572
63,0.18,1046.2094444444444,233.47,-107.7,33.42,7.612,0.5830000000000002,24.682283333333334,572
64,0.74,415.13944444444434,54.11,-60.2,22.08,7.6160000000000005,11.609533333333335,15.298683333333335,572
65,1.52,275.49666666666667,57.47,-30.33,22.76,8.674000000000001,25.0739,21.395666666666667,572
66,0.96,647.0088888888888,63.79,-42.38,21.24,8.41,15.608733333333335,18.662866666666673,572
67,0.92,678.8033333333334,63.31,-47.66,22.3,8.472000000000001,14.92435,18.4534,572
68,1.0,694.2211111111113,64.52,-33.1,20.67,8.288,16.150516666666668,17.858400000000007,572
69,0.8,991.4866666666667,68.35,-57.23,22.0,7.757999999999999,12.835216666666668,27.29726666666667,572
70,0.16,13.610833333333336,52.62,-46.24,20.8,6.087999999999999,1.6915833333333334,1.5801999999999998,572
71,0.96,560.4822222222223,56.52,-48.26,23.43,7.542000000000001,15.492416666666667,20.163933333333336,572
72,0.94,581.9255555555553,53.44,-68.04,24.63,7.586,15.210200000000004,21.882200000000005,572
73,0.2,64.7938888888889,34.09,-39.76,19.48,7.892,2.367666666666667,3.5434,572
74,0.52,421.3094444444445,73.38,-84.84,22.58,7.7860000000000005,8.027933333333333,22.87205,572
75,1.6,1288.1833333333338,86.03,-82.64,25.21,8.540000000000001,27.8711,32.612866666666676,572
76,1.48,757.9172222222221,57.2,-67.32,20.72,8.326,24.62016666666667,20.90525,572
77,0.2,11.799722222222226,21.85,-30.37,16.34,7.7,2.282283333333333,1.68165,572
78,0.14,13.965000000000005,23.95,-36.05,16.26,7.636,1.3266666666666669,1.7243666666666666,572
79,0.2,15.358888888888893,29.69,-40.67,18.72,4.088,2.336033333333333,1.3848333333333334,572
80,0.12,18.237222222222226,73.67,-72.2,19.94,2.372,1.0821,1.0832833333333332,572
81,0.1,18.428611111111113,71.49,-58.65,16.99,5.5360000000000005,0.6060666666666668,1.4278833333333334,572
82,0.12,18.924166666666668,34.94,-38.59,16.44,7.973999999999998,1.0791666666666668,9.43465,572
83,0.18,1.7444444444444438,32.83,-36.72,19.59,2.892,2.0496000000000003,0.9786666666666668,572
84,0.1,24.05722222222223,96.11,-67.42,19.54,-2.474,0.6151333333333334,0.6978833333333334,572
85,0.1,66.47805555555557,124.69,-72.64,21.73,7.959999999999999,0.4176,19.717,572
86,0.22,15.498333333333333,22.3,-30.37,17.31,7.229999999999999,2.6300000000000003,1.7295833333333337,572
87,0.12,28.43222222222223,171.65,-100.35,28.91,-6.0600000000000005,0.8172000000000001,0.2381333333333333,572
88,0.1,42.24555555555556,48.91,-72.22,14.2,7.995999999999999,0.2792,3.613133333333333,572
89,0.16,7.771111111111113,22.35,-35.06,15.94,7.127999999999999,1.6298833333333334,1.5197,572
90,0.14,11.100277777777775,27.7,-34.08,16.43,6.790000000000001,1.3078,1.6417000000000002,572
91,0.14,17.118611111111118,31.66,-49.61,20.71,4.57,1.4280000000000002,1.4755333333333336,572
92,0.12,11.446388888888894,56.42,-55.94,16.74,3.6639999999999997,0.95485,1.1863333333333332,572
93,0.14,21.05194444444444,56.27,-50.61,18.67,3.1839999999999997,1.2747333333333335,1.2537166666666668,572
94,0.82,894.7727777777777,120.33,-82.35,26.13,7.675999999999998,14.763533333333333,24.823383333333336,572
95,1.34,1283.7355555555555,85.85,-94.33,25.07,7.577999999999999,23.651000000000003,26.225466666666666,572
96,0.98,147.82611111111112,57.57,-25.36,21.03,7.718000000000001,15.793066666666668,8.522300000000001,572
97,0.88,326.03250000000014,62.43,-30.43,22.6,8.405999999999999,14.218583333333335,11.459566666666667,572
98,0.94,528.6966666666667,57.44,-41.21,20.95,8.41,15.2154,14.800266666666666,572
99,0.4,263.76555555555564,65.23,-33.91,22.19,8.594,5.808916666666668,8.7192,572
100,0.38,1005.77,70.65,-60.31,22.07,7.781999999999999,5.467666666666667,42.31793333333333,572
101,0.84,10.89472222222222,114.87,-30.48,27.32,-31.29,14.764333333333333,-2.516166666666667,572
102,0.06,1003.14,1.95,-89.62,17.61,7.778,-0.05286666666666666,25.003200000000003,572
103,0.18,181.99222222222218,54.05,-60.2,18.73,7.76,2.0482666666666667,10.796466666666667,572
104,0.26,68.71638888888889,56.23,-32.59,20.7,8.540000000000001,3.3916000000000004,3.3710666666666667,572
105,1.08,619.9211111111111,64.78,-37.12,24.06,7.434,18.1289,14.797,572
106,0.8,850.4733333333335,73.56,-66.96,25.16,7.754,13.195283333333332,23.32686666666667,572
107,0.98,1.5211111111111106,63.73,-41.37,23.82,-3.9139999999999997,16.150000000000002,0.16173333333333334,572
108,0.18,817.3669444444445,167.9,-70.51,26.59,7.802000000000001,2.3486,25.595150000000004,572
109,0.28,228.91555555555558,62.85,-47.4,19.01,7.684,3.8466166666666672,13.455800000000005,572
110,0.84,1.6777777777777785,63.6,-41.51,23.38,-5.322,13.883916666666664,0.014066666666666727,572
111,0.16,10.69,174.36,-75.53,31.69,-19.466,1.9797166666666668,-1.2051333333333334,572
112,0.14,820.438888888889,10.46,-72.94,14.91,7.3980000000000015,-2.266666666666667,20.4938,572
113,1.18,450.3122222222222,63.97,-36.18,25.14,7.3660000000000005,19.896733333333334,13.040533333333332,572
114,0.76,783.4694444444444,68.39,-56.54,28.33,7.206,12.638566666666668,13.667866666666667,572
115,1.78,810.1655555555554,49.05,-36.42,22.74,7.147999999999999,29.80786666666667,16.71955,572
116,0.44,83.50888888888889,72.59,-36.29,22.81,7.8679999999999986,6.7963000000000005,2.834133333333334,572
117,0.34,829.5152777777779,76.06,-63.74,19.92,7.6400000000000015,4.739466666666667,24.08356666666667,572
118,0.16,88.23777777777781,29.33,-51.57,19.96,7.754,1.7073833333333333,4.586733333333333,572
119,1.84,908.8458333333336,53.55,-61.55,22.18,7.676,30.90806666666667,22.73718333333333,572
120,1.24,842.6736111111113,60.0,-62.58,24.55,7.814,21.020316666666666,24.07156666666667,572
121,0.18,147.51027777777782,47.14,-56.07,20.33,7.744,2.109933333333333,8.3358,572
122,1.56,1315.3744444444444,88.84,-98.25,23.77,7.624,27.64323333333333,26.64406666666667,572
123,0.18,112.13638888888892,45.29,-44.62,20.31,7.718000000000001,2.0926666666666667,4.423883333333333,572
124,1.68,395.0511111111112,58.81,-35.18,22.47,8.508,28.41435,14.066133333333333,572
125,0.5,339.33055555555563,57.93,-33.48,21.12,7.362,7.671399999999998,10.859366666666665,572
126,0.64,381.95111111111123,62.15,-30.24,23.78,8.546000000000001,10.027,12.185533333333336,572
127,0.82,1009.555,61.84,-59.32,27.11,7.747999999999999,13.330400000000004,24.66533333333333,572
128,1.42,997.5466666666667,59.09,-58.52,21.19,7.752000000000002,23.72533333333334,36.67553333333333,572
129,1.5,527.0544444444445,56.19,-42.45,21.92,7.229999999999999,25.7154,13.274800000000004,572
130,0.82,1017.5088888888887,60.89,-68.18,23.56,7.747999999999999,13.482599999999998,27.92633333333333,572
131,1.32,756.8022222222224,58.76,-61.21,21.94,7.606,22.07561666666667,21.880400000000005,572
132,1.04,0.2344444444444441,72.44,-44.94,24.88,-11.106,17.732616666666665,-0.6294666666666667,572
133,0.12,941.8877777777777,187.85,-120.53,32.77,7.768000000000002,0.7436166666666668,24.85146666666667,572
134,0.16,105.90111111111112,40.47,-44.51,20.59,7.781999999999999,1.7221666666666668,5.212866666666667,572
135,0.88,595.4950000000001,58.15,-52.11,25.07,7.742000000000001,14.53905,22.395850000000006,572
136,0.84,513.7886111111112,67.72,-58.87,26.18,7.582000000000002,13.981683333333335,15.545566666666668,572
137,0.58,411.4011111111112,74.8,-56.57,22.84,7.736000000000001,9.377933333333333,11.428033333333335,572
138,0.24,244.75805555555561,48.61,-44.62,20.5,7.818,3.0593000000000004,14.246033333333335,572
139,0.44,293.1827777777778,68.43,-73.47,22.15,7.756,6.71825,10.939316666666667,572
140,1.1,7.265555555555557,82.88,-49.34,27.27,-26.74,18.5282,-2.17085,572
141,0.12,32.68388888888889,255.73,-80.46,32.19,-24.504,-0.4909166666666666,-1.3552500000000005,572
142,2.56,0.0,1.36,-90.44,18.53,7.23,24.19716666666667,0.0,572
143,0.14,159.1177777777778,28.88,-53.84,17.3,7.744,1.2938666666666667,7.762016666666668,572
144,0.3,60.125555555555565,50.14,-29.92,20.62,8.49,4.064400000000001,2.7465333333333337,572
145,1.46,426.79833333333335,47.16,-34.61,23.31,8.599999999999998,24.2406,21.376050000000006,572
146,0.94,505.2444444444445,66.0,-38.14,23.77,8.48,15.600133333333336,14.704800000000002,572
147,0.96,606.0400000000002,61.35,-39.77,23.98,8.318,16.083216666666665,15.802066666666667,572
148,0.94,692.1980555555557,66.22,-37.49,21.53,7.254,15.578733333333336,14.943916666666668,572
149,0.96,661.8733333333333,65.28,-35.59,26.05,7.162000000000001,16.169966666666667,14.4038,572
150,0.96,586.9866666666667,69.52,-44.44,23.25,8.435999999999998,16.14116666666667,14.829883333333335,572
151,0.94,705.5533333333333,71.84,-47.62,24.77,8.646,15.647800000000002,16.34066666666667,572
152,0.96,703.0033333333334,69.45,-43.17,22.26,8.373999999999999,15.988683333333334,16.8562,572
153,0.98,723.8955555555556,63.65,-38.61,23.61,8.484,16.287266666666667,17.18653333333333,572
154,0.9,820.3222222222224,70.46,-44.13,22.15,7.145999999999999,15.044800000000002,18.26513333333334,572
155,1.02,715.81,70.74,-37.66,24.41,8.453999999999999,17.096533333333333,17.273133333333334,572
156,0.76,531.8255555555556,74.76,-30.33,24.69,8.446000000000002,12.478833333333332,13.158666666666667,572
157,0.76,633.291111111111,74.94,-44.08,24.23,6.925999999999998,12.515600000000004,17.126516666666667,572
158,0.8,520.3466666666667,79.29,-29.84,21.15,8.546000000000001,12.989033333333332,14.738600000000002,572
159,0.9,613.8588888888888,73.27,-31.25,23.55,8.297999999999998,14.946133333333336,16.119400000000002,572
160,0.74,556.4133333333333,76.5,-35.6,21.68,8.334,11.920666666666666,16.343999999999998,572
161,0.78,600.7791666666667,72.98,-42.62,21.56,8.326,12.667066666666667,17.978833333333327,572
162,0.84,536.4597222222222,70.64,-30.27,22.73,8.517999999999999,13.736216666666667,13.63605,572
163,0.96,710.7066666666667,72.67,-35.48,22.15,8.474,15.926916666666667,17.992333333333335,572
164,1.02,759.8055555555555,69.5,-44.61,25.91,7.24,17.311933333333332,16.075533333333336,572
165,0.68,445.3222222222223,72.11,-29.39,25.74,8.328,10.769466666666668,13.242333333333335,572
166,1.02,695.7266666666667,69.11,-34.91,22.88,8.301999999999998,16.905733333333334,17.4864,572
167,0.42,426.0477777777778,62.76,-47.1,22.96,8.363999999999999,6.251666666666666,15.871483333333336,572
168,1.0,555.7505555555557,60.5,-33.22,24.4,8.37,16.438816666666668,16.14026666666667,572
169,0.98,698.2758333333335,74.46,-36.24,23.61,8.459999999999999,16.5436,18.754500000000004,572
170,0.9,741.5966666666666,68.39,-33.01,23.82,7.072,14.941733333333335,16.957800000000002,572
171,1.0,674.4424999999999,67.54,-37.6,24.82,8.506,16.74586666666667,17.548433333333335,572
172,0.74,703.9733333333335,71.45,-52.06,25.12,7.1,12.131133333333334,20.117066666666666,572
173,0.72,488.31666666666666,87.52,-32.14,22.25,8.532,11.68115,16.916400000000007,572
174,0.9,766.9091666666667,73.11,-34.12,21.74,7.013999999999999,15.157933333333334,18.21043333333333,572
175,0.7,496.2000000000001,84.91,-33.47,22.59,8.511999999999997,11.3792,15.2183,572
176,0.84,617.973611111111,81.18,-38.13,23.11,8.418,13.80845,18.726516666666672,572
177,1.02,747.5444444444445,70.67,-40.37,22.94,8.346,17.095599999999994,20.1732,572
178,0.94,724.3730555555558,72.06,-41.65,24.19,8.437999999999999,15.728333333333332,20.647483333333334,572
179,1.06,750.7205555555556,72.69,-38.63,23.36,8.328,17.707866666666668,21.36206666666667,572
180,0.9,574.8513888888889,72.3,-31.3,26.71,8.462,14.931866666666664,16.1555,572
181,0.86,601.857777777778,71.64,-30.28,24.51,8.572000000000001,14.181400000000002,18.611533333333334,572
182,1.06,752.356388888889,73.15,-37.28,24.36,8.536000000000001,17.636000000000006,23.095366666666663,572
183,1.08,742.7797222222223,70.96,-37.88,24.08,8.591999999999999,18.189766666666667,20.349533333333333,572
184,1.06,705.5780555555556,65.04,-38.36,24.26,8.382000000000001,17.625533333333333,20.845099999999995,572
185,0.68,439.1438888888889,72.74,-30.7,24.23,8.581999999999999,10.856683333333335,18.329866666666668,572
186,1.04,690.638888888889,69.77,-39.44,23.77,8.418,17.099966666666667,20.706533333333336,572
187,0.64,638.043888888889,75.6,-35.64,24.07,8.584,10.300133333333337,31.32246666666667,572
188,1.12,712.7555555555556,73.03,-40.28,24.38,8.462,18.751349999999995,20.288066666666666,572
189,0.88,700.3877777777777,69.82,-37.11,26.96,7.394,14.717183333333333,17.15993333333333,572
190,1.18,847.4427777777777,71.56,-36.13,22.6,8.424,19.8074,23.792283333333334,572
191,0.94,911.5888888888893,76.2,-39.33,23.29,7.3020000000000005,15.746266666666667,21.627666666666666,572
192,0.62,444.0280555555556,80.24,-26.5,23.03,8.309999999999999,9.849933333333334,15.107283333333333,572
193,0.9,652.2136111111113,77.29,-40.5,23.65,8.330000000000002,14.910733333333335,20.096833333333333,572
194,0.84,619.6138888888888,76.3,-34.7,23.8,8.44,13.75505,19.8777,572
195,0.72,705.1102777777777,73.31,-31.48,24.52,7.412000000000001,11.817133333333334,20.995733333333334,572
196,0.88,662.4633333333333,81.39,-34.69,22.31,8.524000000000001,14.606583333333335,19.858533333333334,572
197,0.94,662.578888888889,77.06,-35.86,25.69,8.395999999999999,15.620333333333335,19.155066666666666,572
198,0.94,768.123888888889,79.18,-42.41,21.68,8.48,15.517266666666664,22.93621666666667,572
199,0.96,714.8111111111112,78.17,-38.09,24.63,8.434,16.02391666666667,20.858016666666668,572
200,0.94,755.8616666666667,77.37,-35.94,23.14,8.398,15.677800000000005,24.14423333333333,572
201,0.78,648.1958333333333,72.37,-29.37,22.6,7.5,12.8388,19.9683,572
202,0.94,635.7788888888888,69.06,-36.89,22.88,8.486,15.541200000000002,21.516,572
203,0.96,852.981111111111,67.92,-41.22,21.57,7.473999999999998,15.900066666666667,22.87346666666667,572
204,0.74,713.406388888889,77.01,-31.08,21.41,7.544,12.147733333333335,23.855300000000003,572
205,0.96,707.85,76.53,-34.08,24.39,8.51,16.040883333333333,24.135066666666674,572
206,0.92,756.7691666666666,76.12,-36.36,23.39,7.392,15.358183333333335,20.269333333333336,572
207,1.04,763.9711111111111,74.07,-37.4,23.91,7.469999999999999,17.33145,19.414133333333336,572
208,0.94,692.0655555555555,68.69,-34.86,23.76,8.482000000000001,15.573666666666668,23.88006666666667,572
209,0.94,835.07,70.77,-35.71,23.79,7.542000000000001,15.6922,23.45873333333334,572
210,1.0,792.8780555555554,71.41,-40.95,25.31,7.5379999999999985,16.754050000000003,20.393116666666668,572
211,1.06,755.2144444444446,68.59,-37.84,25.28,7.603999999999999,17.639533333333336,21.238933333333332,572
212,1.08,656.5911111111111,70.83,-32.65,25.29,8.594,18.1037,22.32726666666667,572
213,1.04,885.4055555555557,68.95,-38.18,24.15,8.453999999999999,17.29775,30.42013333333333,572
214,0.96,780.568888888889,75.5,-36.34,22.43,7.681999999999999,16.00711666666667,22.50326666666667,572
215,0.98,757.7144444444444,70.4,-42.74,22.65,7.584,16.446133333333336,22.416200000000003,572
216,0.94,767.2922222222223,68.28,-40.65,23.54,7.676,15.655266666666668,22.42653333333334,572
217,0.88,684.4644444444443,67.38,-30.94,22.53,7.6960000000000015,14.514183333333335,22.4778,572
218,0.9,718.1511111111109,70.58,-41.26,25.28,7.627999999999999,15.0788,23.3336,572
219,0.96,675.748888888889,59.63,-35.63,20.87,8.47,15.86005,25.87326666666667,572
220,0.86,692.9455555555558,60.85,-34.39,22.26,7.661999999999999,14.175133333333335,21.689933333333336,572
221,0.98,720.3322222222223,68.26,-43.07,23.26,8.544,16.338,25.806683333333336,572
222,0.94,692.5997222222225,73.96,-40.18,23.94,8.541999999999998,15.50186666666667,24.650050000000004,572
223,0.96,663.9555555555557,69.75,-37.05,25.7,8.632,15.837216666666665,25.51693333333333,572
224,1.04,744.1975000000001,64.83,-38.36,22.21,8.546000000000001,17.239800000000002,26.25273333333333,572
225,1.06,776.068888888889,64.21,-33.66,25.47,8.494,17.486533333333334,27.9734,572
226,0.9,691.0330555555556,69.49,-36.4,23.17,8.574000000000002,14.824333333333335,26.07148333333333,572
227,1.04,723.9644444444444,62.12,-38.45,26.65,8.592,17.323550000000004,23.25006666666667,572
228,0.92,416.0444444444445,87.8,-52.23,29.36,9.44,15.4163,8.553533333333334,572
229,1.18,208.18361111111113,33.4,-35.42,20.68,8.572000000000001,18.9078,9.3647,572
230,0.52,180.22027777777782,60.53,-34.23,19.61,8.527999999999999,7.719983333333333,7.188216666666667,572
231,0.5,330.4825,55.12,-45.61,20.04,7.308,7.479933333333333,6.417133333333335,572
232,0.78,1059.7025,89.65,-54.67,22.22,7.664,12.904066666666667,23.420300000000008,572
233,0.98,60.04888888888888,66.34,-26.71,23.12,8.483999999999998,16.075333333333337,2.4354666666666667,572
234,1.14,1417.496666666667,56.44,-56.37,22.5,7.848000000000001,18.2934,57.85473333333334,572
235,1.84,709.0633333333334,68.72,-49.31,21.55,9.168,31.23155000000001,12.023733333333334,572
236,0.56,164.99444444444444,38.22,-29.94,20.06,8.208,8.368933333333334,5.195666666666667,572
237,1.28,1443.6461111111114,72.71,-61.32,23.39,7.95,21.6412,45.703616666666676,572
238,0.72,9.01888888888889,88.3,-47.84,25.1,-19.44,11.67676666666667,-1.53695,572
239,0.12,779.8650000000004,217.99,-103.1,31.68,7.7879999999999985,0.33096666666666674,27.18736666666667,572
240,0.76,844.6433333333334,91.49,-38.91,26.07,7.794,12.625483333333335,34.05806666666667,572
241,0.72,689.3322222222222,86.58,-37.31,23.33,7.528,11.949366666666668,24.703000000000003,572
242,0.9,907.4711111111113,82.9,-43.41,22.21,7.8519999999999985,15.181933333333333,34.239666666666665,572
243,0.74,718.8588888888893,87.6,-38.98,26.05,7.728,12.249866666666666,21.91666666666667,572
244,1.02,134.07222222222222,54.84,-34.55,20.52,8.511999999999999,16.403200000000002,4.702733333333335,572
245,0.48,844.3411111111113,132.74,-42.37,23.64,7.778,7.552216666666666,30.211,572
246,0.94,706.6408333333335,98.38,-42.43,25.93,7.842,15.659466666666665,28.325350000000004,572
247,0.82,1152.0822222222225,91.08,-45.52,23.42,7.956,13.698866666666667,37.9996,572
248,0.64,527.5677777777778,103.93,-31.28,24.87,8.677999999999999,10.451033333333337,30.0508,572
249,0.86,729.908888888889,92.08,-38.88,25.36,7.737999999999999,14.512133333333335,31.38560000000001,572
250,0.5,843.5580555555556,134.52,-32.27,23.47,7.577999999999999,8.020266666666666,29.33808333333333,572
251,0.48,464.04666666666674,145.64,-27.64,23.86,8.720000000000002,7.653100000000001,26.31113333333333,572
252,0.72,4.917777777777777,125.37,-41.54,34.18,-12.485999999999999,11.899683333333336,-0.5700666666666667,572
253,0.26,551.6986111111112,37.51,-32.63,19.78,8.552000000000001,2.9347333333333334,24.899833333333333,572
254,0.7,660.3766666666667,92.43,-42.69,24.55,7.812,11.752466666666667,27.107866666666666,572
255,0.8,811.7344444444444,94.46,-40.66,24.12,7.792000000000001,13.393383333333333,27.141250000000007,572
256,0.58,574.6844444444447,102.01,-33.84,25.02,8.634,9.409266666666666,26.368933333333338,572
257,0.78,715.6477777777777,99.09,-42.13,24.26,8.725999999999999,13.077200000000005,30.447800000000004,572
258,0.48,542.2300000000001,148.31,-32.41,22.19,8.64,7.641366666666667,30.28068333333333,572
259,0.5,560.1666666666666,134.22,-33.22,23.29,8.638,7.9700000000000015,25.246333333333336,572
260,0.9,366.3594444444445,92.89,-45.32,24.67,9.41,15.275,6.438633333333335,572
261,0.58,506.40111111111116,29.38,-40.17,21.13,8.744,8.633600000000001,20.101266666666668,572
262,0.44,606.7411111111112,146.84,-32.93,23.75,7.8119999999999985,6.863616666666667,23.39426666666667,572
263,0.86,757.3733333333333,87.25,-41.37,23.49,7.822,14.4548,26.560800000000004,572
264,0.44,553.1333333333333,136.93,-48.7,25.49,7.76,7.044183333333335,24.203066666666665,572
265,0.62,582.78,92.69,-37.42,22.71,8.506,9.904,27.55031666666667,572
266,0.44,623.8377777777778,152.18,-32.17,23.97,7.692,6.936116666666668,25.665,572
267,0.46,489.83555555555563,150.55,-29.94,24.87,8.586,7.306466666666667,26.93413333333334,572
268,0.7,627.0719444444445,97.63,-39.03,26.55,8.677999999999999,11.642999999999999,26.99041666666667,572
269,0.66,767.3983333333333,97.35,-38.61,25.05,7.774000000000001,10.956933333333335,24.42453333333333,572
270,0.52,438.43222222222226,123.95,-30.87,26.51,8.512,8.383733333333335,21.92106666666667,572
271,0.72,698.6052777777777,108.14,-34.26,26.88,7.834,11.880933333333333,26.99381666666667,572
272,0.62,556.7152777777778,85.96,-35.64,25.37,8.52,10.243,27.53811666666667,572
273,0.44,500.08555555555563,151.09,-33.06,23.11,8.564,6.899383333333334,26.5084,572
274,0.62,584.7927777777778,85.76,-38.36,22.02,8.568,10.032866666666667,27.643666666666668,572
275,0.62,698.5255555555557,87.04,-38.92,23.39,7.7799999999999985,10.193533333333336,24.54673333333333,572
276,0.68,691.6466666666669,101.14,-36.08,25.19,7.715999999999998,11.253016666666667,25.84546666666667,572
277,0.44,513.4211111111111,151.53,-29.37,24.71,7.744,6.946766666666668,24.152533333333334,572
278,0.68,661.2947222222224,98.62,-37.39,24.5,7.9700000000000015,11.205033333333335,26.48728333333333,572
279,0.46,528.4511111111111,161.1,-35.29,25.13,7.858000000000001,7.080733333333333,24.6006,572
280,0.44,495.43361111111125,150.02,-30.68,24.12,7.944,6.854883333333333,25.164100000000005,572
281,0.46,503.8663888888889,143.37,-32.55,24.27,7.82,7.252600000000001,23.572800000000004,572
282,0.72,697.9483333333333,105.97,-38.2,24.46,7.732000000000001,11.870366666666666,26.17753333333334,572
283,0.62,573.525,87.88,-36.57,22.56,8.588000000000001,9.942733333333333,27.50451666666667,572
284,0.58,583.2175000000002,99.79,-36.27,24.45,8.527999999999999,9.412333333333336,27.58856666666667,572
285,0.54,618.6077777777779,108.53,-37.99,25.67,7.781999999999999,8.665533333333334,23.3828,572
286,0.68,574.6302777777778,98.57,-37.25,22.82,8.656,11.202783333333333,28.59666666666667,572
287,0.42,525.6830555555557,160.92,-31.13,24.16,7.824000000000002,6.436866666666668,23.648200000000006,572
288,0.62,546.2199999999998,83.52,-35.81,24.86,8.666,10.0584,28.54935,572
289,0.58,584.6791666666664,90.59,-36.85,22.08,8.666,9.29,28.65041666666667,572
290,0.46,597.2411111111112,132.57,-32.85,24.1,7.672000000000001,7.215466666666668,23.766,572
291,0.78,714.8788888888888,86.06,-44.14,22.93,7.6979999999999995,13.0482,23.82513333333333,572
292,0.78,741.9166666666667,83.82,-39.2,23.65,7.688,13.0152,27.40653333333334,572
293,0.7,681.7466666666667,102.56,-36.9,28.86,7.688,11.617666666666667,26.66453333333334,572
294,0.44,496.2836111111112,144.33,-27.92,23.24,7.8020000000000005,6.881450000000001,22.304583333333333,572
295,0.8,714.061111111111,86.2,-42.26,23.78,7.547999999999999,13.261666666666665,27.589133333333336,572
296,0.6,533.8575,87.74,-33.94,25.31,8.658,9.7604,28.802266666666664,572
297,0.54,619.9008333333334,112.43,-37.0,25.82,7.81,8.787666666666668,26.25441666666667,572
298,0.54,511.7547222222223,114.82,-34.91,23.87,8.39,8.696733333333334,27.97585,572
299,0.46,574.0527777777778,126.09,-40.65,23.98,7.808,7.3348666666666675,24.682450000000006,572
1,0.82,544.0083333333331,70.84,-72.2,20.67,5.202000000000001,14.297133333333335,14.248116666666665,971
2,0.92,555.9066666666666,70.1,-71.6,20.8,5.356,16.325150000000004,12.127933333333335,971
3,0.7,404.8647222222222,68.9,-90.71,23.37,5.45,11.859066666666667,10.57446666666667,971
4,0.66,527.1325,79.96,-87.08,22.86,5.324,11.0674,13.81555,971
5,0.72,547.6502777777779,75.68,-79.69,21.51,5.378000000000001,12.268083333333333,14.310766666666664,971
6,0.66,470.8205555555557,70.37,-87.86,22.65,5.2620000000000005,11.043466666666667,13.19455,971
7,0.64,507.13138888888886,76.73,-87.22,23.83,5.4860000000000015,10.656883333333337,14.462033333333334,971
8,0.72,487.42055555555567,68.84,-84.64,22.25,5.406000000000001,12.253033333333335,12.703966666666668,971
9,0.68,512.2733333333333,74.53,-78.88,22.0,5.403999999999999,11.447866666666664,14.796666666666667,971
10,0.8,564.7433333333336,74.71,-84.65,21.9,4.8439999999999985,13.871466666666667,14.778200000000002,971
11,0.92,527.6838888888889,70.49,-72.36,21.13,5.4140000000000015,16.338066666666666,11.47226666666667,971
12,0.92,546.038888888889,64.75,-70.3,20.48,5.432,16.258900000000004,12.780400000000006,971
13,0.84,520.8241666666668,69.86,-79.12,21.19,5.324,14.70421666666667,13.514366666666668,971
14,0.86,543.3941666666666,63.98,-78.4,20.98,5.412000000000001,15.105933333333333,17.698449999999994,971
15,0.92,493.32333333333327,59.97,-66.02,20.59,5.412000000000001,16.239716666666666,12.094266666666668,971
16,0.92,564.1508333333334,65.77,-67.56,20.78,5.506,16.280783333333336,17.7901,971
17,0.92,514.0244444444445,64.03,-66.4,20.47,5.504,16.254250000000006,17.711600000000004,971
18,0.92,449.48333333333335,63.25,-77.45,20.76,5.427999999999999,16.268433333333334,10.835800000000004,971
19,0.92,483.24888888888876,61.45,-70.64,20.44,5.54,16.270450000000004,16.282733333333333,971
20,0.92,415.7241666666667,64.42,-73.96,20.62,5.3439999999999985,16.302483333333335,9.261366666666667,971
21,0.92,505.64638888888885,64.84,-73.57,20.64,5.39,16.303866666666668,15.070166666666667,971
22,0.92,507.08333333333326,65.05,-70.27,20.49,5.457999999999999,16.2527,15.1502,971
23,0.92,416.1233333333333,63.64,-62.58,20.3,5.3260000000000005,16.241533333333333,9.632666666666667,971
24,0.88,547.2755555555555,70.45,-72.0,20.73,5.308,15.516250000000005,14.271666666666668,971
25,0.92,539.6661111111111,69.04,-72.65,20.79,5.292000000000001,16.279100000000003,13.8043,971
26,0.92,488.0869444444443,67.63,-68.2,20.47,5.385999999999999,16.28216666666667,13.827333333333335,971
27,0.92,456.6786111111112,64.38,-69.89,20.59,5.45,16.266816666666667,15.114866666666668,971
28,0.92,464.4691666666667,66.74,-69.88,20.49,5.3100000000000005,16.279683333333335,15.548800000000005,971
29,0.92,414.13666666666666,63.21,-70.02,20.54,5.303999999999999,16.312600000000003,10.044333333333334,971
30,0.76,483.6444444444445,68.76,-71.89,20.85,5.496,13.11065,15.7796,971
31,0.92,465.04555555555567,61.16,-68.22,20.55,5.367999999999999,16.324166666666667,12.258400000000005,971
32,0.92,486.4377777777778,68.3,-71.96,20.59,5.41,16.277316666666668,13.020933333333335,971
33,0.88,501.2088888888889,62.38,-71.01,20.65,5.5299999999999985,15.502116666666668,14.137666666666668,971
34,0.92,496.8627777777777,64.3,-70.33,20.57,5.518,16.267283333333335,12.7574,971
35,0.92,515.8597222222223,64.54,-69.59,20.48,5.546,16.2495,13.968016666666667,971
36,0.92,514.6802777777779,65.17,-69.59,20.53,5.401999999999999,16.294866666666667,15.59335,971
37,0.92,433.6102777777778,61.29,-66.96,20.5,4.465999999999998,16.247483333333335,9.742066666666668,971
38,0.82,466.97111111111104,67.92,-82.83,21.34,5.2940000000000005,14.236666666666668,11.938533333333336,971
39,0.92,494.1394444444445,58.28,-73.52,20.51,5.518000000000002,16.304633333333335,12.987483333333332,971
40,0.88,523.6877777777778,67.04,-74.49,20.74,5.4300000000000015,15.482416666666666,16.270533333333333,971
41,0.92,447.728888888889,62.88,-76.9,20.65,5.446000000000001,16.315433333333335,9.938866666666668,971
42,0.9,464.5480555555557,68.93,-74.99,20.71,4.6019999999999985,15.900733333333333,11.34715,971
43,0.9,517.235,67.93,-71.7,20.82,5.377999999999999,15.894600000000002,14.669116666666667,971
44,0.8,480.48111111111115,75.21,-77.12,20.79,5.48,13.9001,14.203733333333336,971
45,0.88,527.0791666666668,69.96,-73.07,20.9,5.402,15.50485,17.062549999999998,971
46,0.92,489.42444444444453,69.45,-71.49,20.69,5.4460000000000015,16.27881666666667,11.902533333333334,971
47,0.92,414.9919444444445,74.03,-69.81,20.84,5.394,16.314716666666666,11.546783333333332,971
48,0.74,436.1122222222222,72.76,-70.35,20.8,5.3740000000000006,12.695200000000002,14.503866666666667,971
49,0.92,509.83583333333337,66.41,-74.89,20.66,5.412000000000001,16.297583333333332,15.073033333333335,971
50,0.92,503.8122222222222,69.36,-74.02,20.67,5.314,16.298133333333336,12.855333333333332,971
51,0.88,514.6077777777778,70.66,-79.39,20.86,5.358,15.493083333333333,14.8672,971
52,0.92,519.2477777777779,68.55,-65.45,20.59,5.444000000000001,16.282433333333334,15.142550000000005,971
53,0.92,478.26666666666665,63.89,-72.39,20.62,5.166,16.27891666666667,12.794733333333333,971
54,0.92,443.9433333333334,55.04,-71.34,20.59,5.257999999999999,16.299216666666666,13.432333333333334,971
55,0.92,466.1722222222223,69.62,-73.77,20.68,5.3900000000000015,16.35563333333333,12.732866666666665,971
56,0.84,467.7077777777778,64.14,-83.66,21.73,5.303999999999999,14.731766666666665,11.4818,971
57,0.78,546.703888888889,66.2,-80.92,21.15,5.318,13.500333333333336,16.846100000000003,971
58,0.92,492.1911111111111,68.91,-73.06,20.56,5.416,16.30425,14.668333333333333,971
59,0.92,484.026388888889,64.27,-71.94,20.67,5.33,16.317066666666665,14.995,971
60,0.92,498.53777777777776,70.69,-70.78,20.57,5.449999999999998,16.27083333333334,14.255800000000002,971
61,0.9,525.4044444444445,71.38,-73.93,20.83,5.2860000000000005,15.877933333333335,14.3192,971
62,0.92,532.9711111111111,69.95,-67.66,20.42,5.484,16.2478,15.475933333333336,971
63,0.92,515.8988888888889,71.53,-73.67,20.6,5.3740000000000006,16.28131666666667,13.190866666666668,971
64,0.92,514.7333333333332,71.26,-70.66,20.52,5.4079999999999995,16.260733333333338,15.2428,971
65,0.82,408.48305555555567,68.35,-70.24,20.61,5.496,14.296133333333335,10.918933333333335,971
66,0.78,560.61,70.32,-90.6,22.69,5.436,13.472266666666668,14.337716666666667,971
67,0.8,577.0033333333333,70.97,-84.45,21.54,5.366000000000001,13.8898,14.546733333333336,971
68,0.92,552.6986111111112,71.69,-75.49,21.08,4.629999999999999,16.32211666666667,10.260783333333332,971
69,0.92,578.5655555555555,69.67,-62.8,21.04,5.462000000000001,16.33465,12.002066666666664,971
70,0.92,608.6908333333333,78.79,-67.84,21.11,5.37,16.298400000000004,12.02721666666667,971
71,0.92,603.1919444444444,73.2,-68.15,21.2,5.414,16.335116666666668,11.537816666666668,971
72,0.92,603.7399999999999,68.7,-67.9,20.94,5.5,16.33031666666667,12.322666666666667,971
73,0.76,551.6411111111113,70.62,-89.11,22.74,5.332000000000001,13.057116666666667,13.6076,971
74,0.84,585.4533333333334,73.7,-82.46,21.59,5.4860000000000015,14.709883333333336,12.136466666666667,971
75,0.92,556.9855555555555,73.43,-71.34,20.77,5.48,16.309683333333336,13.0928,971
76,0.92,431.5341666666667,57.7,-61.48,20.47,5.246,16.264533333333333,9.065666666666667,971
77,0.66,435.328888888889,71.08,-82.93,22.09,5.26,11.044133333333335,12.4286,971
78,0.58,503.5911111111112,79.77,-80.36,21.95,5.380000000000001,9.456533333333333,18.141133333333336,971
79,0.78,525.4833333333332,69.01,-78.06,21.09,5.466,13.485866666666665,14.671233333333333,971
80,0.92,450.8377777777778,62.85,-69.77,20.64,5.337999999999999,16.290683333333334,10.369600000000004,971
81,0.9,499.7455555555555,73.91,-70.76,20.89,5.305999999999999,15.926866666666665,9.450466666666667,971
82,0.64,493.7611111111111,79.38,-86.59,22.99,5.534,10.664200000000003,13.859116666666667,971
83,0.78,602.4202777777778,75.01,-69.75,21.24,5.334,13.533133333333335,15.770166666666665,971
84,0.8,479.24,73.77,-86.02,22.26,5.385999999999999,13.8907,10.841533333333334,971
85,0.7,550.557777777778,66.5,-75.33,21.5,5.388,11.858333333333334,17.716133333333335,971
86,0.7,504.22833333333335,70.68,-86.57,23.42,5.3,11.850466666666668,14.23545,971
87,0.92,572.3305555555556,67.49,-69.53,20.58,5.414,16.271566666666665,17.142733333333336,971
88,0.92,443.2922222222223,62.27,-73.4,20.59,5.444,16.309600000000003,10.729633333333334,971
89,0.84,555.343888888889,68.4,-76.51,21.23,5.3679999999999986,14.732583333333334,14.1123,971
90,0.92,511.6377777777778,62.88,-71.19,21.03,5.3420000000000005,16.3027,12.442600000000002,971
91,0.86,481.0577777777778,66.89,-72.4,20.65,5.532,15.100266666666668,14.778200000000002,971
92,0.92,521.7733333333333,62.79,-72.16,20.95,4.683999999999998,16.314133333333334,15.069800000000004,971
93,0.92,471.3305555555555,58.77,-69.6,20.46,5.412000000000001,16.256666666666668,15.153983333333333,971
94,0.92,493.0166666666667,64.55,-68.49,20.62,5.318,16.297850000000004,13.741733333333334,971
95,0.92,498.3844444444445,65.47,-69.76,20.56,5.3900000000000015,16.282500000000002,16.040266666666668,971
96,0.92,477.11444444444453,65.33,-72.43,20.55,5.136,16.264,11.6398,971
97,0.92,525.2266666666667,70.62,-68.89,20.52,5.472,16.273450000000004,15.200533333333334,971
98,0.92,502.3666666666666,67.18,-65.84,20.5,5.392,16.2328,15.399066666666668,971
99,0.92,516.5022222222223,70.98,-68.03,20.5,4.606,16.226166666666668,14.576666666666668,971
100,0.92,463.5533333333333,68.56,-72.7,20.58,5.206,16.30185,13.058733333333334,971
101,0.92,516.1183333333336,64.61,-67.69,20.54,5.478,16.29931666666667,14.417733333333334,971
102,0.82,488.2811111111112,64.09,-87.08,22.08,5.417999999999999,14.263,12.5668,971
103,0.88,482.7533333333334,62.21,-71.35,20.75,5.54,15.501783333333336,14.5032,971
104,0.92,470.81000000000006,65.54,-70.25,20.87,5.2,16.31425,14.115133333333333,971
105,0.7,326.0344444444444,65.14,-76.92,20.72,5.4380000000000015,11.881466666666668,11.558933333333336,971
106,0.92,466.785,66.32,-72.47,20.63,5.078,16.306316666666667,12.385033333333334,971
107,0.92,488.21777777777777,64.34,-72.94,20.5,5.3660000000000005,16.294933333333336,12.181533333333334,971
108,0.92,506.27472222222224,72.55,-67.47,20.67,5.55,16.26011666666667,12.289450000000002,971
109,0.92,486.12111111111125,64.81,-74.72,20.92,5.377999999999999,16.3031,10.764733333333332,971
110,0.8,548.2655555555558,69.27,-88.96,22.52,5.376,13.88241666666667,14.4988,971
111,0.92,531.8177777777778,67.32,-75.8,20.82,5.432,16.296083333333332,10.246933333333336,971
112,0.74,565.0261111111109,75.09,-94.13,23.81,5.37,12.646266666666666,15.311666666666667,971
113,0.76,508.16333333333336,77.15,-83.32,21.57,5.386,13.093983333333336,12.129,971
114,0.92,542.1000000000001,64.83,-71.56,20.81,5.3420000000000005,16.336983333333336,10.957,971
115,0.76,496.0080555555557,65.21,-73.4,21.1,5.46,13.084000000000001,14.841116666666665,971
116,0.92,494.8588888888888,62.28,-73.67,20.59,5.35,16.290983333333333,14.544683333333335,971
117,0.92,488.12416666666667,57.19,-67.42,20.39,5.395999999999999,16.255250000000004,17.53715,971
118,0.92,507.97638888888883,61.04,-65.26,20.53,5.44,16.270533333333336,15.523133333333336,971
119,0.92,465.4477777777778,59.13,-67.87,20.45,5.374,16.259983333333334,13.901866666666667,971
120,0.92,481.90277777777777,62.95,-68.97,20.53,5.486000000000001,16.2909,12.92505,971
121,0.92,550.3155555555555,65.75,-70.78,20.93,5.497999999999998,16.2952,12.091066666666665,971
122,0.92,529.7977777777777,63.92,-66.3,20.58,5.653999999999999,16.257350000000002,15.2518,971
123,0.92,515.9477777777777,63.34,-68.57,20.55,5.13,16.243533333333335,16.116066666666665,971
124,0.92,488.0511111111112,72.67,-74.18,20.66,4.476,16.291633333333333,14.345,971
125,0.92,514.26,67.92,-71.73,20.68,5.354,16.256950000000003,15.855200000000002,971
126,0.92,482.6922222222223,60.23,-69.9,20.59,5.356,16.28261666666667,13.380449999999998,971
127,0.92,438.433888888889,57.49,-70.64,20.55,5.34,16.27795,12.523916666666667,971
128,0.92,568.7655555555555,68.48,-73.03,21.05,5.362,16.31206666666667,16.0464,971
129,0.92,473.5677777777778,59.97,-69.95,20.64,5.4060000000000015,16.274766666666668,12.722133333333336,971
130,0.92,488.06750000000005,59.46,-69.85,20.67,5.35,16.296050000000005,15.9377,971
131,0.88,469.2136111111112,58.33,-79.09,20.8,5.454,15.515300000000002,13.24535,971
132,0.9,510.9644444444445,58.74,-74.95,20.84,5.408,15.926600000000002,13.971183333333332,971
133,0.92,481.4736111111112,60.23,-69.87,20.46,5.491999999999999,16.253500000000006,12.661400000000002,971
134,0.92,487.29,63.72,-71.17,20.47,5.236000000000001,16.280283333333333,12.885266666666665,971
135,0.92,475.9044444444445,67.35,-72.9,20.66,5.411999999999999,16.291716666666666,11.593333333333335,971
136,0.52,223.66666666666669,65.93,-72.04,20.87,4.338,8.320016666666666,12.58586666666667,971
137,0.82,500.2116666666667,55.74,-70.85,20.76,5.3660000000000005,14.288200000000002,14.394116666666667,971
138,0.4,215.02916666666667,72.29,-69.1,21.64,4.4,5.915966666666668,15.076116666666667,971
139,0.8,506.15,68.12,-81.24,21.29,5.456,13.910100000000005,15.507383333333333,971
140,0.92,504.69888888888886,70.34,-71.53,20.65,5.442000000000001,16.288466666666668,13.539600000000002,971
141,0.92,319.25111111111113,61.87,-68.35,20.42,4.654000000000001,16.24686666666667,6.8415333333333335,971
142,0.7,479.8044444444445,70.52,-74.61,20.61,5.249999999999999,11.878333333333336,18.477733333333337,971
143,0.92,434.7155555555556,61.26,-69.88,20.49,4.838,16.276466666666668,11.7038,971
144,0.92,481.85777777777787,70.97,-71.35,20.61,5.202000000000001,16.26265,13.294933333333333,971
145,0.92,542.9700000000001,65.73,-69.38,20.56,5.356,16.275033333333337,15.81086666666667,971
146,0.92,517.0716666666666,67.83,-67.75,20.42,5.44,16.25016666666667,14.82985,971
147,0.92,572.7333333333332,70.01,-68.11,20.56,5.3980000000000015,16.26661666666667,18.84386666666667,971
148,0.92,544.0241666666667,68.1,-70.12,20.66,5.3439999999999985,16.251866666666665,14.026816666666667,971
149,0.92,532.6513888888887,61.94,-67.21,20.56,5.564,16.291216666666667,14.654983333333336,971
150,0.92,554.8255555555556,69.2,-66.6,20.74,5.416,16.27241666666667,15.067933333333334,971
151,0.92,563.0277777777778,68.23,-67.92,20.55,5.276,16.247333333333334,16.0268,971
152,0.92,541.2833333333333,65.75,-71.94,20.7,5.394,16.305833333333336,16.177533333333336,971
153,0.92,527.8577777777779,63.2,-64.93,20.74,5.386,16.266766666666665,16.10046666666667,971
154,0.92,499.5427777777778,61.21,-70.01,20.58,5.353999999999999,16.272499999999994,15.951233333333334,971
155,0.92,488.8327777777778,62.53,-67.98,20.54,5.442,16.271683333333332,15.0137,971
156,0.92,452.28111111111116,61.36,-72.02,20.56,5.426,16.312033333333336,10.196799999999998,971
157,0.76,425.8911111111112,70.1,-74.54,20.6,5.497999999999999,13.097516666666667,13.492066666666668,971
158,0.92,528.8755555555556,68.85,-66.35,20.58,5.464,16.292916666666667,17.125000000000004,971
159,0.92,446.6,62.25,-68.46,20.56,5.234,16.258950000000002,10.960683333333336,971
160,0.92,499.69888888888886,68.91,-73.57,20.47,4.92,16.275183333333334,19.055733333333336,971
161,0.92,421.1630555555557,39.06,-64.12,20.55,5.322000000000001,16.329800000000002,12.502983333333333,971
162,0.92,461.7,66.33,-66.85,20.43,5.374,16.275433333333332,11.1398,971
163,0.92,531.9508333333333,72.25,-67.28,20.52,5.452000000000001,16.270866666666667,15.123766666666667,971
164,0.92,512.9930555555558,63.73,-71.51,20.66,5.526,16.269383333333334,12.843083333333333,971
165,0.86,514.7344444444445,63.81,-74.63,20.77,5.416,15.112600000000004,14.936733333333333,971
166,0.92,518.7447222222222,65.71,-75.58,20.86,5.408,16.32285,13.737483333333332,971
167,0.92,529.1127777777779,75.1,-71.24,20.68,5.322,16.3101,13.739833333333333,971
168,0.92,524.5783333333334,67.53,-68.92,20.45,5.362,16.243850000000002,15.751466666666667,971
169,0.92,529.4733333333334,63.01,-73.21,20.8,5.28,16.2922,13.641933333333334,971
170,0.92,508.5266666666667,64.16,-69.47,20.66,5.388,16.283633333333338,14.69,971
171,0.92,488.2466666666668,62.8,-69.54,20.65,5.608,16.2819,15.278866666666667,971
172,0.92,496.05138888888894,70.03,-75.9,20.66,5.3900000000000015,16.288600000000002,14.341233333333333,971
173,0.92,524.5975000000002,65.85,-72.72,20.6,5.422000000000001,16.265366666666665,14.423133333333332,971
174,0.92,517.6372222222222,65.58,-69.92,20.5,5.492000000000001,16.261483333333334,15.084283333333335,971
175,0.92,522.9661111111112,64.57,-68.39,20.57,5.444,16.2523,15.564683333333333,971
176,0.92,492.76777777777784,63.24,-68.03,20.67,5.5,16.28565,17.929933333333334,971
177,0.92,504.8044444444445,68.35,-72.23,20.55,5.3340000000000005,16.318816666666667,14.2498,971
178,0.92,527.09,66.96,-69.71,20.64,5.345999999999999,16.2589,14.113533333333335,971
179,0.92,525.0200000000002,74.22,-66.55,20.54,5.464,16.258533333333332,13.843733333333333,971
180,0.92,451.13555555555564,74.07,-62.88,20.6,5.3420000000000005,16.23535,12.920066666666667,971
181,0.9,506.1277777777778,67.62,-75.48,20.81,5.478,15.895,13.050466666666667,971
182,0.58,70.99555555555557,63.18,-62.95,20.98,5.33,9.506000000000002,9.641133333333332,971
183,0.44,445.34000000000015,62.1,-76.54,20.75,4.619999999999999,6.735666666666668,18.46793333333333,971
184,0.92,535.7738888888889,75.44,-69.93,20.67,5.42,16.253833333333333,14.04416666666667,971
185,0.92,504.6283333333334,73.09,-72.28,20.55,5.454,16.278333333333332,13.658083333333336,971
186,0.86,477.6266666666667,64.07,-77.81,20.79,4.6880000000000015,15.087,12.335666666666668,971
187,0.92,515.5597222222223,72.14,-70.21,20.66,5.3340000000000005,16.278750000000002,13.95175,971
188,0.92,499.9333333333335,62.22,-76.03,20.85,5.4300000000000015,16.27195,11.726266666666668,971
189,0.84,511.19888888888886,70.16,-74.63,21.04,5.3100000000000005,14.691216666666667,13.141866666666667,971
190,0.72,491.96583333333336,68.93,-78.72,21.79,5.372000000000001,12.252016666666668,14.64145,971
191,0.92,548.0166666666668,74.84,-76.22,20.88,5.4620000000000015,16.340383333333335,11.646266666666666,971
192,0.84,528.0288888888889,71.48,-74.19,20.82,5.448,14.68865,13.634800000000006,971
193,0.88,499.5369444444444,62.56,-79.72,21.04,5.3119999999999985,15.505616666666667,11.550466666666667,971
194,0.7,490.43333333333334,69.81,-80.86,21.84,5.465999999999998,11.8404,14.4176,971
195,0.82,525.458888888889,63.62,-78.73,20.85,5.460000000000001,14.288333333333336,16.97846666666667,971
196,0.88,503.5886111111112,64.09,-69.2,20.66,5.417999999999999,15.491466666666668,15.617866666666668,971
197,0.92,517.3811111111112,62.79,-73.21,20.69,5.34,16.282650000000004,15.083450000000004,971
198,0.92,495.7922222222223,64.67,-69.75,20.58,5.462000000000001,16.260683333333333,14.675933333333333,971
199,0.92,500.4933333333333,67.37,-69.9,20.59,5.6160000000000005,16.26653333333334,17.976200000000006,971
200,0.92,457.5944444444445,66.83,-69.3,20.56,5.5360000000000005,16.31276666666667,12.760866666666667,971
201,0.92,474.3266666666667,69.31,-68.56,20.53,5.308000000000002,16.304000000000002,13.456600000000005,971
202,0.92,491.45750000000015,64.9,-66.66,20.55,5.37,16.271216666666668,15.030033333333336,971
203,0.92,497.68083333333334,63.6,-70.44,20.46,5.29,16.257983333333335,14.143683333333335,971
204,0.92,413.81777777777774,61.1,-71.66,20.53,5.226000000000001,16.306533333333338,11.44186666666667,971
205,0.92,497.1419444444445,65.98,-69.95,20.81,5.5,16.294483333333332,8.890283333333334,971
206,0.64,482.1700000000001,81.65,-90.1,23.33,5.3519999999999985,10.666433333333336,13.346933333333334,971
207,0.54,480.0866666666667,89.05,-87.19,24.41,5.346,8.628533333333335,15.784733333333335,971
208,0.6,479.7302777777778,75.92,-84.76,22.39,5.46,9.8607,13.9364,971
209,0.54,563.2711111111109,76.58,-112.78,25.52,5.3660000000000005,8.649533333333334,20.386866666666666,971
210,0.66,443.23888888888894,87.16,-83.09,22.34,5.627999999999999,11.058466666666668,11.651,971
211,0.5,461.65333333333336,84.4,-84.7,24.39,5.343999999999999,7.840333333333334,15.521400000000002,971
212,0.6,493.8611111111112,87.78,-94.95,24.49,5.176,9.849233333333334,13.8876,971
213,0.56,428.7744444444443,78.35,-85.36,23.2,5.525999999999999,9.039083333333336,13.487,971
214,0.52,390.55222222222227,87.07,-74.12,26.2,5.244,8.254900000000001,13.428466666666667,971
215,0.54,453.55444444444464,77.36,-98.53,24.49,5.523999999999999,8.6554,13.6046,971
216,0.64,562.3819444444442,86.31,-97.97,24.02,5.377999999999999,10.660416666666666,14.681433333333334,971
217,0.64,440.31888888888886,82.22,-106.12,24.85,5.362,10.663083333333333,11.6984,971
218,0.66,543.0033333333333,93.74,-100.74,23.19,5.178,11.072866666666664,13.360333333333333,971
219,0.58,453.53277777777777,87.39,-93.84,24.92,5.348,9.423866666666667,13.564666666666668,971
220,0.6,512.3844444444444,76.05,-97.29,25.06,5.408,9.848683333333334,15.013866666666667,971
221,0.66,498.6677777777778,82.23,-104.03,24.18,5.303999999999999,11.058466666666668,13.286400000000004,971
222,0.66,521.4202777777778,73.08,-92.58,23.45,5.462000000000001,11.046866666666665,15.284083333333333,971
223,0.66,484.7780555555556,72.05,-89.69,23.21,5.5360000000000005,11.068,14.288216666666667,971
224,0.66,503.535,72.53,-106.0,25.25,5.284,11.0766,14.398966666666668,971
225,0.6,447.1358333333334,71.19,-88.73,23.25,5.522,9.861916666666668,13.95411666666667,971
226,0.74,541.8861111111112,72.64,-78.36,21.2,5.376,12.681066666666668,15.112100000000002,971
227,0.9,443.7211111111112,64.4,-81.94,21.35,5.294,15.882333333333333,7.5104000000000015,971
228,0.72,568.5933333333331,69.42,-76.81,21.16,5.46,12.279783333333334,17.598133333333326,971
229,0.9,558.1722222222222,65.29,-77.03,21.12,5.5699999999999985,15.898933333333336,18.69273333333333,971
230,0.86,366.1633333333335,58.28,-72.25,20.52,4.709999999999999,15.108066666666668,13.863400000000004,971
231,0.76,407.9344444444445,61.59,-70.69,20.82,5.414,13.066883333333335,16.38393333333333,971
232,0.92,432.91333333333336,55.6,-72.34,20.53,5.507999999999999,16.31641666666667,15.19,971
233,0.7,344.29111111111115,58.78,-77.27,21.95,5.426,11.883266666666668,11.521233333333335,971
234,0.62,446.24333333333334,69.47,-76.12,21.25,5.482000000000001,10.267999999999999,18.258266666666664,971
235,0.92,468.6072222222223,66.6,-71.63,20.52,5.3740000000000006,16.29106666666667,13.823866666666666,971
236,0.92,460.34,59.89,-69.95,20.77,5.446000000000001,16.28026666666667,15.62605,971
237,0.92,462.0291666666668,65.99,-70.11,20.73,5.566,16.306383333333336,14.677650000000002,971
238,0.92,408.8811111111111,66.4,-66.65,20.57,5.42,16.299000000000003,13.487933333333332,971
239,0.92,441.3830555555557,54.37,-70.4,20.51,5.3100000000000005,16.284666666666666,14.180183333333332,971
240,0.92,530.0236111111111,69.59,-67.28,20.53,5.383999999999999,16.264899999999994,15.167650000000002,971
241,0.92,487.2655555555555,64.57,-69.32,20.58,5.386,16.253533333333333,14.425933333333333,971
242,0.92,475.765,62.0,-66.2,20.47,5.232,16.249266666666667,14.950016666666668,971
243,0.92,438.6216666666666,60.32,-67.94,20.58,5.4620000000000015,16.294533333333334,10.2655,971
244,0.86,456.89,64.72,-85.64,21.19,5.316,15.121866666666667,10.043266666666668,971
245,0.72,486.1,77.12,-86.01,23.03,5.4620000000000015,12.2484,14.451466666666667,971
246,0.76,452.18805555555565,69.53,-77.14,20.96,5.3900000000000015,13.078033333333336,13.13815,971
247,0.92,537.6125000000002,70.02,-65.01,20.77,5.39,16.274233333333335,14.949683333333335,971
248,0.92,478.0144444444445,63.47,-67.29,20.5,5.426,16.260550000000002,14.2144,971
249,0.92,435.1233333333332,64.4,-65.83,20.51,5.426,16.261300000000002,14.21146666666667,971
250,0.92,381.7986111111112,61.28,-69.77,20.52,5.244,16.30946666666667,7.55045,971
251,0.72,455.6797222222222,68.96,-91.54,23.03,5.372000000000001,12.230133333333335,11.352933333333334,971
252,0.54,433.88333333333327,71.41,-79.64,21.22,5.394,8.660733333333333,15.324800000000002,971
253,0.82,483.3822222222223,71.62,-89.79,22.66,5.395999999999999,14.2742,10.331533333333336,971
254,0.58,445.1372222222223,79.15,-81.64,24.25,5.358,9.485666666666667,14.299766666666667,971
255,0.66,474.5600000000002,77.7,-85.93,22.48,5.433999999999998,11.075066666666668,13.378366666666668,971
256,0.64,482.7477777777778,75.18,-94.26,24.27,5.4700000000000015,10.671833333333334,13.996933333333335,971
257,0.6,436.30138888888894,78.41,-93.37,23.6,5.3439999999999985,9.843316666666668,13.542133333333336,971
258,0.58,440.2822222222223,78.49,-89.62,24.02,5.3119999999999985,9.453733333333334,13.644566666666664,971
259,0.52,407.2000000000001,84.5,-105.47,24.71,5.404,8.228516666666668,13.606933333333332,971
260,0.54,508.2077777777778,84.28,-89.58,23.62,5.348000000000001,8.634066666666667,15.909400000000002,971
261,0.56,473.58333333333337,80.93,-87.83,23.96,5.446000000000001,9.016783333333334,15.366666666666667,971
262,0.6,473.0744444444443,77.08,-97.65,24.41,5.442,9.871533333333335,14.203533333333333,971
263,0.64,466.38805555555547,76.5,-105.44,24.95,5.338000000000001,10.659766666666668,12.348933333333335,971
264,0.6,514.1947222222223,80.01,-88.64,23.4,5.412000000000001,9.839116666666667,14.798683333333333,971
265,0.64,466.99222222222227,72.03,-87.96,22.44,5.4620000000000015,10.666133333333336,12.672,971
266,0.64,507.6655555555555,78.72,-88.73,22.68,5.426,10.660150000000002,13.586133333333335,971
267,0.92,494.7047222222222,76.52,-70.48,20.85,5.388,16.278033333333337,7.7961,971
268,0.54,470.2211111111112,85.63,-90.33,23.86,5.356,8.662200000000002,15.062533333333333,971
269,0.92,562.705,65.39,-71.32,20.91,5.412000000000001,16.341066666666666,13.455833333333334,971
270,0.78,561.4802777777778,83.52,-69.19,21.17,5.502000000000002,13.491933333333336,15.460283333333335,971
271,0.68,428.34527777777777,77.19,-79.29,22.16,5.232000000000001,11.49221666666667,11.5311,971
272,0.58,520.5977777777778,79.14,-88.66,22.59,5.417999999999999,9.449733333333334,17.337833333333336,971
273,0.72,441.7561111111111,74.81,-82.34,21.52,5.246,12.271150000000002,12.37665,971
274,0.76,507.84388888888884,67.0,-99.84,24.41,5.337999999999999,13.061650000000002,10.971766666666667,971
275,0.64,508.0127777777778,83.79,-96.07,24.26,5.376,10.6824,13.0721,971
276,0.62,546.8822222222221,80.7,-86.1,22.62,5.568,10.269066666666664,15.738066666666667,971
277,0.66,509.79305555555567,76.83,-88.72,24.0,5.282000000000001,11.030666666666667,13.588933333333335,971
278,0.64,573.7844444444444,73.73,-90.19,23.28,5.3679999999999986,10.642966666666668,16.86873333333333,971
279,0.6,446.8675,74.66,-88.27,23.86,5.416,9.870116666666668,14.478633333333335,971
280,0.66,464.8861111111111,70.32,-84.19,21.66,5.327999999999999,11.070466666666668,15.69995,971
281,0.76,411.4655555555556,69.01,-75.22,20.66,5.467999999999999,13.08025,12.340533333333335,971
282,0.64,464.5711111111111,73.12,-73.79,21.24,5.6179999999999986,10.689033333333333,17.655066666666674,971
283,0.84,477.18,58.27,-70.42,20.6,5.586,14.706033333333336,20.407400000000006,971
284,0.92,420.5905555555556,55.41,-70.11,20.46,5.56,16.298516666666668,15.762566666666668,971
285,0.9,374.32055555555564,58.93,-69.4,20.45,5.392,15.902933333333333,9.66545,971
286,0.8,446.83555555555563,70.4,-78.81,21.13,5.3420000000000005,13.880783333333335,16.630716666666668,971
287,0.92,304.0933333333333,63.89,-71.41,20.51,5.26,16.310183333333335,5.394333333333334,971
288,0.54,378.25777777777773,65.47,-87.91,23.42,5.534000000000002,8.668800000000001,13.5954,971
289,0.62,486.3505555555557,82.93,-82.46,22.14,5.5459999999999985,10.274066666666666,13.78855,971
290,0.7,514.5736111111112,76.95,-94.06,24.21,5.473999999999998,11.8494,13.863333333333333,971
291,0.78,502.4177777777778,71.9,-77.01,20.97,5.556,13.4738,12.186133333333334,971
292,0.64,524.2402777777778,77.53,-79.63,21.96,5.36,10.675683333333334,16.7282,971
293,0.74,550.6122222222223,69.32,-78.82,21.7,5.372000000000001,12.6786,16.66586666666667,971
294,0.86,504.4722222222223,64.11,-103.86,23.42,5.55,15.1264,9.566933333333337,971
295,0.66,496.3044444444445,72.79,-89.59,24.01,5.4879999999999995,11.070066666666667,14.465216666666667,971
296,0.72,496.6561111111112,72.94,-89.19,23.01,4.642,12.280216666666668,12.597283333333333,971
297,0.6,463.3433333333333,72.15,-90.85,24.43,5.305999999999999,9.857533333333334,14.7474,971
298,0.64,481.2888888888888,73.53,-77.27,21.29,5.348,10.663616666666668,16.6778,971
299,0.78,505.62555555555565,74.0,-87.12,22.18,5.475999999999999,13.484600000000002,11.911533333333333,971
300,0.62,507.3766666666667,75.16,-80.43,22.23,5.376,10.2632,15.375466666666664,971
301,0.66,493.2533333333333,77.75,-102.33,24.9,5.146,11.035466666666668,13.0418,971
1,0.66,814.5558333333332,132.23,-117.96,35.32,11.116,17.943533333333335,31.341483333333336,322
2,0.9,740.2683333333334,73.94,-83.4,34.82,10.228,26.61206666666667,20.937183333333333,322
3,0.9,67.23472222222222,68.78,-78.5,35.83,10.798,27.736466666666665,2.833833333333333,322
4,0.32,814.0488888888889,101.16,-107.63,37.5,13.326,8.131366666666667,48.00186666666667,322
5,0.9,810.0038888888887,81.14,-90.45,37.64,12.09,28.443666666666665,25.030666666666665,322
6,0.9,688.3044444444445,65.0,-82.02,35.69,13.16,28.0904,26.13278333333333,322
7,0.9,732.7405555555556,73.63,-84.19,36.39,12.234000000000002,28.187266666666673,24.50691666666667,322
8,0.9,59.73333333333334,65.0,-74.79,35.33,11.248,27.83806666666667,2.8428333333333335,322
9,0.34,867.5097222222223,99.2,-131.47,39.52,13.126,8.8918,48.02696666666667,322
10,0.9,804.7775,77.79,-112.87,36.74,13.118,28.493466666666674,27.679416666666665,322
11,0.94,33.40194444444445,63.89,-66.81,33.87,8.196,26.0858,2.3815000000000004,322
12,0.36,788.4322222222223,95.19,-115.51,35.41,13.066,8.2446,45.10560000000001,322
13,0.94,714.3266666666666,73.54,-81.44,34.65,15.324000000000002,28.296866666666666,29.266600000000004,322
14,0.94,26.090277777777782,54.07,-52.06,30.66,9.654,26.05293333333333,2.6074,322
15,0.46,748.3802777777777,102.83,-97.44,34.18,15.154000000000002,11.707666666666668,45.299533333333336,322
16,0.94,27.91972222222222,60.14,-57.12,30.75,10.214,26.07293333333333,2.6937333333333338,322
17,0.44,767.9211111111113,102.33,-105.56,34.95,15.2,11.027200000000002,46.02026666666667,322
18,0.94,607.3808333333333,64.92,-57.17,31.97,14.02,26.421866666666673,26.92086666666667,322
19,0.94,35.256944444444436,49.18,-49.68,30.53,11.91,26.014,2.8705000000000003,322
20,0.48,729.7811111111113,90.12,-96.93,34.0,15.277999999999999,12.107333333333333,44.37266666666667,322
21,0.94,667.9844444444445,59.23,-58.87,31.28,14.12,26.30546666666667,27.30031666666667,322
22,0.86,112.54777777777781,46.21,-62.47,28.4,15.22,22.18953333333333,5.8815333333333335,322
23,0.62,694.6247222222224,89.03,-83.61,31.5,15.136,15.700066666666665,38.881783333333345,322
24,0.94,30.084166666666665,57.6,-48.22,29.23,13.152,24.597533333333335,2.925116666666667,322
25,0.26,667.4333333333335,59.58,-88.67,32.41,15.1,5.4002,50.00850000000001,322
26,0.94,628.7666666666668,58.65,-48.65,29.45,14.232000000000001,24.79473333333333,26.89333333333333,322
27,0.94,23.89333333333333,49.09,-47.94,28.86,11.606,24.430533333333337,2.773483333333333,322
28,0.38,706.5244444444446,82.19,-99.1,32.78,15.2,8.575266666666668,46.42405000000001,322
29,0.94,564.5580555555556,58.96,-48.8,29.46,15.024,24.6782,28.57263333333333,322
30,0.94,135.4511111111111,44.53,-70.96,31.49,16.227999999999998,26.951999999999998,4.6100666666666665,322
31,0.64,690.1733333333334,92.31,-97.29,35.08,16.23,17.906166666666667,41.09020000000001,322
32,0.94,563.7397222222222,57.61,-60.3,32.42,15.032,27.127533333333336,28.60468333333333,322
33,0.94,48.12861111111112,50.2,-48.63,31.3,14.026000000000002,26.91493333333333,3.2016166666666668,322
34,0.42,708.756388888889,93.83,-93.34,34.75,16.284000000000002,10.728733333333333,48.57026666666667,322
35,0.94,648.046111111111,57.15,-63.73,32.19,16.124000000000002,27.2764,30.81773333333333,322
36,0.94,41.28555555555556,57.18,-56.65,32.22,14.84,27.094133333333332,3.232166666666666,322
37,0.26,710.9486111111113,59.86,-102.37,35.72,16.176,5.9222,54.23851666666667,322
38,0.94,692.1852777777777,69.46,-75.57,33.62,16.462,27.603266666666666,31.00448333333333,322
39,0.94,565.4930555555558,61.17,-59.6,32.76,15.145999999999999,27.21,28.67941666666667,322
40,0.94,30.40527777777778,56.11,-52.75,31.77,13.622,26.94986666666667,3.08835,322
41,0.36,747.2322222222224,84.14,-106.5,36.08,16.262,8.990416666666668,51.18273333333334,322
42,0.94,692.4322222222223,63.33,-64.67,32.48,16.14,27.340733333333336,30.96983333333333,322
43,0.94,32.32694444444444,56.91,-54.23,32.08,13.079999999999998,27.02113333333334,3.06185,322
44,0.34,709.0841666666665,78.17,-89.91,34.38,16.37,8.327333333333335,51.13163333333334,322
45,0.94,679.5711111111112,63.75,-62.48,33.28,15.691999999999998,27.44013333333333,24.58131666666667,322
46,0.94,330.5788888888889,56.37,-73.51,31.58,15.674,27.0298,13.487866666666665,322
47,0.74,740.3283333333335,86.02,-96.3,33.95,16.386,21.1654,37.7813,322
48,0.94,25.785277777777782,58.96,-54.35,31.85,11.552,26.994933333333336,2.874616666666667,322
49,0.4,713.6022222222223,96.47,-103.45,35.83,16.098000000000006,10.2528,49.39593333333333,322
50,0.94,659.9891666666666,62.04,-56.32,32.68,14.99,27.30153333333334,28.91666666666667,322
51,0.94,117.32111111111112,48.99,-70.19,31.59,16.23,27.00233333333333,3.9064666666666663,322
52,0.56,686.8788888888888,89.57,-88.69,33.42,16.152,15.351166666666666,43.31806666666667,322
53,0.94,647.8877777777778,62.05,-67.12,32.52,16.212,27.353133333333343,30.785316666666667,322
54,0.94,37.866388888888885,55.94,-56.61,32.13,13.388,26.98306666666668,3.1091500000000005,322
55,0.36,759.5822222222223,85.77,-117.31,37.35,15.98,8.842133333333333,51.25086666666667,322
56,0.94,633.4333333333333,59.02,-53.86,32.46,15.014000000000001,27.229466666666664,28.917366666666666,322
57,0.94,35.05527777777777,56.25,-56.9,32.08,13.454000000000002,27.015000000000004,3.0906833333333332,322
58,0.34,733.2750000000002,84.72,-105.79,36.0,16.193999999999996,8.343600000000002,51.48080000000001,322
59,0.94,713.2030555555557,69.05,-72.91,33.54,16.234,27.5572,31.15183333333333,322
60,0.94,30.637500000000006,60.89,-60.7,32.34,13.185999999999998,27.043866666666673,3.053733333333333,322
61,0.34,725.6416666666668,83.24,-108.97,36.17,16.2,8.3648,51.37043333333333,322
62,0.94,697.9877777777779,61.8,-70.84,33.06,16.336000000000002,27.4576,30.978000000000005,322
63,0.94,657.4316666666667,59.05,-60.21,32.27,16.261999999999997,27.25653333333333,30.85503333333333,322
64,0.94,592.5922222222222,57.74,-58.1,32.3,14.982000000000001,27.12553333333333,28.6557,322
65,0.94,45.89944444444443,55.81,-55.61,32.17,14.404000000000002,27.036666666666665,3.210466666666667,322
66,0.3,682.8494444444443,71.86,-94.56,35.83,16.142,7.1182000000000025,52.67059999999999,322
67,0.94,605.2227777777778,59.4,-56.39,30.51,16.206,25.71586666666667,30.60941666666667,322
68,0.94,24.428611111111113,53.91,-51.93,30.09,13.152,25.34806666666667,2.981783333333334,322
69,0.36,682.5133333333333,80.19,-94.99,33.74,16.223999999999997,8.474750000000002,49.29813333333334,322
70,0.94,615.8261111111111,57.39,-54.11,30.34,16.296000000000006,25.68613333333333,30.648683333333334,322
71,0.94,15.52416666666667,42.8,-34.14,27.42,11.48,23.696066666666667,2.7715,322
72,0.48,648.2922222222221,82.23,-84.02,31.41,16.262,11.024216666666666,44.48153333333334,322
73,0.94,599.9247222222222,58.34,-42.04,28.43,15.02,24.0028,28.72571666666667,322
74,0.94,28.18722222222223,52.28,-45.57,28.32,14.844000000000001,23.80213333333333,3.11315,322
75,0.26,560.7713888888889,40.34,-65.24,29.22,16.110000000000007,5.365,49.60426666666668,322
76,0.92,608.9411111111112,60.07,-69.25,28.52,16.462,23.61731666666667,31.1622,322
77,0.94,18.261388888888884,51.75,-47.48,28.27,12.777999999999999,23.77753333333333,2.899983333333333,322
78,0.3,655.3972222222224,73.39,-79.03,31.48,15.024,6.392666666666668,47.9903,322
79,0.88,561.4622222222223,59.18,-73.58,28.94,16.13,22.5411,32.109,322
80,0.94,35.27444444444445,56.1,-47.59,28.44,15.012,23.85213333333333,3.152516666666666,322
81,0.26,571.7272222222222,42.08,-72.26,30.08,16.35,5.365933333333333,50.40626666666667,322
82,0.94,529.9488888888889,53.48,-42.61,28.34,15.297999999999998,23.98753333333333,28.41523333333334,322
83,0.94,20.75527777777778,39.61,-30.91,27.47,12.546,23.63353333333333,2.89175,322
84,0.46,650.1480555555556,82.44,-81.17,31.04,15.068,10.523666666666667,42.97740000000001,322
85,0.94,520.7308333333334,55.5,-39.75,28.77,15.080000000000002,23.87813333333333,28.384966666666664,322
86,0.94,30.888055555555557,41.5,-33.63,27.6,12.76,23.706666666666663,2.9597666666666664,322
87,0.48,669.6433333333333,83.59,-82.31,30.97,16.118000000000002,11.0775,44.446266666666666,322
88,0.94,578.8469444444444,57.55,-43.87,28.4,15.222000000000001,24.057733333333346,28.5322,322
89,0.94,601.5455555555558,52.27,-41.65,28.1,14.968,23.8212,28.78395,322
90,0.94,90.50888888888888,41.29,-53.49,27.47,15.996,23.736933333333337,3.7112666666666665,322
91,0.68,681.4300000000002,78.09,-77.17,30.34,15.204,16.912066666666668,36.750466666666654,322
92,0.94,17.948333333333334,52.16,-38.48,28.27,14.095999999999998,23.8722,3.01845,322
93,0.26,601.7555555555557,49.3,-70.11,30.47,16.022000000000002,5.362266666666667,50.44665000000001,322
94,0.88,686.8488888888891,62.48,-74.21,28.97,15.984000000000002,22.592783333333333,32.55366666666667,322
95,0.94,16.00138888888889,54.35,-40.34,28.27,12.258,23.80053333333333,2.8227,322
96,0.3,574.718611111111,68.46,-68.65,30.14,16.345999999999997,6.384933333333333,49.14890000000001,322
97,0.94,655.7288888888891,59.41,-68.09,28.8,16.124000000000002,24.2196,30.74745,322
98,0.94,17.35361111111111,54.51,-43.41,28.27,12.792,23.81846666666667,2.880416666666667,322
99,0.34,636.231388888889,73.05,-78.27,31.3,15.022,7.354266666666668,46.80518333333334,322
100,0.94,580.0022222222221,59.37,-69.4,28.56,16.285999999999998,24.1896,30.44191666666667,322
101,0.94,596.0916666666667,50.35,-42.42,28.1,14.86,23.93106666666667,28.581500000000005,322
102,0.94,17.503888888888888,52.83,-42.23,28.14,13.372000000000005,23.732866666666666,2.9480166666666667,322
103,0.34,606.4555555555555,67.72,-74.25,30.73,16.044,7.330400000000001,48.303999999999995,322
104,0.94,564.5783333333334,55.42,-46.28,28.42,16.497999999999998,24.06046666666667,30.40908333333333,322
105,0.94,491.69583333333327,53.3,-44.82,28.48,14.988,23.8896,28.26845,322
106,0.94,18.380833333333328,42.79,-29.5,27.49,12.976000000000004,23.62033333333333,2.9251666666666667,322
107,0.44,683.3644444444445,79.32,-77.83,30.88,15.002,10.002333333333334,43.7646,322
108,0.94,26.77111111111111,55.03,-42.96,28.46,14.618,23.861533333333334,3.094316666666667,322
109,0.28,569.2333333333332,52.26,-67.59,29.69,16.212,5.8867,49.5022,322
110,0.94,636.2475000000002,56.67,-62.49,28.37,15.99,24.1164,30.64698333333333,322
111,0.94,138.04444444444445,49.06,-56.98,27.48,15.732000000000001,23.737200000000005,5.120533333333333,322
112,0.6,640.5744444444447,77.04,-74.69,30.17,14.91,14.715616666666667,38.57693333333333,322
113,0.94,538.4247222222224,52.36,-40.27,28.17,15.072000000000001,23.88153333333333,28.3997,322
114,0.94,31.903055555555557,42.4,-34.03,27.49,14.124,23.6798,3.066233333333334,322
115,0.48,621.6511111111113,79.67,-79.36,30.53,16.128000000000004,11.297016666666668,44.05673333333334,322
116,0.94,562.7997222222223,50.95,-41.46,28.15,14.97,23.9276,28.455966666666665,322
117,0.94,25.47944444444445,41.61,-31.66,27.39,13.356,23.65793333333334,2.981583333333334,322
118,0.48,612.4144444444445,80.63,-77.14,30.58,16.092000000000002,11.2797,44.12220000000001,322
119,0.94,489.44805555555564,48.02,-42.25,28.0,15.177999999999999,23.86006666666667,28.22775,322
120,0.94,228.2888888888889,42.51,-59.45,27.43,15.636,23.740266666666674,11.155066666666665,322
121,0.74,646.257777777778,69.0,-78.76,30.17,15.289999999999996,18.55866666666667,34.75483333333334,322
122,0.94,23.90805555555556,47.11,-45.35,28.04,13.338,23.72253333333333,2.976233333333333,322
123,0.34,583.6827777777778,76.76,-74.44,30.56,16.262,7.492066666666667,48.22305000000001,322
124,0.94,496.1969444444445,48.4,-44.37,28.15,14.998,23.84606666666667,28.28073333333333,322
125,0.94,30.83333333333333,44.35,-33.9,27.4,14.462,23.64973333333333,3.097383333333333,322
126,0.46,629.3955555555557,73.51,-77.91,30.06,15.04,10.5462,42.49876666666668,322
127,0.94,22.675833333333333,43.91,-37.96,27.77,13.718,23.71500000000001,3.0054,322
128,0.38,586.0394444444445,72.08,-74.77,30.36,16.195999999999998,8.5688,47.076600000000006,322
129,0.94,452.4744444444445,46.19,-39.35,27.87,14.902,23.770933333333332,28.19378333333334,322
130,0.94,204.7288888888889,45.58,-54.91,27.48,15.468,23.740800000000004,9.45716666666667,322
131,0.7,623.4488888888889,73.63,-75.65,29.83,15.145999999999999,17.416733333333333,35.632183333333344,322
132,0.94,32.16194444444445,44.53,-45.37,28.11,14.744000000000002,23.740666666666666,3.127666666666667,322
133,0.3,572.9861111111112,58.95,-71.37,30.13,16.29,6.4184,49.01121666666667,322
134,0.94,548.6030555555557,48.97,-51.95,28.21,16.07,24.013,30.336233333333336,322
135,0.94,28.84222222222223,47.94,-35.57,27.43,14.441999999999998,23.67326666666667,3.0891,322
136,0.4,605.7988888888889,72.65,-74.04,30.23,15.002,9.123433333333336,44.45833333333333,322
137,0.94,518.7838888888889,46.8,-45.25,27.89,16.066000000000006,23.8792,30.261466666666674,322
138,0.94,492.9888888888889,48.58,-41.16,27.89,15.008,23.8038,28.17726666666667,322
139,0.94,31.54527777777778,44.9,-36.86,27.55,14.307999999999998,23.67726666666667,3.087,322
140,0.34,524.9436111111112,66.93,-65.27,29.94,16.95,7.495933333333333,49.30864999999999,322
141,0.94,487.13027777777774,44.93,-46.2,28.89,17.052,24.821200000000005,31.89936666666667,322
142,0.94,37.62083333333333,52.05,-43.63,28.71,15.786,24.647333333333336,3.319366666666667,322
143,0.34,550.0494444444445,61.89,-69.74,31.14,16.964000000000002,7.822933333333333,50.20286666666666,322
144,0.94,499.0911111111112,51.49,-44.65,28.91,17.151999999999994,24.811399999999995,31.98216666666667,322
145,0.94,40.218055555555566,54.49,-39.56,28.8,16.238,24.66253333333334,3.365283333333333,322
146,0.3,543.8777777777777,54.9,-69.13,30.81,16.997999999999998,6.7203333333333335,51.36666666666667,322
147,0.94,490.1747222222222,53.7,-44.36,28.8,17.116000000000003,24.804333333333336,32.01898333333333,322
148,0.94,509.72861111111115,52.34,-45.34,28.85,16.098000000000006,24.745466666666665,30.059183333333333,322
149,0.94,450.12638888888887,48.07,-40.39,28.85,15.941999999999998,24.654066666666665,29.94710000000001,322
150,0.94,53.74472222222222,47.17,-38.12,28.46,16.71,24.59133333333334,3.4388,322
151,0.44,579.6244444444444,69.38,-72.53,30.64,16.014000000000006,10.620966666666666,45.18926666666667,322
152,0.94,512.216388888889,48.89,-46.78,28.89,17.047999999999995,24.780466666666676,32.07275,322
153,0.94,475.81611111111124,51.27,-40.9,28.79,15.998,24.678,29.998683333333336,322
154,0.94,39.43472222222223,45.77,-36.25,28.47,16.125999999999998,24.584933333333336,3.3502,322
155,0.38,554.5602777777779,66.93,-71.89,30.98,16.967999999999996,8.948733333333337,49.10900000000001,322
156,0.94,508.36861111111114,51.73,-46.63,28.98,16.988,24.795133333333336,32.04968333333333,322
157,0.94,461.7802777777779,51.7,-42.05,28.72,15.904000000000002,24.674800000000005,29.95318333333334,322
158,0.94,37.29472222222223,46.59,-35.67,28.54,16.227999999999998,24.58846666666667,3.35565,322
159,0.32,513.4833333333332,60.53,-68.54,30.74,16.982,7.263716666666667,50.70326666666666,322
160,0.94,503.8461111111112,49.95,-45.58,28.73,16.992,24.768066666666666,32.02438333333333,322
161,0.94,449.94250000000005,52.43,-43.24,28.71,17.016000000000002,24.706600000000005,31.87041666666667,322
162,0.94,450.4075,52.19,-44.79,28.85,17.008000000000006,24.70493333333334,31.870166666666666,322
163,0.94,484.90722222222223,52.44,-44.86,28.75,16.062,24.697000000000006,29.99948333333333,322
164,0.94,425.1997222222223,49.73,-41.46,28.72,17.002000000000002,24.66773333333333,31.81561666666667,322
165,0.94,476.37888888888887,53.28,-44.72,28.66,17.252,24.71486666666667,31.97835,322
166,0.94,443.92666666666673,52.39,-44.68,28.88,17.067999999999998,24.703399999999995,31.860416666666676,322
167,0.94,440.91916666666674,51.33,-41.31,28.68,17.074,24.661133333333336,31.87753333333334,322
168,0.94,445.58888888888885,52.42,-45.12,28.99,17.094,24.699666666666666,31.86791666666667,322
169,0.94,48.5488888888889,49.5,-44.22,28.88,16.067999999999998,24.658133333333332,4.366600000000001,322
170,0.28,499.95,52.83,-66.49,30.48,16.98,6.146416666666666,51.666000000000004,322
171,0.94,514.5113888888889,52.64,-58.47,29.02,16.948,24.85906666666667,32.08265,322
172,0.94,448.6294444444445,53.45,-43.08,28.57,17.080000000000002,24.7002,31.89378333333333,322
173,0.94,399.21111111111117,52.6,-39.83,28.47,15.927999999999999,24.62753333333334,29.77503333333334,322
174,0.94,425.36083333333335,47.96,-40.92,28.55,16.101999999999997,24.6236,29.82981666666667,322
175,0.94,50.95166666666668,49.61,-42.46,28.64,16.732,24.620266666666666,3.4249333333333336,322
176,0.32,503.4611111111112,56.31,-67.65,30.44,16.96,7.287633333333333,50.46953333333334,322
177,0.94,510.19638888888886,52.84,-50.94,28.87,17.012,24.815466666666676,32.056416666666664,322
178,0.94,471.98166666666674,52.63,-46.05,28.75,17.026,24.715800000000005,31.91745000000001,322
179,0.94,56.34555555555554,55.01,-43.04,28.56,16.726,24.666,3.7842,322
180,0.26,473.6558333333333,44.01,-64.87,30.22,16.918,5.605066666666668,52.04395,322
181,0.92,517.8477777777779,52.58,-67.74,29.23,17.003999999999998,24.358866666666664,32.63653333333334,322
182,0.94,490.8219444444445,54.8,-47.98,28.85,17.020000000000003,24.78680000000001,31.971183333333336,322
183,0.94,427.5147222222223,53.42,-42.22,28.62,17.067999999999998,24.694133333333333,31.805250000000004,322
184,0.94,452.99055555555566,54.24,-45.1,28.69,17.227999999999998,24.682466666666667,31.901350000000004,322
185,0.94,399.6797222222222,53.46,-42.83,28.53,17.132,24.652,31.723600000000005,322
186,0.94,97.49,52.67,-51.6,28.5,16.63,24.66,4.5898,322
187,0.44,480.8777777777778,68.08,-68.93,29.89,16.967999999999996,10.609683333333333,46.591,322
188,0.94,451.6113888888889,52.09,-46.13,28.77,17.218,24.7342,31.86435,322
189,0.94,59.07166666666667,53.55,-42.09,28.72,16.714000000000002,24.649933333333333,4.131733333333333,322
190,0.28,479.24333333333334,46.21,-62.97,29.92,17.118000000000002,6.174,51.27133333333333,322
191,0.94,488.74916666666667,54.53,-54.02,28.85,17.044000000000004,24.8488,31.9809,322
192,0.94,453.26833333333343,52.34,-44.27,28.81,17.144000000000002,24.729333333333336,31.8868,322
193,0.94,53.285,55.38,-41.26,28.59,16.058,24.63906666666667,4.050216666666668,322
194,0.3,485.8577777777778,55.82,-67.77,30.36,16.936,6.7044000000000015,50.94968333333334,322
195,0.94,494.13138888888886,54.24,-48.22,28.76,16.968,24.77786666666667,31.98005,322
196,0.94,433.52388888888885,50.95,-42.13,28.64,17.058,24.69466666666667,31.839533333333332,322
197,0.94,53.121111111111105,52.14,-39.43,28.5,16.312,24.63493333333334,3.7322,322
198,0.32,525.3755555555556,59.32,-70.0,30.78,16.986,7.264583333333333,50.7456,322
199,0.94,491.60416666666674,51.81,-44.6,28.74,17.1,24.77713333333334,32.010000000000005,322
200,0.94,458.47777777777776,52.52,-42.27,28.77,15.938,24.67353333333334,29.92736666666667,322
201,0.94,40.71305555555556,48.66,-42.0,28.83,16.074,24.6274,4.017233333333333,322
202,0.3,498.4247222222223,54.33,-69.48,30.74,16.996,6.723733333333334,51.06696666666666,322
203,0.94,476.6911111111111,51.36,-44.81,28.7,17.055999999999997,24.75706666666667,31.937000000000005,322
204,0.94,52.968055555555566,54.02,-41.59,28.65,16.884,24.68446666666667,3.4399333333333333,322
205,0.3,502.47750000000013,51.82,-67.58,30.72,16.965999999999998,6.7266,51.21073333333334,322
206,0.94,449.6752777777778,50.09,-42.55,28.58,17.072,24.697133333333333,31.87641666666667,322
207,0.94,444.67833333333334,51.66,-41.79,28.89,15.935999999999998,24.68366666666667,29.89938333333334,322
208,0.94,52.22805555555557,46.89,-41.52,28.51,16.074,24.60393333333333,4.0427,322
209,0.32,492.52444444444455,58.71,-68.76,30.75,16.982,7.274016666666667,50.51280000000001,322
210,0.94,462.9119444444444,54.71,-44.07,28.59,17.186,24.730066666666673,31.899333333333335,322
211,0.94,432.73916666666673,55.47,-47.55,28.75,17.01,24.70053333333334,31.834916666666665,322
212,0.94,56.55055555555556,51.96,-38.13,28.41,16.970000000000002,24.632200000000005,3.4586333333333337,322
213,0.44,515.0555555555555,60.96,-67.51,30.7,16.962,10.63905,46.95220000000001,322
214,0.94,483.0644444444445,51.64,-46.01,28.8,17.046,24.776,31.97183333333333,322
215,0.94,473.8066666666666,49.46,-41.62,28.73,15.958000000000002,24.65953333333334,29.97061666666667,322
216,0.94,46.37916666666666,48.99,-39.29,28.52,16.742,24.63013333333334,3.419283333333333,322
217,0.28,513.1511111111113,52.71,-68.9,30.81,17.002,6.1834333333333324,51.87566666666668,322
218,0.94,494.74861111111125,55.35,-47.03,28.76,16.986,24.772200000000005,32.00371666666667,322
219,0.94,446.6377777777777,51.88,-43.56,28.62,17.029999999999998,24.687200000000004,31.864383333333336,322
220,0.94,67.10138888888888,52.5,-43.98,28.61,16.796,24.658666666666665,4.157133333333333,322
221,0.3,492.57166666666666,51.87,-68.26,30.49,17.005999999999997,6.7366,51.09350000000001,322
222,0.94,520.2272222222223,50.68,-50.77,28.87,17.099999999999998,24.82726666666667,32.07875,322
223,0.94,448.8366666666668,51.86,-43.17,28.71,17.02,24.70226666666667,31.86146666666667,322
224,0.94,40.955833333333345,51.01,-35.79,28.38,16.686,24.59760000000001,3.4028166666666677,322
225,0.4,525.5400000000002,60.52,-70.32,30.75,16.996000000000002,9.515333333333334,48.26040000000001,322
226,0.94,481.2294444444445,52.63,-46.41,28.85,17.086000000000002,24.79713333333333,31.952583333333337,322
227,0.94,428.76055555555564,54.23,-42.64,28.78,17.058,24.7002,31.836016666666666,322
228,0.94,459.73333333333335,52.7,-44.79,28.66,17.02,24.692400000000006,31.8899,322
229,0.94,54.59333333333335,54.23,-41.18,28.63,16.764,24.6658,3.7826,322
230,0.28,478.41555555555567,45.94,-65.78,30.37,16.98,6.176016666666667,51.53153333333334,322
231,0.94,496.7011111111113,51.86,-45.61,28.79,16.986,24.7962,32.02285,322
232,0.94,454.515,52.91,-42.79,28.73,17.032,24.706133333333334,31.900233333333336,322
233,0.94,449.0366666666668,49.77,-44.31,28.8,15.956,24.65273333333333,29.89353333333333,322
234,0.94,421.1194444444445,50.82,-42.36,28.69,15.927999999999999,24.62273333333333,29.856016666666665,322
235,0.94,58.91583333333334,48.68,-37.25,28.46,16.73,24.58786666666667,4.144466666666666,322
236,0.4,475.9655555555556,59.18,-68.13,30.14,16.962,9.5308,47.83600000000001,322
237,0.94,478.46055555555563,55.7,-45.9,28.72,17.116,24.7642,31.943233333333332,322
238,0.94,422.7622222222223,55.58,-46.41,28.73,17.058,24.69586666666667,31.80235,322
239,0.94,408.2433333333335,54.45,-42.36,28.55,17.038,24.667800000000003,31.729316666666676,322
240,0.94,48.87666666666667,55.0,-39.95,28.48,16.735999999999994,24.63006666666667,3.4181833333333342,322
241,0.3,498.0319444444446,54.36,-68.54,30.85,16.942,6.720066666666668,51.28126666666667,322
242,0.94,490.79250000000013,52.72,-52.16,28.75,17.19,24.778866666666676,31.976,322
243,0.94,62.30666666666666,52.7,-43.15,28.61,16.630000000000006,24.66886666666667,4.477800000000001,322
244,0.24,452.8444444444446,43.87,-61.07,30.07,17.115999999999996,5.05365,52.45773333333334,322
245,0.94,481.49722222222226,56.08,-54.82,28.77,17.006000000000004,24.78633333333333,31.943216666666668,322
246,0.94,428.3877777777778,53.48,-45.59,28.57,16.994,24.699066666666674,31.783166666666666,322
247,0.94,418.5805555555555,53.1,-45.02,28.6,17.006,24.66973333333333,31.765500000000007,322
248,0.94,51.05555555555557,53.19,-38.74,28.48,16.7,24.633066666666654,3.7763333333333335,322
249,0.3,473.6775,51.51,-62.93,30.4,17.192,6.723066666666668,50.77605000000001,322
250,0.94,455.05555555555566,53.46,-46.24,28.8,17.008000000000006,24.731466666666666,31.875433333333334,322
251,0.94,457.59083333333336,56.17,-44.43,28.57,17.208000000000002,24.696466666666673,31.906050000000004,322
252,0.94,56.4188888888889,54.67,-42.89,28.54,16.868000000000002,24.637533333333334,3.4459833333333343,322
253,0.32,504.09000000000015,58.01,-68.83,30.73,17.0,7.2782,50.53906666666667,322
254,0.94,489.4813888888888,51.38,-44.3,28.76,16.956,24.73493333333333,31.986950000000004,322
255,0.94,443.3597222222223,52.81,-45.58,28.66,17.012,24.68633333333333,31.82845,322
256,0.94,52.124444444444435,49.09,-41.31,28.46,16.724,24.638333333333332,3.7680000000000007,322
257,0.3,488.93222222222226,53.87,-68.82,30.74,16.973999999999997,6.733533333333334,51.06243333333333,322
258,0.94,457.51027777777773,56.05,-43.91,28.63,17.088,24.7448,31.89285000000001,322
259,0.94,432.1605555555557,56.02,-45.49,28.65,17.008,24.70853333333333,31.80161666666667,322
260,0.94,416.275,53.94,-41.82,28.45,17.004,24.67713333333333,31.753066666666665,322
261,0.94,430.32805555555564,52.54,-45.77,28.7,16.964000000000002,24.68413333333333,31.804600000000004,322
262,0.94,426.5986111111112,53.22,-44.08,28.62,17.074,24.695666666666675,31.804783333333337,322
263,0.94,398.4911111111112,52.36,-43.98,28.63,16.988,24.6584,31.69481666666667,322
264,0.94,58.82222222222222,53.49,-40.79,28.38,16.703999999999994,24.628200000000003,4.13215,322
265,0.26,451.6063888888888,45.38,-61.23,29.99,17.148000000000003,5.636466666666667,51.71726666666667,322
266,0.94,486.71583333333336,53.91,-51.22,28.75,16.988,24.7956,31.948083333333336,322
267,0.94,446.53944444444437,54.86,-44.19,28.63,17.091999999999995,24.709200000000006,31.80031666666667,322
268,0.94,54.912222222222226,55.58,-40.23,28.52,16.768,24.651466666666664,3.7834666666666665,322
269,0.3,474.73361111111114,53.54,-66.08,30.63,17.052,6.724800000000001,51.11521666666666,322
270,0.94,463.9016666666667,52.06,-45.36,28.61,17.144000000000002,24.6994,31.89528333333333,322
271,0.94,405.59638888888884,53.88,-41.54,28.63,17.032000000000004,24.66466666666667,31.73981666666667,322
272,0.94,57.842222222222226,54.9,-41.12,28.5,16.714000000000002,24.637933333333336,4.473933333333333,322
273,0.28,459.3044444444445,46.73,-63.65,30.44,16.886,6.185016666666666,51.28686666666666,322
274,0.94,458.21305555555574,53.11,-46.85,28.8,16.988000000000003,24.769666666666666,31.87245,322
275,0.94,408.14583333333337,52.22,-44.95,28.57,16.996000000000002,24.66233333333333,31.73221666666667,322
276,0.94,418.67611111111114,52.54,-40.67,28.54,17.006,24.65166666666667,31.766383333333334,322
277,0.94,420.8733333333333,52.04,-42.5,28.5,17.17,24.65326666666666,31.7694,322
278,0.94,61.2075,53.73,-40.51,28.5,16.729999999999997,24.6378,4.144316666666667,322
279,0.28,456.34777777777776,51.18,-64.72,30.23,16.959999999999994,6.173883333333333,51.339133333333336,322
280,0.94,476.2447222222224,54.73,-51.0,28.68,16.944000000000003,24.769466666666666,31.92043333333333,322
281,0.94,440.2075,53.48,-45.28,28.76,16.997999999999998,24.7274,31.8318,322
282,0.94,373.6975000000001,51.27,-43.18,28.58,17.016,24.6536,31.62796666666667,322
283,0.94,413.20111111111123,53.24,-42.41,28.53,17.002000000000002,24.666466666666675,31.75603333333333,322
284,0.94,55.79,52.49,-42.11,28.58,16.816000000000006,24.63786666666667,3.784,322
285,0.3,482.8486111111112,54.38,-68.51,30.97,16.936,6.7322000000000015,51.12218333333333,322
286,0.94,457.1569444444446,54.06,-41.99,28.82,16.988,24.75126666666668,31.89233333333333,322
287,0.94,50.47249999999999,51.68,-42.21,28.52,16.851999999999997,24.642733333333336,3.4239333333333337,322
288,0.32,498.49888888888887,55.62,-70.08,31.04,16.96,7.299233333333333,50.6508,322
289,0.94,494.7047222222223,54.04,-50.18,28.8,17.004,24.80373333333333,31.97426666666667,322
290,0.94,61.04416666666667,54.55,-40.82,28.53,16.662,24.64993333333333,4.14015,322
291,0.3,496.5069444444445,54.67,-68.69,30.59,16.965999999999998,6.719266666666668,51.14401666666666,322
292,0.94,480.7216666666666,52.51,-45.65,28.59,17.144000000000002,24.7486,31.94891666666667,322
293,0.94,56.97361111111113,54.62,-43.01,28.61,16.924,24.673400000000008,3.4568833333333338,322
294,0.26,504.28277777777777,51.14,-68.16,30.84,16.936,5.600133333333334,52.53786666666667,322
295,0.94,529.9597222222222,54.01,-54.93,28.89,16.948,24.84093333333333,32.08355,322
296,0.94,415.6075,53.55,-41.05,28.59,17.012000000000004,24.667666666666676,31.762500000000006,322
297,0.94,53.242222222222225,51.32,-41.81,28.57,16.735999999999994,24.636,3.7756,322
298,0.32,510.86,55.73,-71.08,31.03,16.996,7.2763833333333325,50.68146666666668,322
299,0.94,497.78111111111116,53.18,-46.91,28.71,17.026000000000003,24.776733333333336,31.99223333333334,322
300,0.94,460.52638888888885,55.15,-44.2,28.65,16.972,24.69353333333333,31.91365,322
301,0.94,458.5566666666666,54.21,-43.23,28.62,17.01,24.707000000000008,31.8961,322
302,0.94,56.04333333333334,51.73,-42.31,28.74,16.796,24.66673333333333,3.7896666666666663,322
303,0.28,501.5488888888889,53.58,-69.55,30.99,16.990000000000002,6.169650000000002,51.81200000000001,322
304,0.94,485.21472222222224,55.13,-44.44,28.71,17.110000000000007,24.772,31.969750000000005,322
305,0.94,60.01,55.78,-41.12,28.54,16.776,24.65726666666667,3.799666666666667,322
306,0.26,475.3427777777777,48.0,-64.94,30.72,16.948,5.6016666666666675,52.21956666666666,322
307,0.94,493.0672222222223,51.88,-49.03,28.74,17.174,24.79946666666667,31.98958333333333,322
308,0.94,421.09611111111116,53.6,-43.33,28.56,16.994,24.68553333333333,31.769250000000003,322
309,0.94,444.4172222222223,53.09,-45.72,28.57,17.16,24.7034,31.846533333333333,322
310,0.94,410.9755555555555,54.04,-43.35,28.7,17.02,24.67706666666667,31.74348333333333,322
311,0.94,442.6266666666667,53.31,-42.76,28.57,17.032,24.67546666666667,31.858283333333336,322
312,0.94,428.2547222222222,55.6,-44.62,28.67,16.996,24.682533333333332,31.793833333333332,322
313,0.94,57.14666666666668,54.49,-38.31,28.43,16.622,24.631533333333334,3.778266666666666,322
314,0.42,509.1419444444445,63.66,-68.71,31.13,17.148000000000003,10.0592,47.63681666666667,322
315,0.94,456.6788888888889,52.66,-46.44,28.7,17.012000000000004,24.73013333333333,31.88258333333333,322
316,0.94,58.80777777777779,54.52,-40.81,28.46,16.810000000000002,24.629866666666665,3.7904000000000013,322
317,0.3,485.90722222222223,55.85,-66.47,30.95,16.926000000000002,6.719333333333334,51.10085,322
318,0.94,447.9586111111112,54.02,-42.67,28.66,17.012,24.71633333333333,31.86203333333333,322
319,0.94,52.948888888888895,51.85,-39.13,28.38,16.922000000000004,24.623400000000004,3.4389999999999996,322
320,0.34,499.70277777777784,61.14,-69.71,31.1,16.976,7.8408,50.11311666666667,322
321,0.94,468.8208333333334,53.79,-46.79,28.76,17.006,24.77440000000001,31.887000000000004,322
322,0.94,64.6525,55.38,-43.54,28.7,16.69,24.66433333333333,4.1450000000000005,322
323,0.26,479.3963888888889,46.95,-66.03,30.87,16.918,5.6066666666666665,52.28066666666666,322
324,0.94,504.23333333333335,55.19,-64.46,28.93,17.189999999999998,24.857533333333336,32.04633333333333,322
325,0.94,439.8525,55.08,-47.15,28.65,17.022000000000002,24.69993333333333,31.82725,322
326,0.94,447.81750000000005,55.36,-44.71,28.55,17.115999999999996,24.696800000000003,31.8587,322
327,0.94,59.325555555555546,55.91,-41.33,28.47,16.766000000000002,24.65033333333333,3.7956,322
328,0.28,486.3422222222223,51.55,-68.29,30.74,17.0,6.160666666666668,51.78753333333334,322
329,0.94,464.4525,50.77,-45.15,28.59,17.086000000000002,24.738000000000003,31.90925,322
330,0.94,403.9797222222223,52.73,-42.43,28.62,17.014000000000006,24.66033333333333,31.71275,322
331,0.94,47.15361111111112,53.72,-39.36,28.5,16.375999999999998,24.62953333333333,3.3825000000000003,322
332,0.3,477.9816666666666,53.71,-66.75,30.72,16.906,6.724400000000001,50.94871666666667,322
333,0.94,459.9275,46.21,-44.76,29.6,17.012000000000004,24.893266666666666,31.8791,322
334,0.94,426.06638888888887,51.31,-42.96,28.6,17.082,24.65686666666667,31.81038333333333,322
335,0.94,54.69444444444446,53.47,-40.82,28.55,16.678,24.63046666666667,3.7836,322
336,0.28,472.03777777777776,54.0,-66.25,30.61,16.991999999999994,6.1762000000000015,51.66393333333334,322
337,0.94,496.3244444444445,54.46,-47.94,28.76,16.937999999999995,24.79460000000001,31.999650000000006,322
338,0.94,420.0641666666667,51.92,-40.35,28.5,16.994000000000003,24.66673333333333,31.77886666666667,322
339,0.94,415.6286111111111,50.78,-41.7,28.52,17.131999999999998,24.662000000000006,31.7665,322
1,0.88,476.77,56.01,-36.5,13.67,5.558,10.8032,11.416266666666667,969
2,0.78,452.5255555555556,57.99,-38.36,13.7,5.482,9.4608,11.515133333333335,969
3,0.8,491.4547222222222,57.36,-38.81,13.71,5.474,9.731383333333332,12.375416666666665,969
4,0.86,465.7480555555557,54.37,-39.28,13.65,5.47,10.534933333333337,10.685500000000003,969
5,0.86,461.8158333333333,54.3,-37.11,13.73,5.459999999999999,10.552999999999999,11.109333333333336,969
6,0.86,466.72916666666674,57.69,-37.22,13.7,5.51,10.5192,11.414583333333335,969
7,0.84,462.17083333333335,54.97,-35.77,13.66,5.412000000000001,10.2667,11.137083333333335,969
8,0.82,450.5083333333334,58.41,-37.09,13.75,5.523999999999999,10.0162,13.440266666666664,969
9,0.86,465.7855555555557,56.74,-37.97,13.76,5.49,10.5124,11.293800000000005,969
10,0.84,459.9722222222223,56.16,-38.35,13.8,5.504,10.278516666666668,11.238133333333336,969
11,0.8,464.2344444444445,57.26,-38.98,13.65,5.51,9.740850000000002,11.379333333333333,969
12,0.8,429.0866666666667,57.65,-37.89,13.77,5.42,9.721216666666667,11.221733333333333,969
13,0.78,476.0986111111112,58.5,-37.96,13.76,5.540000000000001,9.458866666666667,12.120533333333332,969
14,0.84,448.12000000000006,59.75,-35.38,13.8,5.452000000000001,10.268866666666668,10.634816666666667,969
15,0.84,441.81444444444435,55.97,-39.06,13.72,5.441999999999998,10.268233333333336,10.022266666666667,969
16,0.88,429.6227777777778,55.19,-36.96,13.72,5.563999999999997,10.80095,9.662766666666668,969
17,0.74,468.4736111111112,55.53,-38.38,13.71,5.4239999999999995,8.9434,11.207066666666664,969
18,0.94,496.3094444444445,54.51,-38.64,13.63,5.461999999999999,11.601733333333332,11.435283333333334,969
19,0.82,457.2088888888889,58.61,-35.07,13.59,5.467999999999999,9.995333333333337,10.320133333333333,969
20,0.84,465.98666666666674,58.93,-37.23,13.8,5.478,10.265933333333333,10.622933333333332,969
21,0.88,473.8622222222222,55.87,-36.51,13.83,5.401999999999999,10.790716666666668,10.947983333333333,969
22,0.88,467.6655555555557,53.35,-36.8,13.67,5.414,10.795,11.570266666666665,969
23,0.86,446.62500000000006,55.98,-36.79,13.77,5.4780000000000015,10.5412,10.38285,969
24,0.92,495.16638888888883,56.62,-34.44,13.66,5.494,11.316666666666668,11.923316666666665,969
25,0.82,490.13861111111123,58.21,-36.2,13.78,5.5299999999999985,9.990933333333334,11.485483333333335,969
26,0.84,531.1566666666666,58.75,-36.07,13.75,5.42,10.256866666666667,14.291066666666667,969
27,0.86,482.6702777777778,60.87,-35.06,13.69,5.553999999999999,10.527333333333337,12.779933333333336,969
28,1.0,477.44000000000017,52.29,-35.6,13.66,5.474,12.396400000000002,13.241933333333332,969
29,0.74,399.00888888888886,55.01,-35.76,13.66,5.4620000000000015,8.929466666666666,11.522133333333334,969
30,1.14,683.6711111111111,62.31,-47.03,13.73,5.4639999999999995,14.235333333333333,12.365516666666668,969
31,1.1,562.5755555555553,55.59,-33.46,13.6,5.465999999999998,13.7332,11.989166666666668,969
32,0.9,465.3844444444445,58.3,-36.2,13.78,5.392,11.063733333333333,10.556,969
33,0.84,519.8855555555557,57.55,-35.2,13.7,5.5,10.2648,12.578866666666665,969
34,0.78,436.46222222222224,60.29,-35.52,13.72,5.482000000000001,9.449866666666667,11.1934,969
35,0.76,478.61444444444453,57.04,-38.85,13.75,5.537999999999999,9.21705,12.51645,969
36,0.92,457.5244444444445,58.38,-31.63,13.62,5.416,11.32265,12.6834,969
37,1.06,110.41944444444448,59.31,-34.07,13.67,5.416,13.2336,4.1813666666666665,969
38,0.42,158.55222222222218,50.08,-36.44,13.91,5.649999999999999,4.7426,6.007000000000001,969
39,0.32,181.37805555555556,48.45,-59.02,14.2,7.944,3.4337000000000004,3.237366666666667,969
40,3.92,1.1766666666666663,80.81,-17.99,13.87,0.268,51.85168333333333,0.2914,969
41,4.08,0.0,87.2,-20.83,13.92,0.05,52.16463333333333,0.0,969
1,0.82,333.72972222222234,54.14,-66.32,30.51,8.857999999999999,20.3756,23.19558333333333,905
2,0.82,338.2025,54.57,-67.64,30.53,8.85,20.601000000000006,23.21695,905
3,0.82,342.1175,53.91,-67.84,30.56,8.126,20.654800000000005,21.16593333333333,905
4,0.82,345.82416666666666,54.79,-69.9,30.45,8.876000000000003,20.627133333333337,23.20508333333333,905
5,0.82,333.26666666666665,54.11,-64.33,30.21,8.830000000000002,20.335866666666668,23.1947,905
6,0.82,333.25166666666667,54.3,-66.57,30.13,8.861999999999998,20.2516,23.225550000000005,905
7,0.82,335.1305555555556,53.97,-67.21,30.65,8.863999999999997,20.7134,23.21678333333333,905
8,0.82,366.4333333333333,52.81,-73.17,30.05,8.120000000000001,20.725000000000005,21.295483333333333,905
9,0.82,335.0577777777778,54.6,-63.86,29.72,8.785999999999998,19.7552,23.1639,905
10,0.82,337.0586111111112,54.19,-64.98,29.78,8.884,20.22613333333334,23.20138333333334,905
11,0.82,333.4794444444445,54.31,-66.32,29.97,8.926,20.351866666666666,23.219583333333336,905
12,0.82,330.1450000000001,54.38,-66.29,29.95,8.838,20.304466666666666,23.196266666666666,905
13,0.82,347.0616666666665,53.72,-67.18,29.86,8.777999999999999,20.2276,23.216150000000006,905
14,0.82,335.0991666666667,54.15,-63.8,29.39,8.918,19.96653333333333,23.19818333333333,905
15,0.82,319.5491666666667,52.9,-67.46,29.46,8.813999999999998,20.096800000000005,23.1584,905
16,0.82,353.9627777777778,55.11,-66.62,30.14,8.133999999999999,20.485199999999995,21.261466666666667,905
17,0.82,325.2575,55.19,-63.64,29.38,8.872,19.880133333333333,23.11953333333333,905
18,0.82,335.3463888888889,54.49,-64.17,29.87,8.786,20.21,23.16063333333333,905
19,0.82,354.7880555555557,54.13,-65.27,29.93,8.065999999999999,20.05873333333333,21.23098333333333,905
20,0.82,332.045,53.95,-64.61,29.64,8.86,20.0158,23.17253333333333,905
21,0.82,346.93222222222215,53.06,-67.09,29.97,8.767999999999999,20.4316,23.20368333333333,905
22,0.82,343.09888888888895,56.23,-66.4,29.81,8.822000000000001,20.0806,23.1683,905
23,0.82,339.66472222222217,53.21,-66.58,29.39,8.921999999999997,20.112666666666673,23.19588333333333,905
24,0.82,320.71111111111105,54.29,-63.94,29.51,8.785999999999998,20.007266666666666,23.135350000000006,905
25,0.82,378.8847222222222,54.27,-71.8,30.48,8.164,20.709333333333333,21.316866666666673,905
26,0.82,353.0366666666667,54.43,-71.2,36.42,7.957999999999999,23.08906666666667,21.2719,905
27,0.28,244.76888888888888,55.0,-151.41,49.92,8.026,8.674016666666667,26.22506666666667,905
28,0.3,188.005,48.21,-155.81,50.02,6.3839999999999995,9.0626,18.380216666666673,905
29,0.82,286.42083333333335,49.99,-153.68,49.48,8.094,30.292800000000003,22.041116666666664,905
30,0.36,274.73444444444436,56.32,-171.34,50.03,8.06,11.924466666666667,26.1302,905
31,0.24,151.51055555555556,56.02,-146.61,49.93,6.452000000000001,6.638999999999999,12.233933333333335,905
32,0.26,169.88388888888892,57.6,-170.54,50.29,6.5939999999999985,6.302266666666667,14.909333333333334,905
33,0.52,328.8344444444445,57.24,-175.31,49.82,7.742000000000001,15.977566666666668,24.857666666666674,905
34,0.82,395.5075,57.22,-135.26,47.06,8.176,31.81646666666667,21.9809,905
35,0.82,424.00583333333327,54.62,-83.72,40.09,8.079999999999998,25.7172,21.49181666666667,905
36,0.82,391.1630555555557,55.11,-80.67,34.41,8.746,23.084733333333336,21.356616666666667,905
37,0.82,428.0802777777778,54.94,-121.06,39.25,8.0,27.63426666666667,21.86225,905
38,0.82,404.4955555555555,58.83,-122.43,42.52,7.980000000000001,29.47946666666667,21.854650000000003,905
39,0.82,409.3127777777778,60.01,-87.43,41.92,7.959999999999999,27.28413333333334,21.51391666666667,905
40,0.82,376.34527777777777,56.61,-127.66,44.46,8.175999999999998,30.73406666666667,21.86288333333334,905
41,0.82,393.63638888888886,61.25,-139.38,45.21,7.998000000000002,31.739066666666673,21.99515000000001,905
42,0.82,418.6672222222223,61.57,-115.67,40.52,7.968000000000001,28.44853333333333,21.82266666666667,905
43,0.82,408.8341666666667,61.18,-83.86,48.97,8.172,30.270000000000003,21.49845,905
44,0.82,352.2497222222222,56.73,-128.41,46.1,8.033999999999999,31.550533333333334,21.572883333333333,905
45,0.82,443.1530555555555,60.8,-134.95,42.53,8.058000000000002,29.93226666666667,22.05543333333333,905
46,0.82,407.47000000000014,61.75,-121.54,38.1,7.834,27.223666666666666,21.8147,905
47,0.82,445.4472222222223,60.64,-136.88,41.36,8.121999999999998,28.311800000000005,22.077649999999995,905
48,0.26,259.1075,61.21,-148.7,49.92,7.984,7.951266666666667,26.37438333333334,905
49,0.82,324.3036111111112,54.28,-146.87,43.87,7.987999999999999,29.55366666666667,21.93573333333334,905
50,0.44,283.48444444444436,54.89,-162.45,50.15,7.965999999999998,15.126716666666667,24.8756,905
51,0.3,244.92027777777787,54.8,-151.33,50.02,6.99,9.271466666666667,26.26696666666667,905
52,0.82,318.6513888888889,56.71,-114.15,36.76,8.352,25.24513333333334,21.410166666666665,905
53,0.56,340.4911111111112,52.07,-161.4,50.1,6.8260000000000005,19.217433333333336,23.665066666666664,905
54,0.82,393.191388888889,52.58,-130.34,40.02,7.723999999999998,26.97613333333333,21.860100000000006,905
55,0.82,429.67138888888894,54.77,-141.01,43.27,7.896000000000001,28.67446666666667,22.07985,905
56,0.82,436.2855555555557,60.99,-146.96,43.87,7.766,28.929333333333336,22.11251666666667,905
57,0.82,423.8841666666668,62.32,-145.08,45.28,7.778,29.748266666666666,22.09058333333334,905
58,0.82,464.39388888888885,63.11,-124.81,38.5,8.1,27.040333333333336,21.99721666666667,905
59,0.82,402.1847222222222,59.77,-146.38,46.13,8.091999999999999,30.74773333333333,22.112150000000003,905
60,0.82,387.2152777777779,61.15,-149.9,45.11,8.122,31.318666666666665,22.061783333333334,905
61,0.2,216.0133333333333,63.43,-154.32,49.57,9.027999999999999,5.4088666666666665,26.64073333333333,905
62,0.18,118.48444444444445,55.42,-157.97,49.02,5.244,4.066000000000002,2.648,905
63,0.18,118.74638888888887,56.39,-156.98,49.19,5.14,3.968,2.6413333333333338,905
64,0.28,218.0544444444444,57.03,-166.76,49.96,8.046000000000001,8.0692,26.586866666666676,905
65,0.18,127.50972222222224,55.12,-166.99,48.93,4.832,4.012133333333334,2.8481333333333336,905
66,0.2,116.85888888888891,56.94,-174.11,49.87,6.582000000000002,4.756333333333333,16.548733333333338,905
67,0.24,187.97333333333333,55.64,-173.67,50.15,7.958000000000001,5.788950000000002,26.89586666666667,905
68,0.26,153.72416666666666,55.14,-151.73,49.97,8.068,7.433400000000002,26.00535,905
69,0.24,164.9877777777778,54.59,-147.3,49.87,8.002,6.556333333333333,26.3864,905
70,0.18,124.38777777777777,55.13,-167.55,49.14,4.678,4.0182,2.8166,905
71,0.34,98.8975,60.59,-142.13,49.92,-5.726,7.4338,1.4980833333333334,905
72,0.36,100.10916666666668,62.83,-144.74,50.07,-4.864,7.57415,1.6027333333333331,905
73,0.34,102.09055555555555,62.44,-146.41,50.29,-4.128,7.016533333333332,1.697466666666667,905
74,0.3,92.84111111111113,61.46,-147.7,49.72,-2.536,5.944000000000001,1.5681333333333334,905
75,0.32,107.56027777777778,62.18,-156.08,50.21,-4.746,6.5404,1.8625166666666664,905
76,0.36,89.38555555555556,61.72,-142.04,50.34,-3.852,7.837783333333332,1.4328000000000003,905
77,0.36,78.5388888888889,62.1,-151.29,50.11,-3.906,7.763766666666667,1.1775333333333335,905
78,0.22,113.92722222222223,61.11,-156.24,49.52,3.028,3.869800000000001,2.4252833333333337,905
79,0.2,114.60138888888893,57.82,-154.58,48.96,4.6160000000000005,4.19065,2.5616166666666667,905
80,0.18,132.85944444444445,57.17,-174.36,49.08,5.138,3.7342,2.888933333333333,905
81,0.18,119.7722222222222,56.4,-159.02,48.72,4.952,3.8706,2.61725,905
82,0.18,129.20666666666668,57.36,-170.89,49.16,5.1099999999999985,3.797800000000001,2.8940333333333337,905
83,0.18,133.09972222222223,56.54,-174.76,50.06,5.1160000000000005,3.868,2.9298333333333337,905
84,0.18,130.84694444444446,57.02,-172.76,49.63,5.07,3.852333333333333,2.9067500000000006,905
85,0.18,131.10916666666665,57.06,-173.5,49.31,5.294,3.826200000000001,2.933133333333333,905
86,0.18,119.27472222222224,57.0,-157.33,48.93,5.042,3.9198,2.6310166666666666,905
87,0.46,169.41888888888892,57.54,-168.43,50.19,6.8180000000000005,16.928333333333335,15.935600000000004,905
88,0.84,277.01333333333326,55.99,-31.63,33.07,8.816,19.97023333333334,22.576333333333334,905
89,0.22,132.8622222222222,45.25,-150.9,49.88,6.9060000000000015,5.651933333333334,9.323733333333333,905
90,0.42,249.94305555555562,46.64,-176.11,49.78,8.02,10.200533333333334,25.36500000000001,905
91,0.22,106.35666666666668,45.86,-149.22,49.73,4.9319999999999995,5.5062000000000015,2.330333333333334,905
92,0.84,286.16000000000014,47.05,-36.14,27.22,8.86,17.11756666666667,22.566199999999995,905
93,0.2,201.0661111111111,45.48,-168.41,49.24,6.611999999999999,4.731166666666667,27.17585,905
94,0.84,278.5033333333334,44.61,-34.03,26.27,8.9,16.426033333333333,22.5632,905
95,0.22,191.94277777777774,44.41,-168.76,49.7,8.214,5.6906,26.65523333333333,905
96,0.22,135.41833333333332,45.05,-173.1,50.11,5.36,5.4018000000000015,2.9716000000000005,905
97,0.5,237.64166666666668,46.58,-179.77,50.23,7.988000000000001,15.6426,24.72645,905
98,0.22,119.12777777777777,45.3,-157.74,49.52,5.074,5.379466666666668,2.642616666666667,905
99,0.22,180.03888888888898,46.91,-170.11,49.64,8.033999999999999,5.254933333333334,27.20128333333334,905
100,0.24,96.25222222222223,44.26,-165.96,50.12,4.998,6.263466666666668,2.156066666666667,905
101,0.22,104.23444444444445,46.5,-150.65,49.55,4.922,5.249933333333334,2.327466666666667,905
102,0.22,135.8252777777778,46.65,-168.89,49.67,5.232,5.144733333333333,2.9530333333333334,905
103,0.22,110.53,46.06,-153.98,50.05,5.322,5.28,2.4036,905
104,0.22,108.80333333333333,46.15,-152.91,49.64,5.178,5.303800000000002,2.372333333333333,905
105,0.22,107.44333333333336,46.45,-150.86,49.96,5.256,5.2634,2.3799333333333337,905
106,0.9,159.91333333333333,46.22,-36.32,40.94,6.674,21.61046666666667,15.969333333333335,905
107,0.82,349.1244444444445,44.48,-157.04,43.31,6.645999999999999,20.782466666666668,19.975916666666674,905
108,0.82,372.3361111111112,59.7,-140.14,38.8,6.718000000000001,21.938333333333336,16.382550000000002,905
109,0.82,436.39222222222236,61.72,-162.38,44.85,6.662000000000001,23.2848,21.9454,905
110,0.82,484.79555555555567,62.48,-170.23,46.1,8.177999999999999,25.08226666666667,22.41623333333333,905
111,0.3,219.80194444444442,64.08,-156.47,49.9,6.664,9.706866666666668,14.36195,905
112,0.82,441.55444444444436,57.8,-131.13,37.71,8.142000000000001,22.55093333333333,22.03185000000001,905
113,0.46,280.99333333333334,53.56,-173.33,49.91,6.332000000000001,16.278333333333336,15.254333333333333,905
114,0.82,455.175,54.95,-141.05,41.43,7.984,25.16453333333333,22.12768333333333,905
115,0.54,307.4786111111111,55.17,-160.18,49.92,8.054,18.8722,23.59508333333333,905
116,0.6,344.46111111111117,54.48,-174.85,49.98,8.168000000000001,22.34178333333333,23.85,905
117,0.82,386.6008333333333,54.79,-117.25,39.85,7.996,27.59526666666667,21.77125,905
118,0.82,370.1111111111112,53.07,-92.74,35.43,6.376,24.51386666666667,19.383583333333334,905
119,0.82,450.4327777777778,56.96,-95.31,30.31,7.882000000000001,21.728733333333334,21.67,905
120,0.82,413.305,56.23,-156.7,45.11,8.174,26.64386666666666,22.2015,905
121,0.48,243.8086111111111,62.56,-172.89,50.25,6.6960000000000015,15.727833333333335,13.4267,905
122,0.82,476.8816666666668,56.8,-140.99,40.72,7.8820000000000014,23.228466666666666,22.017150000000008,905
123,0.82,415.90277777777777,54.79,-167.12,48.12,7.847999999999999,28.99806666666667,22.43195,905
124,0.52,411.65111111111116,62.23,-172.31,49.87,8.033999999999999,17.719866666666668,25.08593333333333,905
125,0.5,266.2188888888889,57.28,-161.37,49.88,6.21,17.0412,19.32153333333333,905
126,0.82,413.9938888888889,58.2,-113.02,36.25,8.074,25.076600000000006,21.820483333333332,905
127,0.82,400.61333333333334,52.39,-95.35,35.9,8.048,24.642000000000003,21.617400000000004,905
128,0.82,379.415,55.69,-78.58,34.5,7.15,23.32453333333333,20.883116666666673,905
129,0.82,408.06611111111124,55.9,-89.63,33.07,8.096,22.854333333333336,21.51255,905
130,0.82,418.96055555555563,55.0,-84.73,33.04,8.100000000000001,22.692066666666676,21.497100000000003,905
131,0.82,394.185,56.53,-81.28,33.07,8.058000000000002,22.52813333333333,21.427116666666667,905
132,0.82,383.18749999999983,56.37,-77.21,32.57,8.014,21.888866666666665,21.368450000000006,905
133,0.82,380.62861111111124,55.48,-78.11,31.31,8.15,21.3612,21.354416666666665,905
134,0.82,337.16777777777776,55.69,-78.45,31.21,6.428,21.278333333333336,17.129933333333334,905
135,0.82,405.0480555555557,55.97,-88.65,28.8,8.084,20.3504,21.308316666666666,905
136,0.82,376.915,56.53,-75.2,31.57,6.386000000000001,21.4646,18.128,905
137,0.82,412.4372222222223,55.94,-89.64,29.87,8.088,21.100133333333336,21.387833333333333,905
138,0.82,395.2736111111112,55.55,-84.87,31.31,8.074000000000002,21.781133333333337,21.467466666666674,905
139,0.82,406.2255555555557,56.15,-76.29,31.23,7.471999999999999,21.4186,21.316550000000003,905
140,0.82,372.92444444444436,56.51,-82.04,29.3,8.936,20.5964,21.255016666666673,905
141,0.82,380.61805555555566,55.05,-81.23,30.88,8.498000000000001,21.5634,21.302516666666673,905
142,0.82,395.63583333333327,55.78,-84.07,30.64,8.064,21.3874,21.4419,905
143,0.82,373.56555555555565,55.09,-81.16,30.64,8.170000000000002,21.136466666666664,21.37235,905
144,0.82,393.5633333333335,55.85,-79.08,30.56,8.048,21.262666666666668,21.409066666666668,905
145,0.82,377.7347222222223,54.3,-78.3,30.63,7.556,20.956933333333332,21.226350000000004,905
146,0.82,411.58138888888885,57.52,-84.28,29.53,7.7879999999999985,20.749666666666666,21.399700000000006,905
147,0.82,384.566388888889,55.92,-81.23,28.98,7.706,20.367733333333334,21.272966666666665,905
148,0.82,379.33083333333326,55.27,-79.15,30.14,8.280000000000001,20.98253333333333,21.384966666666664,905
149,0.82,376.42194444444436,55.01,-78.31,30.22,8.203999999999999,20.811400000000006,21.357833333333332,905
150,0.82,361.38388888888886,54.66,-76.71,30.11,8.174,20.830266666666674,21.30188333333334,905
151,0.82,353.71583333333336,55.23,-77.19,30.29,7.718000000000001,20.744933333333336,22.98253333333333,905
152,0.82,380.9330555555555,56.04,-83.71,29.56,8.347999999999999,20.93873333333333,21.209883333333334,905
153,0.82,396.276388888889,55.85,-87.28,30.29,8.632,21.673666666666666,21.386,905
154,0.82,399.23138888888906,55.45,-84.57,30.23,7.718000000000001,21.392933333333332,21.307900000000004,905
155,0.82,387.89111111111123,55.87,-81.58,30.14,7.733999999999999,21.1064,21.29898333333333,905
156,0.82,393.74416666666673,56.34,-79.29,30.1,7.75,20.8452,21.33475,905
157,0.82,407.0319444444444,55.72,-79.35,28.97,7.797999999999999,20.487133333333333,21.387300000000003,905
158,0.82,392.3088888888889,56.54,-81.58,28.78,7.85,20.241066666666672,21.376150000000006,905
159,0.82,385.99444444444435,55.82,-76.62,28.8,7.674000000000001,20.305133333333334,21.303733333333334,905
160,0.82,401.7402777777778,56.25,-80.45,28.05,7.827999999999999,20.140733333333333,21.393116666666668,905
161,0.82,396.78,56.02,-78.6,28.47,7.956,20.043000000000006,21.382383333333333,905
162,0.82,386.06944444444434,55.47,-79.37,28.56,7.692,20.226666666666667,21.312666666666665,905
163,0.82,373.441388888889,55.92,-77.47,28.69,7.638,20.124466666666674,21.2285,905
164,0.82,376.3297222222223,55.51,-78.26,28.47,8.288,20.192733333333337,23.28815,905
165,0.82,413.3369444444443,55.99,-79.37,28.62,7.853999999999999,20.387333333333334,21.428183333333337,905
166,0.82,379.6530555555556,55.77,-77.97,28.13,7.736000000000001,20.022866666666665,21.29393333333333,905
167,0.82,374.9086111111112,56.85,-78.15,29.28,7.404000000000001,20.370533333333327,21.2375,905
168,0.82,378.30611111111125,55.15,-76.94,29.05,8.036000000000001,20.208,21.345350000000003,905
169,0.82,385.5625,55.98,-77.55,28.87,7.773999999999999,20.418200000000006,21.321133333333336,905
170,0.82,393.5886111111113,56.13,-77.84,28.05,7.818,20.029400000000006,21.359650000000006,905
171,0.82,386.64249999999987,55.65,-77.54,27.88,7.9639999999999995,19.802800000000005,21.35303333333333,905
172,0.82,376.7575,56.04,-76.8,28.55,8.558,20.219066666666667,23.285200000000003,905
173,0.82,408.56444444444435,54.48,-79.2,28.7,7.997999999999998,20.249133333333337,21.400316666666672,905
174,0.82,404.6880555555555,55.31,-77.21,28.37,8.046000000000001,19.924333333333333,21.3811,905
175,0.82,404.1222222222222,54.99,-76.01,28.7,7.9460000000000015,20.137066666666666,21.359466666666673,905
176,0.82,395.05500000000006,56.31,-72.48,29.04,8.056000000000001,20.05613333333333,21.337183333333336,905
177,0.82,383.6580555555557,54.52,-68.67,29.47,7.717999999999999,20.207066666666666,23.078033333333334,905
178,0.82,401.16611111111115,54.86,-78.02,27.26,8.074000000000002,19.489866666666664,21.403016666666673,905
179,0.82,301.2430555555556,54.87,-93.72,34.91,6.4060000000000015,23.632600000000004,12.539233333333335,905
180,0.82,402.11,58.42,-97.52,30.65,6.266,21.449933333333334,15.951800000000004,905
181,0.82,460.01500000000016,58.26,-101.3,31.73,8.145999999999999,22.46993333333333,23.23251666666667,905
182,0.82,415.03750000000014,57.09,-85.95,31.72,6.4639999999999995,22.4238,21.052016666666667,905
183,0.82,412.25500000000005,57.93,-89.39,29.97,8.356,21.407400000000006,21.517750000000003,905
184,0.82,425.715,56.74,-91.18,31.06,8.001999999999999,22.142866666666666,21.55763333333333,905
185,0.82,400.21388888888885,58.0,-78.17,31.72,7.1960000000000015,21.6242,21.20918333333333,905
186,0.82,401.2913888888888,55.59,-85.44,28.71,8.094,20.435666666666673,21.44363333333333,905
187,0.82,400.2527777777778,55.98,-85.98,30.85,7.907999999999999,21.576666666666664,21.377983333333336,905
188,0.82,406.365,56.03,-83.94,30.45,7.484,21.4524,21.358716666666666,905
189,0.82,406.82805555555564,56.91,-84.53,29.56,7.936,20.826066666666673,21.431816666666666,905
190,0.82,415.69361111111124,56.84,-82.18,29.12,8.038,20.638866666666665,21.4411,905
191,0.82,392.7011111111111,56.84,-73.06,29.62,7.936,20.5208,21.327633333333328,905
192,0.82,408.29305555555567,54.54,-77.68,28.55,8.016,19.9702,21.397566666666666,905
193,0.82,394.05583333333334,55.92,-74.06,29.81,7.931999999999999,20.611866666666668,21.33635,905
194,0.82,404.4627777777778,55.17,-75.88,28.97,8.053999999999998,20.125999999999994,21.3753,905
195,0.82,396.84583333333336,54.72,-76.39,29.11,8.075999999999999,20.148533333333333,21.37463333333333,905
196,0.82,399.42083333333335,55.02,-73.51,29.53,8.074,20.357400000000005,21.35343333333333,905
197,0.82,387.2363888888889,56.1,-76.37,29.56,8.05,20.41613333333333,21.36141666666667,905
198,0.82,397.1444444444445,54.79,-77.23,30.01,8.011999999999999,20.7132,21.3635,905
199,0.82,398.0427777777778,55.21,-75.05,30.05,7.975999999999999,20.670666666666666,21.360466666666667,905
200,0.82,390.0588888888889,55.1,-73.07,29.39,8.026,20.373400000000004,21.3502,905
201,0.82,382.9372222222222,55.26,-74.16,28.95,8.565999999999999,20.1504,23.32053333333333,905
202,0.82,396.18250000000006,56.58,-83.04,28.97,7.928,20.503533333333333,21.398000000000003,905
203,0.82,419.50861111111124,55.78,-82.12,29.2,7.99,20.728666666666673,21.45065,905
204,0.82,395.2841666666666,55.35,-75.82,29.53,8.053999999999998,20.474733333333333,21.359716666666667,905
205,0.82,386.37361111111113,54.82,-76.53,28.97,7.996,20.091733333333334,21.371816666666668,905
206,0.82,402.5069444444445,56.96,-79.5,28.39,8.026,20.264333333333337,21.399516666666667,905
207,0.82,407.9694444444445,55.19,-73.59,28.71,8.1,19.990266666666674,21.375483333333328,905
208,0.82,378.2133333333333,55.14,-73.16,28.95,8.758,20.030666666666665,23.29633333333333,905
209,0.82,408.1183333333333,55.08,-74.42,28.97,8.064,20.18673333333334,21.371,905
210,0.82,400.34333333333336,55.06,-75.12,29.53,8.138,20.361800000000006,21.371983333333336,905
211,0.82,400.0175,54.38,-74.85,29.73,8.062000000000001,20.5554,21.360350000000004,905
212,0.82,402.8758333333333,56.8,-75.97,29.04,7.992000000000001,20.3348,21.295100000000005,905
213,0.82,374.3380555555556,55.15,-75.95,29.3,8.786,20.362866666666672,23.26125,905
214,0.82,406.4252777777778,54.68,-81.2,28.79,7.888000000000001,20.632000000000005,21.417316666666668,905
215,0.82,411.1272222222221,55.87,-81.95,28.86,8.081999999999999,20.401333333333334,21.443233333333332,905
216,0.82,387.315,55.99,-75.73,29.22,7.882000000000001,20.366400000000006,21.316966666666673,905
217,0.82,393.938888888889,55.08,-79.47,28.88,7.858,20.435800000000004,21.377033333333333,905
218,0.82,408.715,54.71,-82.3,28.47,7.496,20.08306666666667,21.321916666666674,905
219,0.82,382.8577777777777,56.3,-92.06,29.3,8.314,21.0642,21.4886,905
220,0.82,395.70583333333326,57.28,-94.69,32.91,8.303999999999998,23.22466666666667,21.522,905
221,0.82,413.83,55.53,-104.5,38.08,8.014,26.381466666666668,21.70821666666667,905
222,0.82,375.0255555555556,59.02,-99.62,36.84,6.513999999999999,25.401266666666668,21.048783333333336,905
223,0.82,376.6788888888889,59.31,-92.55,28.72,8.066,20.61353333333334,21.175550000000005,905
224,0.82,443.2058333333334,56.89,-90.86,32.24,7.1,23.04873333333333,21.474266666666665,905
225,0.82,373.3811111111111,57.41,-87.55,28.45,8.494,20.516,21.015666666666668,905
226,0.82,437.2566666666668,56.47,-94.39,31.8,8.100000000000001,22.77846666666667,21.65808333333333,905
227,0.82,375.3913888888889,56.46,-76.09,35.4,9.144,22.92306666666667,21.010283333333334,905
228,0.82,412.67861111111114,54.49,-94.29,31.57,8.097999999999999,22.74366666666667,21.602566666666664,905
229,0.82,399.21527777777777,57.14,-91.66,33.06,8.072000000000001,23.017533333333336,21.55345,905
230,0.82,409.9972222222222,56.79,-93.75,32.65,8.078,23.039800000000003,21.5852,905
231,0.82,396.91666666666674,56.42,-89.42,32.74,8.072000000000001,22.724666666666664,21.52271666666667,905
232,0.82,406.67,56.99,-88.77,31.98,8.040000000000001,22.31946666666667,21.49541666666667,905
233,0.82,380.94888888888886,56.75,-86.06,31.8,7.834,21.961533333333332,21.36228333333334,905
234,0.82,411.79,55.74,-86.17,30.46,8.107999999999999,21.5076,21.46613333333334,905
235,0.82,390.4508333333334,55.97,-82.34,31.06,7.75,21.58173333333333,21.396450000000005,905
236,0.82,396.70388888888886,56.99,-85.59,28.97,7.784000000000002,20.699266666666674,21.298916666666667,905
237,0.82,405.4758333333333,56.62,-85.98,30.39,7.707999999999999,21.58113333333333,21.4306,905
238,0.82,410.8663888888889,55.83,-84.2,30.06,7.882000000000001,21.113666666666667,21.426300000000005,905
239,0.82,395.34388888888884,55.49,-81.15,29.72,7.792000000000001,20.928533333333334,21.371250000000003,905
240,0.82,394.1319444444445,56.19,-81.6,29.47,8.022000000000002,20.533266666666673,21.386733333333336,905
241,0.82,406.3305555555555,55.46,-81.01,29.2,8.056000000000001,20.67286666666667,21.408083333333334,905
242,0.82,407.5191666666668,55.99,-77.23,29.38,7.936,20.440933333333334,21.391416666666665,905
243,0.82,396.7141666666668,54.39,-73.56,29.22,8.073999999999998,20.297,21.34958333333333,905
244,0.82,394.78888888888883,56.13,-72.03,29.14,8.068,20.125400000000006,21.327566666666673,905
245,0.82,394.0677777777778,55.37,-72.95,29.11,8.026,20.00846666666667,21.334316666666673,905
246,0.82,376.3352777777778,55.51,-72.58,28.89,8.76,20.033666666666672,23.297083333333337,905
247,0.82,408.5391666666668,53.06,-75.62,29.79,8.113999999999999,20.583933333333334,21.379916666666666,905
248,0.82,358.28250000000014,55.24,-78.86,32.56,8.107999999999999,22.52086666666667,21.360516666666665,905
249,0.82,362.0072222222223,56.78,-86.23,31.14,8.224,21.3378,21.36875,905
250,0.82,357.06000000000006,54.75,-94.23,32.91,8.416,23.1492,21.075633333333336,905
251,0.82,452.3322222222222,56.92,-98.85,33.99,7.967999999999999,24.01846666666667,21.66461666666667,905
252,0.82,413.556388888889,58.43,-64.39,30.56,8.913999999999998,20.415466666666664,23.375066666666665,905
253,0.82,333.47083333333325,54.46,-93.71,34.08,8.174,23.916200000000003,21.089466666666674,905
254,0.82,423.9194444444445,55.45,-104.74,34.41,8.048,24.5632,21.75923333333333,905
255,0.82,386.71472222222224,58.95,-96.79,35.5,8.058000000000002,24.78666666666667,21.61456666666667,905
256,0.82,393.71083333333337,57.62,-96.88,35.24,8.148,24.60106666666667,21.62191666666667,905
257,0.82,376.9366666666668,57.11,-98.94,34.99,8.038,24.59553333333333,21.181766666666668,905
258,0.82,432.69138888888875,57.52,-94.8,33.73,6.562,23.693933333333334,21.3832,905
259,0.82,371.0027777777778,58.28,-80.27,28.38,6.244,19.938133333333337,17.52126666666667,905
260,0.82,419.5827777777777,57.11,-94.62,29.64,6.996,21.094000000000005,20.997666666666667,905
261,0.82,408.1358333333334,57.2,-93.43,30.98,8.39,22.150866666666676,21.46493333333333,905
262,0.82,409.77222222222224,56.95,-92.24,31.73,8.298000000000002,22.55366666666667,21.43508333333334,905
263,0.82,419.15833333333336,56.22,-91.25,31.73,8.146,22.57366666666667,21.54543333333333,905
264,0.82,398.5397222222222,57.7,-87.15,31.46,8.788,21.928733333333334,21.418683333333334,905
265,0.82,395.06194444444435,55.74,-85.76,31.14,8.398,21.93686666666667,21.47658333333333,905
266,0.82,403.09472222222223,56.0,-88.87,30.72,8.280000000000001,21.7226,21.480533333333334,905
267,0.82,401.16888888888894,55.8,-84.85,30.96,8.052000000000001,21.67513333333333,21.453783333333334,905
268,0.82,406.9444444444445,56.03,-83.57,30.64,7.974000000000001,21.311333333333334,21.43638333333334,905
269,0.82,391.95833333333337,55.49,-83.14,29.55,7.6560000000000015,20.81906666666667,21.355716666666673,905
270,0.82,395.04000000000013,55.22,-82.54,29.98,7.994,20.899000000000004,21.403416666666672,905
271,0.82,403.13000000000005,55.65,-81.29,30.19,7.88,21.028266666666667,21.40748333333333,905
272,0.82,407.5575,56.68,-81.11,29.14,8.038,20.537133333333333,21.41545,905
273,0.82,393.4855555555557,56.01,-78.34,28.97,8.012,20.223466666666667,21.383000000000006,905
274,0.82,378.5994444444445,54.58,-80.83,29.11,8.382000000000001,20.51306666666667,21.33005,905
275,0.82,413.2411111111112,56.13,-90.01,30.29,8.088,21.72773333333333,21.54753333333333,905
276,0.82,400.5577777777778,55.96,-76.47,32.15,8.11,21.7786,21.336049999999997,905
277,0.82,393.8180555555555,55.95,-100.14,32.99,7.1979999999999995,23.5118,21.423016666666676,905
278,0.82,412.5705555555555,57.75,-99.3,32.47,8.060000000000002,23.246333333333336,21.685433333333336,905
279,0.82,439.3119444444445,58.19,-101.56,35.65,7.971999999999999,25.14426666666667,21.71878333333333,905
280,0.82,398.58,57.55,-100.66,38.08,7.994,26.37973333333333,21.667050000000003,905
281,0.82,423.8872222222223,58.82,-74.03,34.39,8.052000000000001,22.582333333333334,21.399766666666665,905
282,0.82,345.5183333333334,56.55,-66.56,32.5,6.610000000000001,21.36453333333334,22.46061666666667,905
283,0.82,409.64000000000016,54.44,-91.76,30.23,8.315999999999999,21.590733333333336,21.53608333333333,905
284,0.82,439.68638888888887,56.39,-99.19,32.98,7.996,23.526000000000003,21.6728,905
285,0.82,400.1711111111112,57.56,-111.87,38.77,7.159999999999998,27.097533333333335,21.638683333333336,905
286,0.82,383.94388888888886,59.15,-90.65,30.73,8.236,21.81313333333333,21.42088333333333,905
287,0.82,402.68833333333333,56.74,-93.95,32.66,8.225999999999999,23.12153333333333,21.48791666666667,905
288,0.82,407.61444444444436,56.75,-91.69,32.49,8.062000000000001,22.7776,21.56196666666667,905
289,0.82,399.3172222222221,57.88,-91.1,32.4,8.16,22.77206666666667,21.543816666666668,905
290,0.82,401.07361111111123,55.53,-90.14,31.71,8.267999999999999,22.221866666666664,21.528150000000004,905
291,0.82,406.40888888888895,55.89,-89.22,31.82,8.187999999999999,22.36320000000001,21.52698333333333,905
292,0.82,395.69138888888875,55.43,-89.96,32.15,8.335999999999999,22.5662,21.49775,905
293,0.82,394.02972222222223,58.06,-91.58,31.74,8.491999999999999,22.41633333333333,21.486616666666666,905
294,0.82,402.92333333333335,54.81,-89.44,31.81,8.254000000000001,22.3038,21.526750000000003,905
295,0.82,405.5372222222222,55.7,-89.81,31.73,8.094,22.335066666666666,21.5191,905
296,0.82,385.2580555555557,56.33,-88.3,31.82,8.177999999999999,22.2292,21.4775,905
297,0.82,399.38361111111124,56.29,-88.73,31.4,8.136000000000001,22.08773333333333,21.49921666666667,905
298,0.82,408.0941666666667,55.62,-87.53,31.55,7.651999999999999,22.0844,21.443316666666668,905
299,0.82,389.5711111111111,56.23,-85.49,30.29,8.260000000000002,21.233466666666665,21.3499,905
1,1.36,802.6055555555557,64.65,-47.41,16.96,4.704,19.08465,31.51166666666667,630
2,1.22,830.1055555555556,63.78,-46.68,16.83,4.747999999999998,17.165933333333335,31.63033333333333,630
3,1.2,834.8863888888889,61.78,-46.41,17.04,4.676,16.850683333333333,35.20935000000001,630
4,1.28,888.2066666666667,64.44,-45.64,16.87,4.7959999999999985,18.2013,32.90693333333333,630
5,1.28,936.4066666666668,65.2,-48.02,17.54,5.132000000000001,18.151533333333333,45.43986666666667,630
6,1.26,794.6011111111111,64.77,-47.9,16.86,4.848,17.7866,29.22186666666667,630
7,1.22,806.0324999999998,62.14,-45.69,16.87,4.798,17.166866666666667,27.29366666666667,630
8,1.32,1026.508888888889,78.67,-47.66,18.98,4.784000000000002,19.72553333333333,32.57791666666667,630
9,1.4,1163.8544444444444,73.58,-48.4,17.86,5.032,20.512283333333333,45.55606666666666,630
10,1.22,672.2105555555555,64.07,-43.42,16.89,4.772,17.249466666666667,18.50485,630
11,1.14,961.7766666666665,71.67,-44.66,18.06,4.747999999999998,16.398133333333334,39.44266666666667,630
12,1.32,851.6675,65.26,-48.23,17.05,4.910000000000001,18.728116666666672,29.51195,630
13,1.2,884.1300000000003,61.51,-46.97,16.65,5.098,16.589683333333333,45.7998,630
14,1.2,417.8522222222222,66.36,-47.02,17.63,5.226,16.691766666666666,6.312266666666668,630
15,0.1,274.58861111111116,6.14,-36.78,12.36,4.606,0.4382000000000001,19.287900000000004,630
16,0.14,4.0125,26.03,-29.21,12.64,-1.412,0.9188,0.5803666666666667,630
17,0.9,949.3011111111113,106.77,-45.03,19.76,4.81,13.268733333333335,38.98446666666667,630
18,1.3,915.9966666666667,69.69,-44.64,17.73,4.756,18.626800000000006,37.200683333333345,630
19,1.24,402.1694444444445,62.17,-45.59,16.69,5.303999999999999,17.215116666666667,6.225600000000001,630
20,0.1,334.25916666666666,7.44,-35.52,12.46,4.724,0.4380000000000001,21.338083333333334,630
21,1.14,856.8411111111113,62.97,-41.19,16.73,5.0920000000000005,15.888133333333334,45.73580000000001,630
22,1.3,644.8077777777778,61.87,-42.96,16.65,4.936,18.098666666666666,18.1142,630
23,0.94,632.1755555555558,76.38,-45.73,18.26,5.247999999999999,13.949666666666667,9.436266666666667,630
24,0.08,300.3066666666667,10.48,-39.69,12.32,4.68,0.3087000000000001,18.399733333333334,630
25,1.16,959.498888888889,67.91,-45.12,17.21,5.018,16.44943333333333,45.81026666666667,630
26,1.24,686.5022222222223,64.38,-45.97,16.89,4.618,17.54785,21.841933333333333,630
27,1.22,404.10027777777776,68.11,-47.36,17.32,6.276,17.408199999999994,5.392716666666668,630
28,1.78,96.42555555555558,8.93,-44.14,12.16,4.94,10.5476,9.279116666666667,630
29,0.92,400.2444444444445,70.38,-46.08,17.53,6.096000000000001,13.329966666666667,5.308333333333334,630
30,1.94,94.19444444444444,3.14,-40.66,12.4,4.5520000000000005,11.303733333333335,7.744466666666669,630
31,1.18,1022.8622222222225,68.65,-46.85,17.7,5.034,17.145200000000006,46.08320000000001,630
32,1.28,639.0288888888889,67.83,-44.9,17.68,4.7040000000000015,18.196583333333336,21.170133333333336,630
33,0.98,486.3575,70.35,-43.76,17.4,5.316000000000002,14.209133333333336,6.7847333333333335,630
34,0.06,386.76666666666665,4.05,-41.41,12.58,4.722,0.1698,22.64915,630
35,1.26,907.4238888888887,67.39,-51.04,17.37,4.638,17.698266666666672,45.51978333333333,630
36,1.26,335.6033333333333,67.87,-43.78,17.3,5.8980000000000015,17.843266666666672,4.585266666666668,630
37,0.08,338.11555555555555,14.27,-41.84,12.46,4.6,0.3106,13.582683333333335,630
38,1.18,577.6411111111112,71.51,-49.59,17.6,6.034,17.194533333333336,7.996266666666666,630
39,0.06,373.80361111111114,3.73,-42.51,12.57,4.8,0.16699999999999998,22.75663333333333,630
40,1.26,920.3372222222223,65.95,-44.78,17.11,4.81,17.701533333333334,39.73775000000001,630
41,1.26,913.0233333333333,69.0,-46.95,17.71,4.728,18.0436,44.25218333333334,630
42,1.22,713.3275000000001,59.98,-41.28,16.73,4.688,17.0982,25.677416666666666,630
43,1.28,415.46888888888884,64.28,-44.86,17.18,5.58,17.771,5.938866666666668,630
44,0.08,506.5844444444445,8.18,-44.2,12.53,4.824,0.29361666666666664,44.84320000000001,630
45,1.22,713.4711111111114,63.64,-50.2,16.96,4.874,17.24706666666667,23.59643333333334,630
46,1.14,292.2269444444445,69.85,-48.7,18.33,6.3839999999999995,16.045533333333335,4.072000000000001,630
47,2.0,103.53666666666665,2.79,-47.78,12.72,4.736000000000001,11.751616666666667,12.345133333333333,630
48,0.96,476.20555555555563,78.82,-48.4,19.58,6.3119999999999985,13.856533333333333,7.041466666666667,630
49,0.08,389.7627777777778,5.54,-40.77,12.36,4.772,0.32238333333333336,30.0928,630
50,1.4,436.07555555555564,70.75,-43.63,17.89,6.938,20.308433333333333,5.862733333333333,630
51,0.08,531.0466666666667,8.44,-49.93,12.52,4.744,0.3483333333333334,28.161950000000004,630
52,1.16,422.32888888888886,62.64,-47.74,17.05,5.376,16.0892,6.565466666666668,630
53,2.16,19.381666666666668,2.96,-37.68,12.47,4.6019999999999985,12.416266666666667,1.9145166666666664,630
54,0.86,612.1652777777779,64.24,-55.58,17.0,4.58,11.739000000000004,19.500166666666672,630
55,1.12,493.4911111111112,75.46,-46.66,18.2,5.8,16.413549999999994,6.548533333333332,630
56,0.06,387.1033333333333,6.97,-42.45,12.3,4.872,0.15886666666666666,19.471733333333336,630
57,0.96,549.2361111111112,74.24,-49.48,18.56,5.454,14.188066666666666,8.012016666666668,630
58,0.12,344.70833333333326,5.53,-36.66,12.39,4.738,0.6165833333333334,20.2533,630
59,1.02,837.1350000000001,62.87,-51.48,16.84,5.066,14.2128,46.540333333333336,630
60,0.96,257.18777777777785,73.4,-44.54,17.61,5.99,14.086283333333334,3.300466666666667,630
61,0.08,479.4069444444444,7.04,-44.75,12.08,4.758,0.27461666666666673,19.87205,630
62,1.12,815.4711111111113,75.19,-48.72,18.4,4.5360000000000005,16.58715,18.485666666666667,630
63,0.94,821.838888888889,72.41,-45.21,17.75,4.798,13.445200000000005,26.580200000000005,630
64,1.08,802.7422222222225,63.11,-45.84,16.92,4.716,15.0924,37.49053333333333,630
65,1.36,918.4769444444444,77.38,-46.14,18.95,4.682,19.70775,32.94528333333333,630
66,1.12,662.9375000000001,68.48,-54.8,17.52,4.684,15.472683333333334,20.228816666666667,630
67,1.16,897.3199999999997,78.78,-50.88,18.76,4.7799999999999985,16.787933333333335,27.34393333333333,630
68,1.1,829.7744444444444,71.26,-45.63,18.04,4.848000000000001,15.649466666666667,29.872733333333336,630
69,1.24,923.2986111111113,66.02,-44.25,17.15,4.908,17.358833333333333,45.2801,630
70,1.2,707.7655555555556,69.36,-42.07,17.47,4.614,17.01071666666667,22.12416666666667,630
71,1.26,463.7977777777778,68.72,-45.63,17.47,5.9300000000000015,17.968600000000006,6.0142000000000015,630
72,4.5,0.0,2.53,-43.36,12.29,4.39,24.273000000000003,0.0,630
73,1.38,548.4347222222223,65.75,-41.16,17.66,4.924,19.5528,8.292783333333334,630
74,0.08,376.7027777777778,5.52,-39.84,12.36,4.645999999999999,0.26993333333333336,23.21633333333333,630
75,1.08,650.3277777777778,62.54,-43.85,17.16,4.9060000000000015,15.050466666666667,17.075733333333332,630
76,1.24,877.6900000000003,81.58,-53.08,19.31,4.508,18.472583333333333,17.301266666666667,630
77,1.16,916.9533333333335,62.63,-45.06,17.14,4.8599999999999985,16.038566666666668,28.687200000000004,630
78,1.14,841.4799999999998,69.24,-50.56,17.34,4.715999999999998,16.6018,18.903666666666666,630
79,1.1,930.3744444444444,67.75,-52.74,17.49,4.68,15.7644,28.47138333333334,630
80,1.14,704.7822222222223,66.51,-45.06,16.84,4.522,16.268666666666668,22.12565,630
81,1.06,713.848611111111,69.23,-42.18,18.28,4.784,15.756200000000002,26.99991666666667,630
82,1.72,786.4583333333335,53.52,-27.61,16.62,4.476000000000001,23.88601666666667,18.820366666666665,630
83,0.12,188.00333333333333,16.49,-29.26,12.3,4.8180000000000005,0.7169000000000001,32.207750000000004,630
84,0.24,11.804444444444444,24.58,-25.7,12.74,3.096,2.1767500000000006,0.8722666666666666,630
85,1.76,159.7944444444444,45.9,-64.83,16.01,4.7780000000000005,23.972250000000006,4.750333333333333,630
86,0.24,9.422222222222222,26.93,-23.18,12.82,2.678,2.1981500000000005,0.947,630
87,0.22,10.262222222222224,41.4,-19.96,13.67,2.418,1.9325333333333332,0.9489333333333332,630
88,1.14,495.8022222222222,93.58,-57.27,20.78,5.042,19.105466666666672,10.1556,630
89,0.24,264.3188888888889,25.5,-34.72,12.85,4.672,2.18775,13.2288,630
90,1.14,1044.0944444444442,76.48,-46.4,19.56,5.377999999999999,17.509200000000003,26.37373333333333,630
91,1.12,925.7533333333336,77.2,-47.62,19.93,5.454,17.069650000000006,21.4692,630
92,1.16,790.8486111111113,53.23,-40.81,16.14,4.555999999999999,16.10056666666667,20.636966666666673,630
93,0.86,341.8611111111112,39.4,-54.6,15.23,4.814,11.071133333333336,21.066866666666673,630
94,0.26,5.436944444444443,25.56,-19.92,12.76,0.426,2.419,0.72345,630
95,2.06,275.0444444444445,80.29,-54.03,19.56,4.837999999999999,29.12933333333333,7.260266666666667,630
96,2.3,345.2611111111111,62.29,-45.08,16.93,5.58,32.57380000000001,10.699533333333333,630
97,2.54,887.1066666666667,75.81,-44.78,18.86,5.422000000000001,35.88066666666667,17.459133333333334,630
98,1.2,941.6566666666665,60.45,-41.37,17.16,5.46,17.061600000000002,24.011066666666668,630
99,0.92,878.9133333333336,71.44,-45.4,18.54,5.47,13.54866666666667,30.861600000000006,630
100,1.02,845.4908333333334,62.95,-48.18,17.79,5.382000000000001,14.969533333333334,30.85295,630
101,1.02,876.7144444444444,72.34,-46.92,18.84,5.395999999999999,15.555066666666667,28.61345,630
102,0.98,887.4822222222223,68.5,-48.27,18.6,5.534000000000002,14.678066666666668,32.82873333333334,630
103,1.28,902.9866666666667,71.56,-50.7,19.11,4.988,19.4503,24.57486666666667,630
104,1.18,721.2519444444446,50.08,-42.31,16.86,5.348000000000001,16.3262,22.51183333333334,630
105,1.48,880.3150000000003,48.07,-39.39,16.09,5.456,20.5627,31.43728333333333,630
106,0.26,10.974166666666665,37.4,-29.86,13.6,2.47,2.4432000000000005,0.8894166666666666,630
107,0.14,27.60222222222223,38.49,-44.91,13.36,4.97,0.8819333333333335,8.012466666666667,630
108,3.02,352.05666666666673,69.98,-38.68,18.21,5.5299999999999985,44.005733333333346,10.512016666666668,630
109,2.18,1057.1922222222222,95.71,-55.45,22.39,5.4460000000000015,33.408199999999994,19.40438333333333,630
110,0.86,837.4655555555556,83.54,-55.49,20.27,5.127999999999999,12.9626,14.868133333333335,630
111,0.82,966.4044444444444,70.27,-54.89,17.39,5.478,11.553933333333333,23.2644,630
112,1.16,838.9488888888889,62.91,-53.62,16.84,5.428,16.448100000000004,17.029300000000006,630
113,1.0,1031.6313888888888,73.66,-49.73,18.25,5.34,14.420516666666664,28.609616666666675,630
114,0.84,822.3455555555556,79.71,-46.58,19.42,5.436,12.3689,23.726733333333332,630
115,0.9,790.8577777777778,88.16,-49.67,20.19,5.324,13.641000000000002,15.649133333333333,630
116,0.64,564.6211111111112,83.16,-59.28,18.46,5.436,9.095266666666667,10.34026666666667,630
117,1.02,929.3969444444444,72.32,-53.22,18.31,5.5,14.521733333333335,20.326916666666666,630
118,0.9,827.7608333333334,74.03,-55.38,18.3,5.38,13.1242,18.897166666666667,630
119,1.02,888.8388888888892,73.53,-47.33,17.93,5.622000000000001,14.720733333333332,20.590466666666668,630
120,1.18,841.742222222222,62.48,-52.13,16.5,5.417999999999999,16.674533333333333,17.00193333333333,630
121,0.76,788.448888888889,74.64,-52.98,17.76,5.556,10.912566666666667,18.624666666666673,630
122,0.88,897.9677777777777,81.0,-57.88,18.89,5.306,13.0959,21.728800000000003,630
123,0.78,863.62,86.46,-49.24,20.42,5.526,11.840000000000002,23.93426666666667,630
124,1.02,826.3888888888888,77.01,-57.44,19.01,5.3740000000000006,15.212066666666667,16.695133333333334,630
125,0.82,866.9822222222223,89.03,-59.65,20.1,5.3980000000000015,12.554733333333335,16.858716666666666,630
126,0.88,918.559722222222,88.39,-63.72,19.86,5.433999999999998,13.399666666666667,18.73945,630
127,0.9,878.518888888889,82.32,-58.24,18.79,5.406000000000001,13.475266666666668,17.921066666666672,630
128,0.96,1018.0627777777777,65.9,-49.21,17.36,5.3660000000000005,13.565633333333334,37.21885,630
129,0.96,816.7872222222221,77.75,-53.16,19.23,5.44,14.406616666666668,22.06015,630
130,1.14,977.14,75.43,-53.55,18.52,5.5280000000000005,16.4832,26.11453333333333,630
131,1.04,1027.1061111111112,78.14,-51.9,18.89,5.352,15.600783333333334,31.8328,630
132,0.98,965.3555555555556,70.76,-48.05,18.31,5.522,14.269933333333334,39.4008,630
133,1.12,999.3641666666666,66.45,-49.24,17.3,5.468000000000001,16.0728,49.26911666666667,630
134,1.24,919.2402777777777,70.09,-50.12,17.26,5.3180000000000005,18.332666666666668,28.179550000000006,630
135,0.98,866.9888888888888,70.65,-50.03,17.98,5.318,14.359933333333334,26.67966666666667,630
136,1.12,1060.273888888889,74.98,-54.85,18.41,5.4,16.73006666666667,35.038383333333336,630
137,1.12,1090.661111111111,71.97,-49.07,17.61,5.518,16.530066666666666,49.9788,630
138,1.12,819.5652777777775,64.62,-51.34,17.35,5.523999999999999,16.058366666666668,29.946250000000006,630
139,1.0,993.4966666666667,70.3,-49.33,17.98,5.418000000000001,14.710533333333332,45.16693333333335,630
140,1.12,896.1166666666667,70.28,-49.98,17.75,5.362,16.482633333333336,29.471000000000004,630
141,1.06,854.6388888888888,80.09,-49.81,19.58,5.4479999999999995,16.035,18.786833333333334,630
142,0.92,964.3786111111114,79.31,-60.96,19.0,5.507999999999999,13.737216666666667,24.855950000000004,630
143,1.08,870.5699999999998,78.94,-55.63,19.26,5.412000000000001,16.132466666666666,18.258066666666664,630
144,1.06,919.2633333333334,65.45,-52.81,16.27,5.462000000000001,14.862333333333336,23.064783333333335,630
145,1.0,911.8613888888887,66.61,-53.67,17.1,5.35,14.354733333333336,27.684833333333334,630
146,1.12,996.0361111111113,65.96,-47.45,17.43,5.417999999999999,16.18305,35.64713333333334,630
147,1.12,1085.2602777777781,70.84,-49.66,17.77,6.0,16.436183333333336,53.29520000000001,630
148,1.1,845.5391666666667,72.72,-53.61,17.64,4.587999999999999,16.47086666666667,20.944766666666666,630
149,0.98,998.16,80.22,-57.28,19.55,5.476000000000001,14.702333333333335,33.56456666666667,630
150,1.08,833.9722222222223,63.83,-52.82,16.97,5.3660000000000005,15.439316666666667,26.101533333333336,630
151,1.0,913.9833333333336,59.21,-45.14,16.33,5.4300000000000015,14.02765,42.844133333333346,630
152,1.1,902.8911111111113,69.71,-48.12,18.01,5.4079999999999995,16.123733333333334,33.27253333333333,630
153,1.04,1016.1108333333336,79.6,-55.08,19.18,5.4,15.887516666666668,33.42041666666667,630
154,0.92,743.5047222222223,80.73,-52.93,19.48,5.484,13.747066666666667,17.023916666666665,630
155,0.8,771.2977777777777,88.49,-48.52,18.02,5.3439999999999985,11.6512,16.329666666666668,630
156,1.02,1002.077777777778,70.29,-55.11,18.29,5.482,14.718000000000002,30.99616666666667,630
157,1.08,1085.8908333333334,72.11,-44.1,18.06,5.91,15.737166666666667,53.53245000000001,630
158,1.22,849.4777777777779,71.06,-54.76,17.43,5.45,18.1232,21.238866666666667,630
159,1.0,941.91,79.96,-55.03,19.39,5.356,14.959,23.734466666666666,630
160,0.52,563.6299999999999,107.13,-38.01,19.37,5.3,7.427416666666668,18.130933333333328,630
161,0.92,948.8405555555556,81.52,-56.73,19.0,5.386,13.806,26.95678333333333,630
162,0.74,838.3100000000002,84.91,-58.14,19.41,5.478,11.288933333333334,25.452133333333336,630
163,0.96,1006.3466666666667,79.93,-54.7,19.15,5.441999999999998,14.407666666666666,38.27576666666667,630
164,1.04,823.4611111111113,92.01,-61.19,20.83,5.412000000000001,16.25811666666667,15.2022,630
165,0.88,730.6483333333333,71.58,-52.31,18.44,5.39,12.443033333333334,15.12711666666667,630
166,0.9,822.0344444444446,66.52,-53.66,17.63,5.427999999999999,12.497466666666668,23.29415,630
167,1.02,901.2533333333333,71.54,-55.6,18.01,5.491999999999999,14.860933333333335,23.808200000000006,630
168,0.98,816.093888888889,69.58,-60.13,16.9,5.4060000000000015,13.957133333333333,21.137283333333333,630
169,1.04,805.2986111111112,59.19,-55.02,17.27,5.31,14.45035,22.21313333333333,630
170,1.14,1175.718888888889,83.6,-72.27,18.7,4.982,17.2206,46.48686666666667,630
171,0.88,981.2238888888893,107.71,-92.22,24.44,4.792,15.466550000000005,33.78971666666666,630
172,0.76,969.1277777777775,101.15,-87.76,21.98,4.803999999999999,12.630583333333336,34.2612,630
173,0.82,993.7144444444446,91.29,-92.1,20.96,4.7219999999999995,12.940800000000005,34.53473333333333,630
174,0.74,837.0088888888888,111.03,-89.73,24.55,4.722,12.3824,21.903800000000004,630
175,0.76,895.5100000000003,100.49,-85.51,20.8,4.6560000000000015,12.323066666666668,20.769533333333328,630
176,0.74,962.8408333333334,103.8,-85.6,20.34,4.664,11.902666666666667,23.52906666666667,630
177,0.66,873.6166666666667,103.18,-86.96,21.1,4.62,10.638533333333333,23.04593333333333,630
178,0.72,896.7622222222222,107.47,-85.07,22.12,4.69,11.905583333333334,24.30593333333333,630
179,0.66,454.1316666666668,96.7,-88.69,20.55,7.209999999999999,10.5974,5.29555,630
180,2.36,0.0,0.71,-39.26,11.93,3.65,13.668033333333335,0.0,630
181,0.66,791.671111111111,111.05,-86.08,22.27,5.64,10.919266666666667,14.604133333333333,630
182,0.56,803.3577777777779,99.47,-91.59,21.41,4.5440000000000005,8.751199999999999,17.977866666666667,630
183,0.74,944.5330555555556,112.86,-86.97,21.47,4.3980000000000015,12.350333333333335,19.467850000000006,630
184,0.66,854.2813888888887,118.3,-87.48,20.76,4.622,10.753666666666668,16.374533333333332,630
185,0.72,978.018888888889,110.1,-84.1,20.14,4.5680000000000005,11.693766666666667,20.239200000000004,630
186,0.18,189.98444444444442,52.83,-72.55,15.82,4.5619999999999985,1.4084666666666668,11.090516666666668,630
187,0.68,784.4283333333333,118.7,-85.47,22.8,4.474,11.589466666666667,14.408166666666665,630
188,0.68,448.9422222222223,115.45,-84.43,20.57,8.104,11.0886,4.610866666666666,630
189,1.56,0.0,-0.51,-51.09,12.31,3.4,9.438083333333337,0.0,630
190,0.68,824.6188888888887,107.99,-83.47,20.68,5.473999999999998,10.56545,14.602933333333333,630
191,0.68,854.8266666666667,103.61,-85.1,20.54,4.426,10.8721,14.0339,630
192,0.7,926.6472222222222,105.06,-81.78,20.24,4.4239999999999995,11.259,16.551416666666668,630
193,0.74,906.2266666666667,98.18,-80.87,21.64,4.444000000000001,11.8008,16.302600000000005,630
194,0.66,768.2233333333335,98.11,-76.58,21.79,4.658,10.436666666666667,13.857999999999999,630
195,0.64,797.8202777777777,96.12,-83.37,20.86,4.6739999999999995,9.992233333333333,15.337516666666666,630
196,0.62,768.8455555555557,100.72,-81.55,21.62,4.702,9.782733333333336,15.568000000000005,630
197,0.64,789.4977777777779,96.51,-88.46,19.83,4.7,9.865016666666666,17.341533333333334,630
198,0.64,773.7255555555556,100.91,-77.75,21.75,4.744,10.14746666666667,15.712083333333334,630
199,0.62,714.7544444444444,100.97,-91.67,19.52,4.763999999999999,9.5238,14.0942,630
200,0.58,796.3866666666668,96.72,-89.62,18.84,4.646,8.628,19.162533333333336,630
201,0.66,747.0277777777777,98.03,-77.5,21.39,4.74,10.515266666666667,14.197266666666668,630
202,0.7,890.6219444444445,99.57,-86.06,21.43,4.614,11.156000000000002,17.513666666666666,630
203,0.66,750.3108333333333,99.64,-77.08,22.16,4.564,10.723933333333337,12.316466666666667,630
204,0.64,802.7755555555557,96.59,-81.45,20.92,4.6019999999999985,9.952,13.657533333333333,630
205,0.68,837.0074999999998,97.95,-73.77,21.09,4.5440000000000005,10.885033333333334,13.089416666666665,630
206,0.66,776.9677777777777,97.83,-77.78,21.03,4.544,10.14,12.355983333333334,630
207,0.64,759.3033333333334,97.05,-75.19,21.32,4.636,9.687616666666667,13.081666666666665,630
208,0.64,818.8988888888887,94.98,-75.47,21.09,4.65,9.9567,15.653533333333332,630
209,0.66,735.1811111111111,97.0,-66.87,21.33,5.194,10.277333333333337,13.708066666666667,630
210,0.68,843.83,90.82,-71.12,20.37,5.516,10.455666666666668,17.6782,630
211,0.72,852.1900000000003,90.77,-65.34,20.01,5.327999999999999,11.239350000000002,17.5316,630
212,0.7,837.1783333333334,94.77,-69.9,20.85,4.534,10.924733333333332,15.854150000000002,630
213,0.72,780.9855555555557,94.41,-64.84,21.41,4.69,11.1191,14.538266666666665,630
214,0.76,869.9033333333333,97.75,-68.11,21.87,5.2559999999999985,12.129516666666666,16.131583333333335,630
215,0.8,858.8933333333333,92.34,-65.55,20.82,5.612,12.376483333333335,15.892266666666668,630
216,0.74,954.6244444444444,96.1,-65.51,21.01,5.303999999999999,11.643933333333335,20.498133333333328,630
217,0.74,846.3544444444448,91.29,-66.7,21.1,4.448,11.515000000000002,16.740533333333335,630
218,0.74,927.4477777777777,93.68,-67.65,21.22,5.572,11.494333333333335,22.959200000000006,630
219,0.72,812.28,88.88,-63.94,20.93,5.334,11.094183333333335,20.624866666666673,630
220,0.7,820.7050000000003,94.79,-66.74,21.66,4.518,11.0072,16.8006,630
221,0.72,855.0522222222223,96.36,-68.75,21.71,4.555999999999999,11.388983333333336,16.209933333333336,630
222,0.68,825.7011111111113,93.89,-69.86,21.33,4.644,10.590383333333332,17.330333333333346,630
223,0.66,814.0230555555556,90.85,-67.5,21.28,4.614,10.115533333333332,18.3186,630
224,0.68,791.2761111111109,91.77,-66.92,21.4,4.508,10.521516666666667,17.428233333333335,630
225,0.66,742.8997222222224,93.39,-67.33,21.76,5.44,10.247800000000002,16.968366666666668,630
226,0.68,778.3933333333334,89.38,-66.44,20.91,5.5360000000000005,10.447633333333334,16.4634,630
227,0.7,797.7944444444445,88.09,-68.91,20.5,5.4639999999999995,10.687200000000002,17.832800000000006,630
228,0.74,846.1844444444447,87.48,-62.7,20.74,4.57,11.228066666666667,18.759066666666673,630
229,0.74,845.5297222222223,90.4,-59.11,20.94,5.47,11.376533333333333,22.482066666666668,630
230,0.76,868.5311111111113,91.97,-59.56,21.23,5.564,11.844083333333332,21.542400000000004,630
231,0.76,929.7944444444445,91.43,-59.11,21.52,4.86,11.776116666666667,25.692733333333337,630
232,0.8,837.1355555555557,86.88,-57.51,20.98,5.072000000000001,12.240533333333335,21.591066666666666,630
233,0.8,883.6772222222224,87.21,-58.87,20.45,4.67,12.331616666666667,21.5026,630
234,0.8,886.6572222222223,85.57,-60.1,20.54,4.5459999999999985,12.336566666666668,20.514333333333337,630
235,0.76,685.7911111111113,84.15,-54.0,20.57,5.332000000000002,11.427766666666667,14.178983333333335,630
236,0.66,735.9877777777779,89.75,-62.78,18.5,4.876,9.580266666666667,17.004316666666668,630
237,0.74,672.9011111111113,86.87,-58.3,20.2,5.43,11.238533333333333,11.266400000000004,630
238,0.94,967.5522222222223,78.03,-58.95,18.6,4.642,13.758333333333335,19.716866666666665,630
239,0.72,854.9291666666667,95.21,-60.84,21.58,5.51,11.364483333333334,17.9963,630
240,0.7,926.0844444444444,87.71,-56.41,20.28,4.754,10.5722,27.08890000000001,630
241,0.94,1002.17,82.86,-53.5,20.23,5.524000000000001,14.222266666666668,34.24746666666667,630
242,0.92,893.5061111111113,88.44,-55.41,20.72,5.52,14.3701,23.95596666666667,630
243,0.84,814.0141666666667,86.01,-54.62,20.42,5.4,12.831916666666668,19.79891666666667,630
244,0.82,862.4402777777779,81.96,-56.98,19.94,4.598,12.419333333333334,19.58023333333333,630
245,1.2,1122.0244444444445,86.41,-48.01,20.41,5.564,18.110616666666672,31.485733333333336,630
246,1.02,962.1044444444444,78.29,-46.45,19.6,4.7700000000000005,15.011,29.209333333333333,630
247,0.88,787.9811111111113,74.53,-49.32,18.81,4.598000000000001,12.903033333333333,23.8424,630
248,0.92,902.8791666666667,74.29,-53.23,18.67,5.5680000000000005,13.657266666666667,30.2017,630
249,1.02,947.0755555555554,79.67,-52.45,19.31,4.746,15.519466666666665,25.27375,630
250,1.06,991.547777777778,76.3,-47.54,18.98,5.524,15.829733333333335,30.7828,630
251,0.88,835.3191666666668,79.66,-51.93,19.76,5.5299999999999985,13.341433333333333,22.5368,630
252,1.08,942.7888888888887,70.91,-49.6,18.52,5.612,15.692766666666667,27.58886666666667,630
253,0.9,815.3477777777779,84.1,-59.37,19.93,4.728,13.642866666666665,17.755449999999996,630
254,0.92,944.6822222222223,90.58,-58.73,20.08,5.367999999999999,14.132966666666668,19.689066666666672,630
255,0.9,828.9594444444444,72.63,-55.35,18.64,5.45,12.916933333333334,21.705783333333336,630
256,1.12,998.1202777777777,73.18,-50.59,18.83,5.396000000000001,16.169716666666666,30.893733333333333,630
257,0.96,1088.167777777778,73.14,-54.59,18.41,5.62,14.194566666666667,52.84933333333333,630
258,1.02,819.1188888888887,76.65,-50.54,18.54,5.484,15.4262,23.9954,630
259,0.88,916.9344444444447,83.36,-54.7,20.18,5.4460000000000015,13.369566666666667,28.41466666666667,630
260,0.9,1005.7366666666667,78.04,-55.84,18.96,5.49,13.479933333333333,44.97436666666668,630
261,1.04,820.4247222222223,73.22,-50.84,18.05,4.708,15.506883333333333,20.93843333333333,630
262,0.92,965.400277777778,84.43,-50.97,20.05,5.540000000000001,13.894283333333332,29.634516666666666,630
263,1.0,911.9744444444444,72.88,-52.13,18.18,5.5520000000000005,14.731133333333334,28.121600000000004,630
264,0.86,801.5144444444444,79.67,-55.14,19.6,5.506,12.685933333333335,24.919600000000006,630
265,1.0,992.9666666666667,76.52,-54.17,19.05,5.492000000000001,14.744183333333336,35.18980000000001,630
266,1.1,1006.2036111111113,78.96,-53.35,19.21,4.728,16.476866666666666,31.672083333333337,630
267,0.98,936.553888888889,67.8,-47.66,17.5,5.5520000000000005,14.014066666666665,46.67185,630
268,1.0,829.2044444444442,71.43,-49.03,17.56,4.758,14.667816666666667,24.85133333333333,630
269,0.94,995.0097222222224,73.33,-51.72,18.26,5.49,13.690600000000005,46.39708333333334,630
270,1.02,936.987777777778,72.77,-51.76,17.81,5.46,15.0582,37.9892,630
271,1.0,1022.0727777777776,73.76,-51.51,18.22,4.716,14.759633333333335,42.03014999999999,630
272,1.22,930.1422222222222,71.61,-53.87,17.72,5.356,18.3946,24.43006666666667,630
273,0.82,938.0844444444446,80.2,-60.87,19.84,5.444,12.229466666666667,35.6452,630
274,0.98,931.560277777778,77.35,-55.39,19.34,5.497999999999999,14.975866666666667,27.55201666666667,630
275,0.88,932.005277777778,75.18,-51.35,18.71,5.432,12.910816666666667,34.41471666666667,630
276,1.06,1035.857777777778,78.63,-53.34,19.18,5.478,16.036333333333335,40.32086666666667,630
277,1.06,893.8177777777777,66.86,-51.52,17.1,4.7780000000000005,15.330666666666668,31.20916666666667,630
278,1.0,955.5711111111113,66.28,-49.25,17.42,4.832,14.471600000000002,41.52078333333333,630
279,1.04,861.9102777777778,72.1,-52.18,17.8,5.55,15.529066666666667,25.395166666666675,630
280,0.88,1003.5788888888893,77.7,-51.36,18.96,5.409999999999998,13.248749999999998,40.489,630
281,0.98,861.3758333333334,74.55,-51.4,18.53,5.457999999999999,14.674666666666667,26.13741666666667,630
282,0.9,932.9722222222223,70.18,-53.72,17.82,5.5280000000000005,13.136933333333335,37.423,630
283,0.96,858.0333333333333,73.42,-48.27,18.31,5.574,14.183816666666665,29.46185,630
284,0.92,1004.2230555555556,77.53,-52.43,19.03,4.587999999999999,13.659583333333336,42.47970000000001,630
285,1.46,671.0988888888891,61.43,-52.66,16.24,5.540000000000001,20.293133333333333,19.139666666666674,630
286,0.96,920.4791666666667,87.9,-58.96,20.3,5.444,14.808833333333334,20.17043333333333,630
287,1.16,1181.0511111111114,69.16,-56.27,17.51,5.89,16.715416666666666,53.42953333333334,630
288,1.14,869.2711111111113,75.35,-51.23,17.84,5.481999999999998,17.219733333333334,24.368466666666666,630
289,0.82,950.1922222222223,81.14,-63.95,19.55,5.572,12.3326,38.81673333333333,630
290,0.9,789.6788888888889,70.89,-46.76,17.85,5.452000000000001,12.93586666666667,32.8992,630
291,1.02,885.8522222222223,69.7,-51.47,17.79,4.738,14.91586666666667,28.9428,630
292,0.92,970.4066666666665,73.05,-50.59,18.09,5.01,13.355466666666667,48.45473333333334,630
293,1.12,814.1694444444443,74.57,-53.56,17.6,5.472,16.868750000000002,21.067616666666673,630
294,0.94,864.8744444444444,80.85,-58.35,19.35,5.485999999999999,14.231133333333334,19.13586666666666,630
295,0.86,1048.6061111111112,73.26,-49.06,18.52,5.49,12.4768,49.33760000000001,630
296,1.3,1049.3575,82.14,-45.17,19.73,4.662,19.931866666666668,27.24181666666667,630
297,1.42,1284.7333333333333,73.96,-47.99,18.13,5.896000000000001,20.9446,51.81608333333334,630
298,1.22,900.9566666666667,72.95,-49.11,17.65,5.53,18.298866666666665,31.147666666666673,630
299,1.16,1104.72,70.65,-50.85,17.59,5.822,17.0581,53.2486,630
300,1.14,974.5911111111113,70.6,-48.33,17.63,5.66,16.910933333333332,41.75113333333333,630
301,1.08,802.4363888888888,61.86,-48.52,16.69,5.412000000000001,15.35566666666667,32.7172,630
1,0.78,641.6611111111113,61.89,-62.6,26.58,13.642000000000001,17.444066666666668,24.457666666666668,450
2,0.92,334.27833333333336,51.26,-54.29,24.78,13.317999999999998,20.685366666666667,20.16435,450
3,0.92,372.17,63.93,-40.26,26.95,13.754000000000001,20.83685,20.325516666666672,450
4,0.7,452.17333333333335,52.35,-59.34,24.79,13.204,15.410266666666667,25.7552,450
5,0.92,105.13222222222224,64.92,-41.89,26.57,12.93,20.775666666666666,10.942666666666666,450
6,0.48,570.7780555555556,61.35,-61.34,25.71,13.542000000000002,10.168583333333334,31.41475,450
7,0.92,417.73611111111114,58.11,-43.23,25.78,12.55,20.672633333333334,18.951000000000004,450
8,0.92,419.5677777777778,48.48,-59.57,24.66,13.232000000000001,20.693766666666665,20.410533333333333,450
9,0.92,114.7777777777778,63.16,-39.34,26.88,12.807999999999998,20.86428333333334,6.783133333333335,450
10,0.72,662.6361111111112,60.77,-61.39,26.78,13.738,15.985666666666667,25.940283333333333,450
11,0.72,321.48694444444436,51.4,-56.29,24.81,13.04,15.90895,24.91256666666667,450
12,0.92,354.47,65.35,-41.36,26.47,14.06,20.837883333333334,20.327566666666666,450
13,0.6,403.23555555555566,44.67,-57.28,24.77,13.224,13.026916666666667,28.03521666666667,450
14,0.92,285.1930555555556,62.1,-39.8,27.15,13.905999999999999,20.878366666666672,20.119533333333333,450
15,0.72,463.6097222222222,44.98,-59.69,24.76,13.316,15.905450000000005,25.32251666666667,450
16,0.92,345.2944444444445,60.87,-39.14,26.45,13.988,20.840733333333336,20.274266666666673,450
17,0.54,428.46888888888884,46.14,-60.58,24.81,13.063999999999998,11.581533333333335,29.522933333333334,450
18,0.92,93.86444444444444,64.65,-37.48,26.55,12.81,20.78685,6.209,450
19,0.82,587.1977777777778,63.31,-62.29,26.8,13.517999999999999,18.378333333333334,23.30840000000001,450
20,0.92,85.24972222222222,56.14,-35.33,25.14,12.836000000000002,20.588666666666672,6.429616666666666,450
21,0.76,662.3747222222222,63.79,-65.91,27.09,13.592,16.912200000000006,25.00031666666667,450
22,0.58,103.29888888888892,50.05,-45.27,24.8,12.806,12.522933333333333,11.7678,450
23,0.92,555.2175000000002,80.47,-51.04,25.47,14.03,20.759516666666674,20.85428333333333,450
24,0.88,426.9069444444446,43.72,-58.97,24.71,13.067999999999998,19.769983333333336,21.369983333333334,450
25,0.92,452.1386111111111,83.41,-42.16,25.8,13.988,20.772133333333333,20.587716666666672,450
26,0.78,442.7600000000001,50.48,-60.62,24.79,13.378,17.349933333333333,23.849733333333337,450
27,0.92,356.5033333333333,60.74,-37.74,25.98,13.882,20.84915,20.299933333333332,450
28,0.78,438.36000000000007,47.85,-60.15,24.7,13.25,17.343466666666668,23.83806666666667,450
29,0.92,98.20666666666668,64.07,-37.97,26.86,12.754,20.786816666666667,5.6906,450
30,0.74,592.3922222222222,62.82,-60.91,26.82,13.55,16.453400000000002,25.2448,450
31,0.92,430.53111111111116,56.9,-44.65,25.63,12.386,20.683466666666668,18.947683333333334,450
32,0.82,431.3544444444445,52.3,-59.66,24.98,13.228,18.291400000000007,22.8458,450
33,0.92,411.53333333333336,64.46,-41.34,27.12,13.633999999999995,20.831766666666667,20.44558333333333,450
34,0.7,447.7555555555555,54.21,-59.23,24.79,13.302,15.397733333333335,25.74853333333333,450
35,0.92,334.48416666666674,62.63,-37.46,25.71,13.748,20.8331,20.249433333333336,450
36,0.92,446.6525,51.6,-44.87,27.31,13.852,20.864483333333336,20.555133333333334,450
37,0.92,408.6163888888889,47.88,-56.15,24.71,13.142,20.719216666666668,20.36435,450
38,0.92,496.33083333333326,80.78,-46.49,27.23,13.803999999999998,20.7376,20.693683333333336,450
39,0.92,413.77055555555563,54.29,-53.78,24.76,13.184,20.689883333333334,20.372616666666666,450
40,0.92,305.0933333333333,64.0,-40.4,26.24,13.95,20.825933333333328,20.18133333333333,450
41,0.58,435.6022222222224,45.62,-56.01,24.7,13.425999999999998,12.537866666666668,28.61866666666667,450
42,0.92,120.2702777777778,59.15,-40.2,25.17,12.833999999999998,20.68525,7.053750000000001,450
43,0.92,638.6091666666667,61.94,-59.89,28.06,13.702000000000002,20.792333333333332,21.057133333333336,450
44,0.92,373.2927777777778,53.06,-57.7,24.81,12.998,20.702866666666665,20.26841666666667,450
45,0.92,503.06944444444434,86.02,-44.43,28.23,13.954,20.821983333333336,20.7018,450
46,0.74,376.1633333333333,50.58,-58.93,24.74,13.11,16.383533333333332,24.5732,450
47,0.92,97.10583333333334,62.95,-38.95,26.31,12.774,20.828116666666673,6.4668833333333335,450
48,0.58,574.9022222222222,61.51,-61.76,25.93,13.572000000000001,12.564933333333332,29.017866666666674,450
49,0.92,340.9252777777777,54.12,-40.77,24.76,13.742,20.590833333333336,20.217900000000004,450
50,0.92,475.4725,52.85,-57.91,24.73,13.267999999999999,20.700533333333336,20.56683333333333,450
51,0.92,88.53138888888891,62.42,-38.51,27.97,12.412,20.89013333333334,10.517616666666667,450
52,0.38,653.2266666666667,57.04,-71.78,25.82,13.445999999999998,7.760933333333332,34.5996,450
53,0.92,103.77111111111113,59.55,-38.61,26.81,12.738,20.763416666666668,5.6984,450
54,0.72,576.9833333333332,63.75,-63.67,25.68,13.444,15.926866666666667,25.715999999999998,450
55,0.92,57.602222222222224,57.53,-36.14,24.78,12.044,20.568383333333333,10.204466666666663,450
56,0.44,597.3613888888889,65.18,-58.9,26.24,13.524,9.20755,32.57268333333334,450
57,0.86,370.10611111111115,53.72,-56.32,24.92,12.866,19.261,19.3393,450
58,0.92,494.8530555555555,80.59,-43.83,27.5,13.898,20.76483333333333,20.643933333333333,450
59,0.88,444.1677777777778,48.85,-61.13,24.77,13.206,19.762633333333333,21.43525,450
60,0.92,423.32694444444434,68.77,-41.05,26.5,13.852,20.75753333333333,20.45925,450
61,0.7,422.5502777777778,49.54,-58.63,24.74,12.818,15.422466666666667,23.327933333333334,450
62,0.92,523.4288888888889,80.06,-46.96,27.03,13.919999999999998,20.75761666666667,20.743450000000006,450
63,0.92,348.3716666666667,47.54,-58.2,24.8,12.712,20.720266666666664,17.048083333333334,450
64,0.92,510.80583333333334,83.65,-49.04,27.23,13.797999999999998,20.843816666666665,20.672266666666665,450
65,0.92,411.4947222222224,49.62,-56.29,24.7,13.25,20.700133333333333,20.38635,450
66,0.92,428.52611111111116,73.74,-41.71,27.73,14.082,20.736683333333332,20.513833333333327,450
67,0.72,452.81305555555565,36.57,-60.86,24.6,13.228,15.86005,25.31878333333333,450
68,0.92,100.68888888888887,64.5,-34.03,27.55,12.784,20.809033333333332,6.2280000000000015,450
69,0.56,618.1675,62.84,-63.91,27.17,13.505999999999998,12.143016666666668,29.725733333333334,450
70,0.92,388.7986111111112,58.25,-54.81,25.72,13.28,20.69315,20.306816666666673,450
71,0.92,386.6902777777778,65.02,-41.01,25.41,13.63,20.73615,20.340916666666672,450
72,0.62,457.2011111111111,51.92,-61.35,24.74,13.198,13.489866666666668,27.71886666666667,450
73,0.92,425.1419444444445,69.47,-45.93,26.88,14.044,20.863416666666666,20.525383333333334,450
74,0.56,417.08888888888885,39.27,-60.86,24.6,12.704,12.018666666666668,23.559600000000003,450
75,0.92,471.2347222222222,91.0,-49.33,25.69,14.12,20.811300000000006,20.626166666666673,450
76,0.56,316.3077777777778,38.86,-57.17,24.53,12.79,12.013833333333334,21.198400000000007,450
77,0.92,530.3908333333334,87.84,-50.72,27.32,13.764000000000001,20.856166666666667,20.762333333333334,450
78,0.92,438.02388888888885,53.21,-54.18,24.69,13.222000000000001,20.681283333333337,20.45565,450
79,0.92,389.6519444444445,65.48,-40.39,28.72,13.785999999999998,20.905266666666666,20.34918333333334,450
80,0.8,437.416111111111,53.63,-60.83,25.77,13.172,17.84685,23.329233333333335,450
81,0.92,307.31166666666667,62.22,-39.17,25.76,13.62,20.729433333333333,20.138083333333334,450
82,0.92,314.8508333333333,52.19,-44.25,25.39,13.814000000000002,20.6579,20.1876,450
83,0.74,471.30222222222227,49.96,-57.74,24.8,13.378,16.384800000000002,24.878333333333334,450
84,0.92,95.23333333333332,62.83,-38.43,25.62,12.966,20.699216666666672,9.846466666666668,450
85,0.92,521.7491666666667,65.61,-63.68,26.86,13.562,20.8289,20.723783333333333,450
86,0.92,474.0019444444445,50.9,-59.09,24.78,13.399999999999995,20.712433333333333,20.587766666666667,450
87,0.92,132.46333333333334,63.38,-41.33,26.57,12.772,20.819233333333337,6.306266666666668,450
88,0.66,619.5322222222222,60.47,-61.99,26.43,13.538000000000002,14.509200000000002,27.262066666666666,450
89,0.92,90.90972222222223,58.81,-37.97,25.79,12.762,20.646666666666672,4.892566666666666,450
90,0.84,545.5966666666667,64.53,-63.77,26.67,13.695999999999998,18.8382,22.72818333333333,450
91,0.92,172.62500000000003,54.87,-59.1,24.77,12.592000000000002,20.694583333333334,5.644000000000001,450
92,0.92,516.4572222222222,69.28,-59.13,26.76,13.582,20.7747,20.705166666666674,450
93,0.92,440.42833333333334,54.72,-58.16,24.81,13.32,20.66656666666667,20.423016666666673,450
94,0.92,365.2872222222223,60.67,-40.05,26.9,13.654000000000002,20.848433333333336,20.255866666666673,450
95,0.68,414.74916666666667,51.99,-59.42,24.86,12.892000000000001,14.934733333333336,22.4768,450
96,0.92,475.3794444444445,78.88,-46.97,26.86,13.541999999999998,20.738650000000003,20.575,450
97,0.92,406.04027777777776,55.51,-40.07,25.39,13.645999999999999,20.609966666666672,20.35685,450
98,0.92,403.9094444444445,52.32,-44.28,25.56,13.74,20.71743333333334,20.389316666666673,450
99,0.82,380.94333333333327,50.11,-56.97,24.7,12.807999999999998,18.312466666666673,21.363633333333336,450
100,0.92,517.1775,80.41,-47.11,27.59,14.02,20.765933333333336,20.740816666666667,450
101,0.58,144.9733333333334,46.96,-58.05,24.81,12.824000000000002,12.546266666666668,12.177333333333333,450
102,0.92,590.9194444444445,75.79,-53.51,26.94,13.744000000000002,20.75628333333334,20.930283333333332,450
103,0.92,312.07277777777773,52.43,-35.55,24.78,12.694,20.576550000000005,18.793683333333327,450
104,0.68,386.40888888888884,40.12,-60.49,24.49,12.844000000000001,14.8858,21.103866666666672,450
105,0.92,509.58305555555563,89.08,-46.69,27.07,13.767999999999999,20.82948333333333,20.690483333333333,450
106,0.8,435.5147222222223,52.97,-57.19,24.68,13.165999999999999,17.810183333333335,23.327766666666665,450
107,0.92,107.82111111111115,63.68,-38.12,26.74,12.745999999999999,20.81715,5.973999999999998,450
108,0.7,590.8544444444443,63.54,-62.66,27.21,13.514000000000001,15.480866666666667,26.22386666666667,450
109,0.92,386.48388888888877,57.21,-42.21,24.84,12.582,20.566266666666667,18.860833333333336,450
110,0.92,113.54166666666669,47.01,-43.34,25.59,11.806,20.66133333333333,8.1506,450
111,0.42,601.8466666666667,65.53,-70.13,27.0,13.405999999999999,8.753266666666667,33.36246666666667,450
112,0.92,90.57444444444445,57.39,-38.59,25.67,11.694,20.582416666666667,7.844999999999999,450
113,0.7,621.5111111111112,67.37,-60.73,27.02,13.616000000000005,15.466200000000002,26.303266666666666,450
114,0.9,382.5677777777778,56.53,-58.24,24.7,12.888,20.21293333333333,18.684733333333334,450
115,0.92,481.27888888888884,80.28,-47.67,27.65,13.914,20.776116666666674,20.63315,450
116,0.86,409.03,51.29,-59.0,24.78,13.051999999999998,19.277533333333334,21.79133333333333,450
117,0.92,386.9927777777778,63.27,-38.67,25.73,14.154000000000002,20.851816666666668,20.436566666666668,450
118,0.92,390.3905555555555,39.43,-52.83,24.52,13.118,20.641916666666667,20.31505,450
119,0.92,425.4252777777778,74.36,-44.77,27.31,14.098000000000004,20.761133333333333,20.507449999999995,450
120,0.52,389.6286111111111,37.4,-64.07,24.52,12.796,11.065916666666668,21.07088333333333,450
121,0.92,511.2819444444445,91.8,-49.01,26.25,13.936000000000002,20.85568333333334,20.731283333333334,450
122,0.92,65.47944444444445,50.16,-32.37,24.88,12.674000000000001,20.616050000000005,4.285266666666667,450
123,0.8,630.261388888889,66.38,-62.34,26.31,13.579999999999998,17.875216666666674,23.94536666666667,450
124,0.92,422.7411111111112,56.22,-59.26,24.77,13.216,20.690983333333328,20.417066666666667,450
125,0.92,402.61388888888894,64.05,-41.71,25.9,13.904000000000002,20.792233333333336,20.41705,450
126,0.78,414.9144444444445,49.34,-59.44,24.78,13.302,17.348266666666664,23.75793333333333,450
127,0.92,348.2147222222223,62.57,-38.04,27.61,13.852,20.87405,20.28305,450
128,0.92,459.53777777777776,51.37,-45.03,25.29,13.655999999999999,20.772666666666666,20.544,450
129,0.92,424.5202777777778,53.6,-55.9,25.32,13.348,20.708,20.433283333333332,450
130,0.92,337.9111111111112,62.85,-40.29,26.94,13.598,20.91273333333334,20.225966666666668,450
131,0.7,117.24333333333335,53.48,-50.25,25.54,12.65,15.427733333333334,9.714733333333337,450
132,0.92,560.6327777777777,67.43,-62.08,26.49,13.36,20.72928333333333,20.822566666666674,450
133,0.92,448.72527777777776,63.52,-46.8,25.4,13.739999999999998,20.62811666666667,20.505416666666672,450
134,0.66,327.76777777777784,51.13,-53.26,24.74,12.773999999999996,14.444466666666667,17.514733333333336,450
135,0.92,531.3380555555557,84.74,-49.78,26.45,13.894,20.81758333333333,20.7689,450
136,0.92,402.6727777777778,52.29,-55.29,24.81,12.79,20.699633333333335,18.2393,450
137,0.92,488.6183333333333,88.09,-51.95,26.99,13.682,20.841033333333336,20.600166666666674,450
138,0.92,66.91861111111113,54.59,-33.05,24.74,12.744000000000002,20.621283333333334,3.7745,450
139,0.92,564.35,64.87,-62.95,26.15,13.582,20.74465,20.824133333333336,450
140,0.92,441.425,54.3,-58.7,25.19,13.330000000000002,20.71283333333333,20.481883333333336,450
141,0.92,430.09111111111116,73.6,-46.73,26.88,13.65,20.733466666666665,20.46478333333334,450
142,0.92,133.13166666666666,56.58,-57.96,24.82,12.598,20.684616666666667,5.0105,450
143,0.92,578.1827777777778,66.1,-58.97,26.48,13.724,20.742416666666667,20.885983333333336,450
144,0.92,416.51333333333326,53.67,-57.55,24.79,13.194,20.679266666666663,20.385233333333336,450
145,0.92,321.0097222222222,64.3,-39.29,26.56,13.764000000000001,20.787966666666673,20.185316666666672,450
146,0.92,469.13583333333344,53.26,-57.85,24.77,13.232000000000001,20.69838333333333,20.543616666666672,450
147,0.92,332.91472222222217,63.52,-43.87,26.18,14.053999999999998,20.8278,20.242283333333333,450
148,0.52,441.83472222222224,39.92,-59.32,24.63,12.782,11.058583333333333,27.41978333333333,450
149,0.92,500.1377777777778,88.15,-48.54,25.73,13.832,20.803416666666664,20.65513333333333,450
150,0.88,425.6375000000001,50.23,-61.23,24.66,12.702,19.752016666666673,19.780916666666666,450
151,0.92,505.9997222222222,82.74,-49.43,26.93,13.722000000000001,20.77365,20.697216666666666,450
152,0.92,76.93333333333334,50.83,-45.54,24.75,12.908,20.677016666666674,3.0474,450
153,0.92,563.4891666666666,72.07,-53.97,26.15,13.552,20.757216666666668,20.808266666666672,450
154,0.92,444.0655555555557,55.78,-60.06,24.77,13.198000000000002,20.670566666666673,20.46145,450
155,0.92,498.03333333333336,65.16,-42.65,25.81,13.72,20.76255,20.6623,450
156,0.92,127.85111111111115,52.98,-44.93,25.97,11.668,20.7281,7.219666666666668,450
157,0.44,560.668888888889,64.77,-59.06,27.13,13.529999999999998,9.2306,32.431716666666674,450
158,0.92,56.040000000000006,57.18,-32.6,25.0,11.966,20.562883333333332,6.8142666666666685,450
159,0.82,595.6600000000002,65.49,-64.71,26.24,13.439999999999998,18.32473333333333,23.3414,450
160,0.92,403.4694444444446,60.71,-56.72,25.28,13.222000000000001,20.68828333333333,20.360633333333336,450
161,0.92,277.6227777777777,61.98,-37.15,27.44,14.134,20.83435,20.076816666666673,450
162,0.72,420.735,37.22,-57.56,24.53,13.272,15.866983333333335,25.2207,450
163,0.92,378.62222222222226,63.68,-41.02,26.1,13.834000000000001,20.81,20.374316666666665,450
164,0.92,396.5191666666667,52.54,-40.37,24.7,13.584000000000005,20.61095,20.379383333333333,450
165,0.92,72.05444444444444,56.1,-32.85,24.79,12.748,20.586383333333334,4.307566666666666,450
166,0.82,632.2544444444445,65.17,-60.24,26.97,13.538,18.34753333333333,23.470866666666666,450
167,0.92,365.7766666666666,53.5,-56.34,24.77,13.16,20.67745,20.24503333333333,450
168,0.92,434.0380555555557,70.5,-44.75,26.53,13.735999999999999,20.783433333333328,20.486266666666673,450
169,0.88,419.36055555555566,52.95,-60.55,24.71,13.255999999999998,19.754133333333336,21.3512,450
170,0.92,421.41805555555567,64.32,-42.38,25.48,14.064000000000002,20.760916666666667,20.502666666666666,450
171,0.84,414.59083333333336,41.13,-62.42,24.62,12.71,18.763016666666672,21.787966666666666,450
172,0.92,505.6516666666667,80.7,-45.98,26.42,13.738,20.753450000000004,20.663916666666672,450
173,0.84,178.2113888888889,55.1,-58.64,24.77,12.738,18.771733333333334,7.067516666666667,450
174,0.92,579.6261111111112,75.68,-51.44,26.77,13.738,20.7475,20.896266666666673,450
175,0.74,386.8144444444445,51.8,-59.51,24.81,13.236,16.364733333333334,24.67273333333333,450
176,0.92,128.8177777777778,63.28,-40.37,25.95,12.798,20.786783333333336,6.816133333333332,450
177,0.44,566.2708333333334,59.33,-60.62,26.33,13.411999999999995,9.21395,32.39173333333334,450
178,0.92,338.50333333333333,59.76,-44.79,26.07,12.55,20.631866666666667,18.800716666666666,450
179,0.7,450.45888888888885,48.75,-58.63,24.66,13.174,15.403466666666667,25.751933333333334,450
180,0.92,352.14888888888885,65.69,-41.47,26.75,13.81,20.88333333333334,20.308633333333333,450
181,0.92,408.7922222222222,54.1,-44.62,25.39,12.173999999999998,20.644183333333334,18.810200000000005,450
182,0.92,428.90111111111116,58.04,-45.65,24.79,13.9,20.62333333333333,20.481200000000005,450
183,0.68,416.12555555555565,48.27,-59.56,24.69,12.874,14.939483333333332,24.580700000000004,450
184,0.92,469.04055555555567,79.79,-49.34,26.51,13.556,20.755016666666673,20.531016666666666,450
185,0.92,71.36583333333333,54.49,-36.48,24.79,12.687999999999999,20.64998333333333,3.786216666666667,450
186,0.92,646.3502777777778,68.36,-57.81,26.22,13.706,20.7505,21.11235,450
187,0.92,328.00916666666666,53.94,-56.08,24.85,13.080000000000002,20.680066666666672,20.175250000000005,450
188,0.92,490.34222222222223,76.2,-46.51,27.23,13.98,20.771900000000006,20.692900000000005,450
189,0.92,402.40083333333337,50.54,-57.65,24.79,13.148,20.71688333333333,20.373033333333336,450
190,0.92,438.8875,66.27,-42.01,26.66,13.839999999999998,20.782933333333336,20.488516666666673,450
191,0.92,75.25222222222223,50.23,-37.22,24.74,12.654000000000002,20.66196666666667,4.066666666666666,450
192,0.88,585.6286111111111,67.54,-62.1,26.59,13.538,19.805333333333333,21.86073333333333,450
193,0.92,148.27000000000004,55.21,-38.63,24.79,11.644,20.56673333333333,6.543066666666666,450
194,0.82,674.7222222222222,73.22,-64.86,26.76,13.767999999999999,18.3458,23.61046666666667,450
195,0.66,307.9788888888889,49.98,-55.7,24.77,12.556,14.4486,17.194850000000002,450
196,0.92,512.0119444444445,87.62,-49.5,26.43,13.732000000000001,20.7994,20.7033,450
197,0.92,455.43611111111113,52.84,-55.52,24.7,13.218,20.699383333333333,20.488383333333328,450
198,0.92,348.58305555555563,66.37,-39.11,28.96,13.98,20.876316666666668,20.287566666666667,450
199,0.86,432.20555555555563,48.03,-59.13,24.77,13.023999999999996,19.275066666666667,21.860200000000006,450
200,0.92,258.7302777777778,58.16,-37.15,27.85,13.794,21.05695,20.00591666666667,450
201,0.8,523.3347222222222,52.52,-62.76,24.86,13.438,17.822816666666668,23.59485,450
202,0.92,431.49555555555565,63.29,-44.74,25.64,13.544,20.77976666666667,20.4338,450
203,0.92,75.15833333333333,53.42,-33.15,24.78,12.742,20.609900000000003,4.312483333333334,450
204,0.92,536.9900000000001,66.38,-62.54,26.29,13.663999999999998,20.73818333333334,20.784683333333334,450
205,0.78,454.2411111111112,54.45,-61.96,24.81,12.844000000000001,17.33213333333333,21.253933333333336,450
206,0.92,462.1758333333333,81.85,-48.44,27.02,13.765999999999998,20.788116666666667,20.562766666666672,450
207,0.92,421.99,49.26,-59.01,24.73,13.155999999999999,20.707916666666673,20.415816666666668,450
208,0.92,415.92194444444436,70.2,-44.14,27.42,13.898,20.8045,20.475150000000006,450
209,0.92,420.75888888888886,49.15,-57.99,24.76,13.082,20.695816666666673,20.40918333333333,450
210,0.92,344.0975,64.05,-41.54,25.8,13.645999999999999,20.80153333333334,20.240016666666673,450
211,0.62,454.2433333333333,54.41,-62.82,24.79,13.163999999999998,13.4776,27.69166666666667,450
212,0.92,106.68388888888893,61.16,-38.87,27.54,12.542,20.840333333333326,8.034366666666667,450
213,0.7,521.4444444444445,65.0,-61.33,26.59,13.704000000000002,15.466,26.00293333333334,450
214,0.92,387.4572222222223,52.63,-57.77,24.68,13.144,20.674150000000008,20.28688333333334,450
215,0.92,396.3105555555557,67.19,-47.38,26.57,13.672,20.835766666666665,20.381133333333327,450
216,0.92,455.3211111111111,53.42,-48.47,24.89,13.96,20.659416666666672,20.57415,450
217,0.64,376.88861111111123,43.92,-61.06,24.81,12.414000000000001,13.992800000000004,18.632766666666672,450
218,0.92,363.8316666666667,90.87,-48.46,26.6,14.07,20.799816666666672,20.334000000000003,450
219,0.66,493.65333333333336,41.18,-59.03,24.85,13.222000000000001,14.482400000000002,26.84806666666667,450
220,0.92,91.725,64.57,-38.57,25.89,12.784,20.731966666666672,5.93655,450
221,0.64,525.3422222222223,62.4,-59.73,27.28,13.539999999999996,14.038966666666667,27.42606666666667,450
222,0.78,421.3394444444445,54.13,-59.81,24.71,12.836000000000002,17.325799999999994,22.979850000000006,450
223,0.92,469.3469444444445,80.43,-51.97,26.74,13.244000000000002,20.816066666666668,20.514433333333336,450
224,0.92,443.9975,63.03,-46.63,25.28,13.547999999999998,20.642816666666665,20.479883333333333,450
225,0.92,439.9422222222223,56.46,-47.27,27.12,13.316,20.850683333333336,20.4654,450
226,0.92,501.7269444444445,60.07,-47.7,25.22,13.923999999999998,20.682816666666675,20.6928,450
227,0.72,377.0244444444445,50.27,-61.26,24.79,12.985999999999999,15.902133333333335,25.08616666666667,450
228,0.92,439.8552777777778,70.12,-45.03,26.65,13.665999999999999,20.7462,20.484883333333336,450
229,0.92,455.70777777777784,53.46,-47.34,26.0,13.79,20.772,20.518533333333334,450
230,0.72,437.7466666666666,53.38,-61.05,24.74,12.755999999999998,15.897483333333335,24.931000000000004,450
231,0.92,471.1094444444445,85.01,-50.55,27.09,13.517999999999999,20.82165,20.533966666666664,450
232,0.92,79.15777777777778,57.72,-33.6,24.85,12.634000000000002,20.612866666666665,5.348433333333333,450
233,0.84,564.0633333333334,65.43,-64.97,25.43,13.492,18.802800000000005,22.76676666666667,450
234,0.92,413.6344444444445,59.53,-42.8,25.05,13.436000000000002,20.616466666666668,20.3802,450
235,0.84,417.7577777777778,55.54,-60.66,24.72,13.464,18.767283333333328,22.358016666666664,450
236,0.92,126.6027777777778,57.3,-39.76,26.15,12.886,20.848566666666667,8.635616666666666,450
237,0.42,523.5155555555557,61.55,-60.07,27.02,13.204,8.725000000000001,32.75786666666667,450
238,0.92,430.87555555555565,64.82,-49.36,26.85,13.608,20.85548333333334,20.417,450
239,0.92,477.03527777777776,54.97,-60.65,25.27,13.23,20.7014,20.55868333333333,450
240,0.92,98.4952777777778,61.97,-37.89,26.05,12.438,20.80116666666667,9.005733333333334,450
241,0.46,510.14666666666665,60.31,-50.28,25.55,13.932,9.660266666666667,31.892733333333336,450
242,0.58,380.9447222222223,47.96,-61.81,24.79,12.61,12.540133333333333,22.41006666666667,450
243,0.92,483.7144444444445,86.62,-46.37,27.27,13.89,20.78248333333333,20.63936666666667,450
244,0.92,83.81666666666669,54.84,-43.34,24.78,12.788,20.70285,3.582933333333333,450
245,0.88,572.51,68.14,-60.78,26.01,13.588,19.7917,21.814866666666674,450
246,0.92,401.88583333333344,56.24,-44.47,24.8,12.478,20.583566666666673,18.88075,450
247,0.82,423.18222222222226,52.21,-57.94,24.59,13.162,18.280933333333333,22.775599999999994,450
248,0.92,488.68055555555566,73.03,-49.7,27.27,13.634,20.764016666666667,20.612216666666672,450
249,0.92,95.93722222222223,54.08,-45.7,24.78,12.738,20.659333333333333,4.384383333333334,450
250,0.92,610.906388888889,65.86,-60.86,26.96,13.63,20.751566666666672,20.980150000000005,450
251,0.86,376.89999999999986,54.14,-57.83,24.82,12.864,19.267066666666672,21.438350000000003,450
252,0.92,489.9091666666667,80.11,-51.87,27.15,13.5,20.78785,20.59195,450
253,0.92,94.65166666666669,59.91,-42.74,24.8,12.677999999999999,20.640533333333334,4.894500000000002,450
254,0.76,602.4052777777778,64.39,-59.89,25.95,13.568,16.878183333333332,24.77611666666667,450
255,0.92,274.31583333333333,56.74,-36.27,24.79,12.564,20.565666666666672,18.70168333333333,450
256,0.92,442.25305555555565,50.58,-57.51,24.69,13.172000000000002,20.6886,20.454750000000004,450
257,0.92,428.3058333333335,65.73,-46.64,25.93,13.694,20.775250000000003,20.45175,450
258,0.62,461.72222222222234,53.09,-59.86,24.77,13.035999999999998,13.48546666666667,27.68806666666667,450
259,0.92,499.0100000000001,79.03,-50.58,28.01,13.573999999999998,20.81865,20.653350000000003,450
260,0.92,402.68444444444435,54.34,-45.29,25.95,12.318,20.63085,18.93518333333333,450
261,0.92,90.04638888888891,54.57,-42.71,24.68,12.698,20.637683333333328,4.366816666666667,450
262,0.92,607.4391666666667,64.63,-60.93,26.07,13.668,20.706300000000006,20.985333333333333,450
263,0.92,362.2322222222222,54.3,-57.34,24.74,13.108,20.674883333333334,20.257783333333336,450
264,0.92,408.3563888888888,67.89,-45.69,25.62,13.662,20.75695,20.398566666666664,450
265,0.92,428.9116666666668,51.89,-41.64,24.75,13.762,20.60755,20.46238333333333,450
266,0.92,387.28,53.28,-56.59,24.71,12.802,20.704116666666668,19.514533333333333,450
267,0.92,491.23833333333334,75.8,-49.41,27.15,13.628000000000005,20.813083333333328,20.615583333333333,450
268,0.86,495.4744444444444,58.87,-60.44,24.78,13.026,19.249533333333336,22.03193333333333,450
269,0.92,451.7058333333334,86.11,-49.27,28.58,13.602,20.855916666666673,20.505733333333332,450
270,0.92,68.67777777777778,55.9,-33.83,24.78,12.764000000000001,20.594516666666667,9.209066666666667,450
271,0.44,596.5186111111111,65.58,-63.7,26.61,13.47,9.185899999999998,32.47456666666667,450
272,0.92,96.31555555555558,58.17,-36.69,27.55,12.767999999999999,20.814900000000005,7.249066666666668,450
273,0.68,662.3266666666666,63.5,-67.32,25.44,13.586,14.917283333333335,26.92878333333334,450
274,0.92,162.50444444444446,55.28,-57.58,24.8,12.538,20.679500000000004,5.091833333333334,450
275,0.92,510.1516666666666,73.33,-53.84,26.58,13.632,20.758733333333332,20.684366666666666,450
276,0.92,430.5286111111112,51.93,-61.15,24.84,13.202000000000002,20.701166666666673,20.42523333333333,450
277,0.92,346.87805555555565,62.85,-39.52,28.13,13.738,20.824366666666673,20.252516666666672,450
278,0.92,93.45555555555555,52.98,-38.43,24.78,11.79,20.585066666666673,5.445266666666666,450
279,0.74,554.6622222222221,67.59,-62.05,25.68,13.508,16.371333333333332,25.1496,450
280,0.92,459.1216666666666,57.74,-59.54,24.79,12.832000000000004,20.66133333333333,17.908333333333335,450
281,0.92,509.1566666666667,83.23,-50.51,27.23,13.538,20.8548,20.666916666666673,450
282,0.92,372.69,57.7,-42.34,24.79,13.919999999999998,20.58286666666667,20.3109,450
283,0.92,385.4969444444445,49.46,-57.03,24.7,13.145999999999999,20.70588333333333,20.300166666666673,450
284,0.92,301.3430555555555,64.15,-41.47,25.38,13.7,20.770633333333336,20.13318333333333,450
285,0.92,96.33,51.95,-41.9,24.75,12.914,20.660533333333333,8.292533333333335,450
286,0.5,607.6611111111113,63.96,-67.59,25.9,13.232000000000001,10.656333333333333,31.29733333333334,450
287,0.92,76.99999999999999,64.55,-33.85,25.04,12.669999999999998,20.561533333333333,5.092133333333333,450
288,0.82,562.5433333333333,63.61,-63.85,25.59,13.505999999999998,18.3172,23.2096,450
289,0.92,127.95638888888891,57.87,-50.62,24.79,12.725999999999999,20.660433333333334,4.99655,450
290,0.92,586.0994444444443,66.6,-59.29,26.85,13.57,20.74768333333333,20.901550000000004,450
291,0.92,275.0416666666667,56.92,-36.44,24.81,13.728,20.573016666666668,20.0514,450
292,0.92,389.96083333333337,51.89,-44.51,24.69,12.424,20.596866666666667,18.881233333333334,450
293,0.92,367.8744444444445,53.59,-38.82,24.66,12.31,20.57215,18.79063333333333,450
294,0.92,379.37083333333334,52.88,-48.41,25.49,12.354000000000001,20.599433333333334,18.825716666666665,450
295,0.92,432.05722222222226,54.31,-46.18,25.46,13.576,20.701350000000005,20.47336666666667,450
296,0.92,460.22833333333335,55.13,-46.83,24.77,13.701999999999998,20.60718333333333,20.516016666666676,450
297,0.74,402.0366666666667,52.21,-58.97,24.79,12.724,16.371933333333335,21.516800000000003,450
298,0.92,453.51305555555564,81.21,-50.32,27.11,13.636,20.788833333333333,20.49746666666667,450
299,0.92,102.42388888888891,55.2,-48.22,24.8,12.688,20.66905,4.4062,450
300,0.92,642.9255555555558,67.79,-61.39,26.75,13.712,20.738333333333333,21.0851,450
1,0.82,543.0377777777778,85.76,-72.13,34.41,12.03,23.321666666666665,43.24928333333333,466
2,0.82,541.2824999999998,86.17,-70.28,34.35,12.022,23.309933333333333,43.25706666666667,466
3,0.82,531.9725000000002,87.12,-69.84,34.49,12.044,23.340466666666664,43.24111666666666,466
4,0.82,539.3033333333334,86.34,-72.2,34.51,12.041999999999998,23.318666666666665,43.25161666666666,466
5,0.82,534.1427777777777,85.88,-72.96,34.57,12.038,23.33533333333333,43.24773333333333,466
6,0.82,541.7686111111112,85.94,-72.61,34.41,12.002,23.318133333333336,43.24881666666667,466
7,0.82,532.7547222222223,86.0,-71.9,34.33,12.034,23.311533333333333,43.24546666666667,466
8,0.82,551.4908333333333,85.56,-72.35,34.21,12.05,23.288733333333337,43.27871666666667,466
9,0.82,559.8299999999998,85.64,-72.3,34.24,12.058,23.3566,43.28108333333334,466
10,0.82,564.06,85.26,-72.88,34.76,12.084000000000001,23.373200000000004,43.28535,466
11,0.82,539.7261111111112,85.06,-70.45,34.5,12.054,23.37706666666667,43.26318333333334,466
12,0.82,543.1897222222223,85.68,-71.87,34.59,12.066,23.376133333333332,43.24833333333334,466
13,0.82,543.3158333333333,86.29,-72.59,34.51,12.056,23.391133333333336,43.26006666666667,466
14,0.82,546.5008333333334,85.76,-71.97,34.32,12.068,23.33326666666667,43.25706666666667,466
15,0.82,530.3269444444445,85.07,-73.2,34.38,12.044,23.384200000000003,43.23929999999999,466
16,0.82,535.7255555555556,85.36,-72.76,34.43,12.041999999999998,23.367800000000006,43.2368,466
17,0.82,539.7036111111112,84.37,-72.96,34.61,12.044,23.39506666666667,43.25158333333333,466
18,0.82,532.6186111111112,84.93,-72.63,34.49,12.05,23.3612,43.23133333333334,466
19,0.82,540.6705555555558,86.24,-72.72,34.52,12.066,23.349266666666665,43.24523333333334,466
20,0.82,547.9319444444445,84.78,-73.11,34.6,12.058,23.3866,43.26018333333334,466
21,0.82,541.8197222222224,84.36,-71.63,34.72,12.1,23.37513333333333,43.25733333333334,466
22,0.82,541.281388888889,84.51,-72.76,34.56,12.095999999999998,23.351666666666674,43.276,466
23,0.82,543.8713888888889,84.9,-72.14,34.47,12.09,23.37213333333333,43.2552,466
24,0.82,557.6405555555557,85.04,-72.25,34.57,12.034,23.32726666666667,43.22800000000001,466
25,0.82,491.4344444444445,85.39,-74.31,34.67,12.7,23.379800000000003,45.76000000000001,466
26,0.82,561.775,83.5,-74.68,34.59,12.062,23.35506666666667,43.3031,466
27,0.82,531.5975000000002,85.95,-71.59,34.4,12.068,23.367000000000004,43.23633333333334,466
28,0.82,544.5327777777778,85.93,-73.29,34.62,12.07,23.34706666666667,43.26158333333334,466
29,0.82,523.8202777777777,86.19,-71.84,34.3,12.06,23.38293333333333,43.21936666666667,466
30,0.82,541.4,84.78,-72.74,34.59,12.046,23.379466666666666,43.25423333333333,466
31,0.82,551.826388888889,85.84,-73.67,34.39,12.05,23.38646666666667,43.2777,466
32,0.82,533.3625,85.25,-73.07,34.43,12.036,23.374,43.245066666666666,466
33,0.82,539.9091666666667,84.42,-73.08,34.42,12.068,23.334533333333336,43.25126666666666,466
34,0.82,535.0452777777779,83.81,-73.63,34.34,12.09,23.329933333333337,43.24586666666667,466
35,0.82,540.5727777777778,85.04,-71.73,34.46,12.024000000000001,23.3862,43.25753333333334,466
36,0.82,537.1227777777779,86.01,-73.47,34.56,11.999999999999998,23.391400000000004,43.24205,466
37,0.82,548.2099999999998,85.38,-70.66,34.42,12.024000000000001,23.3852,43.26398333333334,466
38,0.82,557.1905555555556,85.37,-71.22,34.71,12.056,23.3288,43.27214999999999,466
39,0.82,561.6041666666666,84.29,-70.41,34.53,12.062,23.33833333333334,43.27458333333334,466
40,0.82,554.8147222222223,84.63,-72.04,34.63,12.09,23.34826666666667,43.27100000000001,466
41,0.82,531.3861111111112,84.06,-72.36,34.54,12.038,23.33946666666667,43.22571666666667,466
42,0.82,539.5813888888888,84.38,-71.62,34.36,12.023999999999996,23.35326666666667,43.24266666666666,466
43,0.82,545.2475000000002,85.65,-72.58,34.54,11.989999999999998,23.319133333333333,43.25701666666666,466
44,0.82,530.3044444444445,85.72,-70.37,34.62,12.041999999999998,23.35446666666667,43.23331666666667,466
45,0.82,545.9155555555557,83.97,-74.67,34.72,12.066,23.30173333333333,43.25968333333335,466
46,0.82,540.5666666666667,83.97,-73.57,34.83,12.072000000000001,23.33566666666667,43.2427,466
47,0.82,211.40222222222218,84.44,-73.17,34.44,11.77,23.3002,5.560933333333334,466
48,0.82,638.7427777777777,98.72,-77.04,35.24,12.044,23.06573333333333,43.44695000000001,466
49,0.82,540.208888888889,85.79,-72.44,34.46,12.022,23.36213333333333,43.24635,466
50,0.82,225.61472222222224,84.72,-70.28,34.55,12.058,23.355933333333336,5.859,466
51,0.82,770.8677777777779,115.05,-78.18,36.91,11.682,23.150600000000004,30.42546666666667,466
52,0.82,463.0811111111112,78.01,-70.89,33.99,11.68,23.13293333333333,28.24893333333333,466
53,0.82,398.29583333333335,79.74,-62.14,34.64,12.034,23.31513333333333,42.98063333333334,466
54,0.82,311.23222222222233,72.16,-66.77,33.92,11.785999999999998,23.248066666666666,23.91593333333333,466
55,0.82,591.5711111111111,76.15,-68.9,34.06,12.023999999999996,23.2758,43.4264,466
56,0.82,478.2791666666666,75.28,-66.67,35.22,12.05,23.348666666666666,43.11836666666667,466
57,0.82,422.80722222222226,73.48,-66.84,35.58,12.074000000000002,23.337466666666664,43.05765,466
58,0.82,401.2308333333333,76.94,-65.8,35.62,12.097999999999999,23.331866666666667,43.00211666666666,466
59,0.82,491.9325,77.63,-68.4,34.52,12.027999999999999,23.312800000000006,43.16116666666667,466
60,0.82,451.26555555555564,77.8,-66.73,35.07,12.078,23.32306666666667,43.06726666666667,466
61,0.82,478.30361111111114,75.37,-66.15,35.16,12.058000000000002,23.300200000000004,43.15125,466
62,0.82,473.1272222222223,75.35,-66.75,35.11,12.064,23.37553333333333,43.1294,466
63,0.82,477.5380555555557,77.48,-66.94,34.76,12.034,23.30173333333333,43.11808333333334,466
64,0.82,449.1841666666667,77.23,-67.67,34.76,12.005999999999998,23.26860000000001,43.0367,466
65,0.82,477.47083333333336,78.07,-68.46,35.1,12.106,23.291533333333334,43.133783333333334,466
66,0.82,487.8091666666668,78.41,-66.28,35.11,12.066,23.35560000000001,43.170033333333336,466
67,0.82,492.47638888888883,71.24,-67.15,34.97,12.06,23.37193333333333,43.18275000000001,466
68,0.82,502.2594444444445,77.34,-68.56,34.6,12.06,23.325733333333336,43.1598,466
69,0.82,485.18305555555565,74.5,-66.45,34.92,12.084000000000001,23.2986,43.15938333333334,466
70,0.82,511.76333333333326,73.95,-66.9,34.55,12.047999999999998,23.31073333333334,43.18950000000001,466
71,0.82,505.6188888888889,74.02,-66.25,34.54,12.072000000000001,23.242866666666664,43.15881666666667,466
72,0.82,492.0747222222223,75.56,-66.04,35.28,12.076,23.33533333333333,43.10255,466
73,0.82,455.85416666666674,78.28,-66.54,34.98,12.036,23.2894,43.0241,466
74,0.82,494.17722222222227,75.71,-68.0,34.76,12.088,23.391466666666666,43.15341666666667,466
75,0.82,488.9394444444445,80.25,-67.06,34.82,12.06,23.30893333333333,43.10461666666667,466
76,0.82,495.3141666666667,78.73,-66.51,34.84,12.04,23.29006666666667,43.13563333333333,466
77,0.82,497.2519444444445,78.63,-66.35,34.71,12.041999999999998,23.303466666666665,43.12450000000001,466
78,0.82,488.7466666666667,81.2,-65.94,34.78,12.015999999999998,23.28833333333333,43.0972,466
79,0.82,487.2741666666666,78.9,-66.06,34.85,12.05,23.297066666666666,43.11678333333334,466
80,0.82,279.2877777777778,80.34,-66.47,34.81,11.34,23.32986666666667,10.6856,466
81,0.82,626.7930555555557,87.04,-72.97,34.65,12.02,23.32866666666667,43.39413333333334,466
82,0.82,526.9483333333334,78.81,-69.38,35.37,12.072000000000001,23.3696,43.17643333333334,466
83,0.82,513.8050000000002,79.65,-67.45,34.35,12.075999999999999,23.2906,43.16246666666667,466
84,0.82,504.86805555555566,78.73,-65.89,34.71,12.044,23.30540000000001,43.12515000000001,466
85,0.82,539.0705555555555,79.52,-66.25,34.89,12.041999999999998,23.322466666666664,43.17970000000001,466
86,0.82,532.5702777777777,78.93,-66.7,34.55,12.08,23.33686666666667,43.19656666666666,466
87,0.82,535.0777777777778,79.12,-67.62,35.26,12.038,23.2938,43.20398333333333,466
88,0.82,502.1102777777778,78.73,-66.21,34.59,12.044,23.349666666666675,43.12564999999999,466
89,0.82,496.0747222222222,79.44,-66.89,34.79,12.072000000000001,23.27066666666667,43.09875000000001,466
90,0.82,536.0702777777777,78.21,-67.37,34.69,12.138000000000002,23.341866666666668,43.27255000000002,466
91,0.82,509.0544444444443,78.92,-66.11,34.87,12.038,23.37546666666667,43.1683,466
92,0.82,506.8269444444445,81.5,-66.42,34.8,12.036,23.39013333333333,43.14641666666667,466
93,0.82,519.5566666666668,83.38,-66.2,34.95,12.07,23.322,43.17375000000001,466
94,0.82,512.911111111111,82.23,-66.62,35.07,11.852,23.344800000000006,33.808733333333336,466
95,0.82,288.12833333333333,83.88,-69.6,32.41,12.454,23.07346666666667,8.869333333333334,466
96,0.82,595.6336111111111,132.57,-74.52,38.43,12.056,23.01686666666667,43.67388333333334,466
97,0.82,285.52111111111117,82.01,-65.69,32.32,12.306,23.07366666666667,9.500266666666667,466
98,0.82,557.0025,210.46,-71.5,40.82,12.784,23.100933333333334,45.97931666666666,466
99,0.82,563.3208333333333,79.51,-70.19,32.13,12.1,23.113466666666664,43.30815000000001,466
100,0.82,543.4547222222222,198.73,-69.02,41.87,12.06,25.30286666666667,43.2345,466
101,0.82,454.53888888888895,82.3,-68.03,32.54,12.124,23.121800000000004,18.662000000000006,466
102,0.82,45.14666666666667,190.63,-68.73,42.58,6.424,24.3712,2.1828333333333334,466
103,0.82,900.641388888889,154.96,-74.75,41.3,11.696,23.27653333333333,35.41079999999999,466
104,0.82,303.6905555555556,76.83,-66.02,33.53,11.962,23.12406666666667,42.81791666666667,466
105,0.62,361.3525,74.31,-60.22,32.67,12.084000000000001,17.087533333333333,48.908483333333336,466
106,0.82,428.21000000000015,75.63,-67.31,32.48,12.054,23.10946666666667,43.00335000000001,466
107,0.82,468.9572222222223,74.79,-67.29,32.09,12.046,23.08613333333333,43.12396666666667,466
108,0.82,462.39138888888886,77.6,-66.23,32.63,12.046,23.14873333333334,43.11905000000001,466
109,0.82,471.9966666666666,75.22,-66.48,32.43,12.053999999999998,23.11066666666667,43.11175,466
110,0.82,479.4811111111112,78.39,-67.06,32.57,12.044,23.185533333333336,43.1011,466
111,0.82,494.2936111111112,79.21,-66.89,32.9,12.06,23.1904,43.11791666666666,466
112,0.82,472.1808333333335,75.35,-66.27,31.92,12.058,23.089533333333332,43.07101666666668,466
113,0.82,455.0197222222222,77.59,-67.57,32.49,12.012,23.1806,43.08575,466
114,0.82,377.5075,79.62,-69.23,32.39,11.504000000000001,23.17846666666667,16.070083333333336,466
115,0.82,524.3191666666668,94.41,-67.1,33.32,12.134,23.3934,43.20399999999999,466
116,0.82,423.47222222222234,70.96,-65.58,32.38,11.488,23.0972,42.33320000000001,466
117,0.82,34.15888888888889,70.01,-64.46,33.37,10.366,23.153533333333336,2.738733333333333,466
118,0.82,40.16972222222223,64.07,-70.87,33.73,8.877999999999998,23.216866666666668,2.3892,466
119,0.82,39.08277777777778,72.72,-64.33,34.3,11.078,23.00086666666667,2.6505333333333336,466
120,0.82,44.15027777777779,76.55,-71.21,33.9,8.092,23.071800000000003,2.36735,466
121,0.82,164.93,97.69,-67.86,33.63,11.611999999999998,22.9822,8.713733333333334,466
122,0.82,489.30500000000006,106.58,-62.41,34.25,11.652000000000001,23.23326666666667,31.51511666666667,466
123,0.82,376.6961111111111,85.16,-66.13,32.71,11.712,23.1356,19.841266666666666,466
124,0.82,540.8638888888887,88.82,-65.71,32.95,12.078,23.17766666666667,43.19875,466
125,0.82,476.0838888888889,81.87,-67.86,32.59,11.934,23.15673333333333,43.12068333333333,466
126,0.82,483.9827777777778,88.35,-66.18,32.43,12.088,23.22086666666667,43.17595,466
127,0.82,479.5316666666668,86.36,-62.63,33.43,12.036,23.33953333333334,43.17268333333334,466
128,0.82,505.7241666666667,86.62,-63.0,33.21,12.082,23.314933333333336,43.21963333333333,466
129,0.82,520.4525000000001,85.84,-65.37,33.58,12.058,23.3374,43.23391666666666,466
130,0.82,508.8297222222223,85.96,-63.22,33.09,11.866,23.35586666666667,43.17321666666668,466
131,0.82,526.4325,86.62,-65.74,33.48,12.034,23.37653333333333,43.22655000000001,466
132,0.82,538.0175,86.0,-66.7,33.33,12.082,23.3274,43.26573333333333,466
133,0.82,489.435,84.37,-65.88,33.57,11.954,23.38106666666667,43.17016666666666,466
134,0.82,539.9325,84.56,-66.5,32.81,12.064,23.33926666666667,43.27208333333334,466
135,0.82,421.4672222222223,82.82,-67.73,33.16,11.562,23.31106666666667,16.658250000000002,466
136,0.82,663.5222222222221,96.81,-69.35,33.35,12.05,23.274,43.48911666666668,466
137,0.82,562.48,82.33,-64.89,32.48,12.032,23.321466666666666,43.27886666666666,466
138,0.82,564.0413888888891,82.51,-64.97,33.03,11.996,23.387400000000003,43.27321666666668,466
139,0.82,564.6419444444443,81.57,-66.12,32.43,12.122,23.3014,43.31996666666666,466
140,0.82,578.0872222222222,81.78,-66.88,32.23,12.074000000000002,23.26353333333333,43.40015000000001,466
141,0.82,462.77222222222224,83.61,-65.31,32.36,11.73,23.3448,29.37973333333333,466
142,0.82,472.53527777777776,92.59,-71.07,33.29,11.812,23.19353333333333,40.27121666666667,466
143,0.82,515.6375,87.57,-64.19,33.22,11.898,23.368800000000004,40.796933333333335,466
144,0.82,495.5775,87.1,-65.03,33.71,11.696,23.376800000000006,30.231483333333333,466
145,0.82,524.7072222222222,91.48,-65.87,33.28,11.906,23.31453333333333,43.28575000000001,466
146,0.82,667.9425,85.91,-66.26,32.62,12.068,23.33106666666667,43.50773333333333,466
147,0.82,464.8744444444445,83.67,-67.17,33.05,11.831999999999995,23.32386666666667,34.190000000000005,466
148,0.82,564.113888888889,87.43,-68.75,33.08,12.09,23.315200000000004,43.36155000000001,466
149,0.82,501.6177777777778,83.41,-71.06,32.45,11.764000000000001,23.314133333333334,38.66866666666667,466
150,0.82,572.8730555555553,87.88,-66.41,33.16,12.1,23.32566666666668,43.31866666666667,466
151,0.82,513.7194444444443,83.47,-65.63,32.51,12.015999999999998,23.281999999999996,43.21931666666667,466
152,0.82,548.1427777777778,84.77,-66.33,32.73,12.017999999999999,23.31726666666667,43.2874,466
153,0.82,552.7633333333333,83.76,-65.93,32.54,12.03,23.311200000000003,43.28868333333333,466
154,0.82,547.4344444444445,84.07,-66.27,32.56,12.07,23.261800000000004,43.27645000000001,466
155,0.82,572.3091666666667,83.67,-72.48,32.92,12.023999999999996,23.204933333333337,43.29235,466
156,0.82,623.0469444444445,83.47,-71.87,32.4,12.041999999999998,23.096999999999998,43.36421666666666,466
157,0.82,563.1238888888888,82.97,-70.13,32.34,12.156000000000002,23.09780000000001,43.28761666666668,466
158,0.82,595.7155555555557,81.76,-68.95,32.38,12.088,23.12113333333333,43.3179,466
159,0.82,552.7811111111113,82.56,-67.76,32.33,12.095999999999998,23.15013333333333,43.25356666666668,466
160,0.82,552.8297222222222,81.61,-67.87,32.57,12.072000000000001,23.16306666666667,43.21770000000001,466
161,0.82,547.3622222222223,82.29,-69.86,32.03,12.026000000000002,23.14046666666667,43.21526666666667,466
162,0.82,549.9255555555555,84.24,-67.3,32.85,11.998,23.156400000000005,43.25398333333334,466
163,0.82,555.0947222222222,83.28,-67.16,33.16,12.046,23.22626666666667,43.25306666666667,466
164,0.82,555.1850000000002,81.61,-69.21,32.52,12.05,23.1508,43.23856666666667,466
165,0.82,564.7408333333333,83.3,-70.0,32.7,12.038,23.19446666666667,43.26013333333334,466
166,0.82,544.1013888888889,82.82,-68.38,32.7,12.01,23.0988,43.22288333333333,466
167,0.82,548.8619444444447,83.96,-68.75,32.19,12.053999999999998,23.131933333333336,43.22866666666667,466
168,0.82,575.6200000000001,82.26,-67.54,32.41,12.051999999999998,23.167933333333334,43.23388333333334,466
169,0.82,559.9852777777778,80.94,-66.88,32.25,12.058000000000002,23.15326666666667,43.23528333333334,466
170,0.82,496.6983333333334,80.39,-68.25,32.48,11.99,23.1638,43.16135,466
171,0.82,874.476388888889,82.06,-71.74,32.5,12.074000000000002,23.14246666666667,43.88731666666668,466
172,0.82,223.5777777777777,72.66,-60.59,31.42,11.888000000000002,23.1066,27.21486666666667,466
173,0.82,616.7727777777781,85.25,-70.0,32.6,12.022,23.1508,43.37618333333333,466
174,0.82,539.5419444444445,82.18,-66.24,32.45,11.801999999999998,23.13953333333333,43.21933333333333,466
175,0.82,772.408888888889,85.87,-67.58,32.81,11.694,23.18113333333333,38.05166666666668,466
176,0.82,483.9222222222223,88.68,-63.34,32.83,12.188,23.2246,43.03421666666666,466
177,0.82,454.2175,77.89,-82.82,31.86,12.45,23.064333333333334,21.226916666666668,466
178,0.82,502.6505555555556,83.01,-64.73,32.53,11.657999999999998,23.25086666666667,28.67578333333333,466
179,0.82,540.843888888889,89.61,-66.9,32.97,12.088,23.194666666666667,43.21331666666667,466
180,0.82,584.6927777777778,80.02,-67.95,31.97,12.057999999999998,23.180200000000006,43.26470000000001,466
181,0.82,205.3636111111111,82.45,-66.67,32.01,12.419999999999998,23.1138,5.7827166666666665,466
182,0.82,713.8358333333333,105.87,-75.99,34.98,12.062,23.007,43.56208333333334,466
183,0.82,503.6102777777778,80.87,-60.01,32.08,11.794,23.15193333333333,42.61676666666668,466
184,0.82,657.9733333333335,107.77,-72.79,33.98,12.074000000000002,23.122400000000006,43.43831666666667,466
185,0.82,517.3313888888889,81.65,-72.3,32.1,11.866,23.1332,37.87758333333334,466
186,0.82,491.89888888888885,85.5,-66.09,32.92,11.847999999999999,23.21653333333333,31.80266666666667,466
187,0.82,636.6147222222221,85.3,-68.91,32.71,12.052,23.182533333333332,43.40833333333334,466
188,0.82,540.7977777777778,81.08,-66.75,32.38,11.942,23.19213333333333,43.17111666666667,466
189,0.82,574.3222222222222,83.36,-66.98,32.26,12.018,23.15213333333333,43.251050000000006,466
190,0.82,518.1047222222222,80.19,-67.45,31.87,11.848000000000004,23.0914,34.50276666666667,466
191,0.82,581.4733333333332,83.3,-67.22,32.31,12.032,23.115866666666665,43.27100000000001,466
192,0.82,554.5416666666665,80.42,-66.69,32.15,11.98,23.1274,43.20621666666667,466
193,0.82,536.8850000000001,81.86,-68.9,32.52,11.958000000000002,23.126266666666666,43.18776666666668,466
194,0.82,795.2641666666667,83.57,-67.87,32.96,12.168,23.11693333333334,43.66731666666666,466
195,0.82,373.36666666666673,62.82,-78.23,31.33,11.781999999999998,23.058000000000003,21.81145,466
196,0.82,271.3222222222223,82.67,-61.36,32.31,11.812,23.182666666666673,20.846400000000006,466
197,0.82,542.7119444444445,86.27,-67.41,32.89,11.944,23.10873333333333,43.19155,466
198,0.82,633.5174999999998,79.68,-69.55,31.77,11.877999999999998,23.06706666666667,43.35648333333334,466
199,0.82,452.22250000000014,81.14,-64.2,32.41,12.085999999999999,23.14953333333333,43.02595,466
200,0.82,581.2455555555556,77.22,-65.98,32.01,12.086,23.1388,43.27723333333334,466
201,0.82,595.9425,81.36,-66.29,32.08,12.014000000000001,23.121200000000005,43.27271666666667,466
202,0.82,577.8805555555557,81.47,-65.47,32.0,11.973999999999998,23.10446666666667,43.24813333333333,466
203,0.82,542.2383333333332,80.5,-73.35,32.31,12.023999999999996,23.172066666666666,43.23996666666667,466
204,0.82,517.1194444444443,80.65,-66.27,32.21,12.02,23.152066666666666,43.17426666666668,466
205,0.82,564.1541666666667,79.67,-69.01,31.88,12.095999999999998,23.10773333333333,43.23385,466
206,0.82,544.5119444444447,79.45,-66.42,31.95,12.044,23.1488,43.20766666666667,466
207,0.82,565.9486111111112,80.45,-66.1,32.46,12.046,23.18926666666667,43.25738333333333,466
208,0.82,571.9891666666667,79.91,-67.33,31.85,12.088,23.1348,43.2541,466
209,0.82,591.5808333333333,82.67,-66.8,32.48,11.958,23.160733333333337,43.27813333333334,466
210,0.82,539.0755555555556,82.53,-67.73,32.67,12.017999999999995,23.169000000000004,43.17773333333334,466
211,0.82,525.6833333333333,83.86,-72.64,32.45,11.77,23.16946666666667,27.1184,466
212,0.82,605.231388888889,88.86,-66.52,32.82,12.06,23.21726666666667,43.32578333333333,466
213,0.82,568.8194444444447,82.61,-66.8,32.22,12.034,23.11786666666667,43.23765,466
214,0.82,548.4925000000002,83.11,-67.16,32.31,12.074000000000002,23.136800000000004,43.27456666666667,466
215,0.82,745.6875,81.5,-67.74,32.09,12.023999999999996,23.10666666666667,43.54456666666667,466
216,0.82,498.0538888888889,79.85,-66.03,31.84,12.066,23.1126,43.115,466
217,0.82,571.0952777777778,80.41,-66.83,32.12,12.076,23.142000000000003,43.2703,466
218,0.82,574.4747222222226,80.91,-67.03,32.16,12.036,23.16413333333334,43.25041666666666,466
219,0.82,554.3416666666667,81.36,-67.14,31.83,12.027999999999999,23.12313333333333,43.21105000000001,466
220,0.82,589.2975000000001,80.49,-66.4,31.95,12.094000000000001,23.126600000000003,43.28086666666667,466
221,0.82,534.4208333333335,79.75,-66.62,31.67,12.015999999999998,23.113000000000003,43.17471666666667,466
222,0.82,741.2561111111113,82.6,-66.91,31.93,12.234000000000002,23.1176,43.57561666666668,466
223,0.82,367.41638888888883,63.64,-74.25,31.28,11.745999999999999,23.039666666666676,30.44891666666667,466
224,0.82,457.01638888888886,85.49,-63.41,32.44,12.047999999999998,23.15673333333334,43.04551666666667,466
225,0.82,579.1452777777778,81.87,-66.45,32.63,12.047999999999998,23.150133333333336,43.26961666666666,466
226,0.82,672.5066666666668,81.48,-67.42,32.07,11.85,23.14073333333333,37.8858,466
227,0.82,448.61805555555566,84.34,-64.84,32.58,11.978,23.170800000000003,43.00803333333334,466
228,0.82,590.805,84.85,-68.43,32.77,12.044,23.15473333333333,43.29521666666667,466
229,0.82,568.0269444444443,82.66,-66.91,32.46,12.058000000000002,23.12213333333333,43.24430000000001,466
230,0.82,562.7011111111112,83.32,-66.76,32.34,12.11,23.1426,43.27491666666667,466
231,0.82,552.1361111111112,81.52,-68.99,32.28,12.088,23.16060000000001,43.26893333333334,466
232,0.82,768.6116666666667,79.85,-67.5,31.98,12.053999999999998,23.1246,43.58316666666667,466
233,0.82,373.1563888888888,79.8,-65.15,31.8,11.56,23.12226666666667,18.381083333333333,466
234,0.82,713.8497222222221,86.74,-76.57,33.04,11.992,23.251600000000003,43.60896666666667,466
235,0.82,551.6908333333333,81.84,-65.74,31.92,11.785999999999998,23.11726666666667,32.61023333333334,466
236,0.82,557.8086111111112,83.93,-64.67,32.64,12.055999999999996,23.149733333333334,43.20473333333334,466
237,0.82,582.4950000000001,80.4,-66.98,32.13,11.83,23.10393333333333,43.22430000000002,466
238,0.82,536.6513888888892,84.59,-66.23,32.82,12.027999999999999,23.177200000000006,43.19743333333333,466
239,0.82,555.0030555555555,80.26,-66.77,32.18,11.89,23.11,43.21073333333334,466
240,0.82,584.6041666666666,82.81,-66.65,32.78,11.96,23.18873333333334,43.26280000000001,466
241,0.82,475.33333333333337,82.33,-67.15,32.55,11.856,23.15386666666667,28.91753333333333,466
242,0.82,580.8008333333335,87.42,-70.84,32.62,11.95,23.1556,43.32601666666668,466
243,0.82,585.9413888888888,82.48,-67.45,32.78,12.011999999999995,23.16193333333333,43.28385,466
244,0.82,545.4605555555555,83.41,-66.35,32.54,12.066,23.13526666666667,43.23311666666668,466
245,0.82,582.0197222222224,82.71,-66.93,32.72,12.07,23.152000000000005,43.27205,466
246,0.82,607.5591666666667,82.91,-66.46,32.51,12.082,23.15026666666667,43.32423333333334,466
247,0.82,561.3650000000001,81.76,-66.93,32.14,12.06,23.113333333333333,43.23300000000001,466
248,0.82,577.9599999999998,81.51,-66.84,32.21,11.994000000000002,23.126666666666665,43.24975000000001,466
249,0.82,550.7777777777778,80.14,-67.04,32.03,12.063999999999998,23.12586666666667,43.20648333333334,466
250,0.82,532.8897222222224,81.56,-66.19,31.91,12.075999999999999,23.11133333333333,43.18850000000001,466
251,0.82,561.6080555555558,81.2,-67.35,32.0,12.052,23.13253333333334,43.17715,466
252,0.82,509.40250000000015,81.74,-66.63,32.48,12.765999999999998,23.16333333333333,45.79993333333334,466
253,0.82,591.5411111111111,79.32,-66.58,32.18,12.063999999999998,23.133333333333336,43.29721666666668,466
254,0.82,555.7733333333333,80.97,-66.29,31.88,12.078,23.143066666666666,43.227166666666676,466
255,0.82,560.9430555555557,79.98,-66.49,32.05,12.054,23.167333333333332,43.237350000000006,466
256,0.82,476.67916666666673,79.48,-67.19,32.74,11.62,23.23893333333334,21.48085,466
257,0.82,613.9030555555556,87.14,-67.91,32.6,12.075999999999995,23.13506666666667,43.34748333333334,466
258,0.82,563.9580555555557,79.6,-67.46,31.97,12.066,23.151200000000006,43.23903333333334,466
259,0.82,576.9247222222222,81.69,-67.38,32.07,12.066,23.15346666666667,43.2615,466
260,0.82,585.3352777777781,80.98,-68.49,32.18,12.07,23.15146666666667,43.26565000000001,466
261,0.82,573.5786111111112,81.17,-66.57,31.96,12.05,23.12766666666667,43.24610000000001,466
262,0.82,585.9783333333334,80.18,-66.36,31.87,12.06,23.12906666666667,43.27396666666667,466
263,0.82,556.315,80.79,-66.6,32.14,11.786,23.14106666666667,42.72383333333333,466
264,0.82,588.8169444444444,84.21,-67.25,32.73,12.042,23.188133333333337,43.28338333333335,466
265,0.82,382.01638888888886,81.72,-66.41,31.86,11.536,23.15493333333334,16.033683333333332,466
266,0.82,652.3244444444447,87.69,-69.97,32.6,12.035999999999998,23.17146666666667,43.43638333333334,466
267,0.82,501.15138888888885,82.55,-67.1,32.04,12.122,23.158000000000005,43.11995,466
268,0.82,584.4180555555556,79.51,-67.34,31.83,11.89,23.106933333333334,43.27991666666666,466
269,0.82,696.301388888889,83.36,-69.01,32.2,11.73,23.15626666666667,36.28338333333333,466
270,0.82,457.25416666666666,83.67,-63.3,32.79,12.05,23.232333333333337,43.00798333333334,466
271,0.82,544.1775,78.9,-68.0,31.74,12.066,23.1576,43.22275,466
272,0.82,477.1116666666668,79.78,-66.55,32.28,12.155999999999999,23.15226666666667,43.16291666666667,466
273,0.82,589.7608333333334,77.64,-69.28,31.78,12.044,23.094866666666668,43.28783333333333,466
274,0.82,556.3130555555557,79.75,-66.78,31.86,11.99,23.1386,43.22326666666667,466
275,0.82,565.4755555555554,81.79,-66.3,31.99,12.09,23.1578,43.24963333333334,466
276,0.82,561.9519444444445,80.53,-68.02,31.99,11.996,23.136266666666664,43.23856666666668,466
277,0.82,596.0880555555557,84.43,-66.61,32.43,12.094000000000001,23.161200000000004,43.31130000000001,466
278,0.82,579.3555555555555,81.62,-67.05,32.24,12.095999999999998,23.162399999999995,43.25955000000002,466
279,0.82,585.2422222222219,80.4,-67.51,32.24,12.046,23.17426666666667,43.28553333333334,466
280,0.82,559.9711111111111,80.37,-66.6,32.26,12.066,23.17653333333333,43.23328333333334,466
281,0.82,567.0333333333333,80.72,-64.99,32.15,12.028,23.147866666666665,43.22961666666666,466
282,0.82,566.5375000000003,80.73,-66.28,32.31,12.042,23.17506666666667,43.25288333333334,466
283,0.82,569.1397222222222,81.48,-66.46,32.19,12.044,23.145133333333334,43.2374,466
284,0.82,556.4419444444446,80.32,-64.28,32.61,12.072,23.15553333333333,43.21623333333334,466
285,0.82,547.6613888888892,80.39,-65.44,32.45,12.065999999999999,23.147866666666665,43.2155,466
286,0.82,546.7111111111112,79.14,-66.84,32.15,12.056,23.15306666666667,43.20726666666666,466
287,0.82,545.6474999999998,81.17,-67.04,32.9,12.085999999999999,23.19446666666667,43.20301666666667,466
288,0.82,571.5180555555559,78.72,-66.26,32.13,12.024000000000001,23.18513333333333,43.23773333333335,466
289,0.82,568.72,80.21,-66.58,32.02,12.058000000000002,23.143,43.23848333333334,466
290,0.82,565.0363888888893,80.26,-67.1,32.04,12.042,23.180933333333336,43.22716666666666,466
291,0.82,578.6555555555555,80.47,-66.96,32.12,12.034,23.160466666666668,43.26108333333333,466
292,0.82,580.7522222222223,80.95,-66.99,32.49,12.068,23.182666666666666,43.25518333333334,466
293,0.82,572.7705555555557,80.56,-66.74,32.25,12.075999999999999,23.16526666666667,43.24910000000001,466
294,0.82,562.1883333333333,79.98,-66.34,32.08,12.061999999999998,23.1476,43.23546666666667,466
295,0.82,560.4777777777779,79.98,-66.93,32.47,12.098,23.17326666666667,43.23363333333333,466
296,0.82,563.8861111111112,80.43,-66.72,32.2,12.078,23.16266666666667,43.236,466
297,0.82,558.3872222222224,80.06,-67.09,32.53,12.062000000000001,23.16086666666667,43.22528333333333,466
298,0.82,563.406388888889,80.09,-66.46,32.28,12.05,23.178600000000007,43.237066666666664,466
299,0.82,562.0352777777779,79.78,-66.25,32.07,12.044,23.14746666666667,43.23743333333334,466
300,0.82,563.6919444444444,80.85,-66.67,32.27,12.068,23.1494,43.24610000000001,466
301,0.82,552.1733333333333,80.55,-67.0,32.5,12.04,23.181800000000006,43.21981666666667,466
1,0.82,395.17111111111114,41.06,-21.48,34.16,17.827999999999996,21.92553333333333,38.79453333333333,432
2,0.82,46.73,41.43,-22.54,32.74,17.570000000000004,21.43453333333333,4.075333333333334,432
3,0.82,468.3025,43.36,-73.67,35.22,16.336000000000002,24.910533333333333,25.81343333333334,432
4,0.82,393.57,46.0,-32.04,31.14,17.704,20.260666666666673,38.85780000000001,432
5,0.82,413.6611111111112,44.02,-33.73,32.64,17.744,22.1522,38.87586666666667,432
6,0.82,393.73666666666657,41.56,-33.88,32.97,17.645999999999994,22.157,38.78653333333333,432
7,0.82,388.88888888888886,42.91,-34.91,32.98,17.772000000000002,22.39453333333334,38.80033333333333,432
8,0.82,432.3755555555555,41.95,-34.19,32.98,17.824,22.324800000000003,38.95466666666668,432
9,0.82,384.88888888888886,42.22,-27.75,33.58,17.722,22.0686,38.792600000000014,432
10,0.82,415.1411111111112,41.33,-27.48,33.9,17.729999999999997,22.1782,38.84433333333335,432
11,0.82,389.3066666666666,43.43,-25.11,33.28,17.746,21.84706666666667,38.76493333333333,432
12,0.82,402.98000000000013,41.36,-25.37,32.98,17.805999999999997,21.855466666666665,38.823733333333344,432
13,0.82,398.62888888888887,41.75,-23.23,33.06,17.824,21.50533333333333,38.77726666666668,432
14,0.82,406.28888888888895,41.47,-24.63,33.22,17.79,21.765,38.808933333333336,432
15,0.82,382.9955555555557,41.23,-19.14,33.06,17.88,21.243533333333332,38.73666666666667,432
16,0.82,380.1444444444445,41.21,-27.01,33.32,17.846,21.95366666666667,38.75926666666667,432
17,0.82,431.5277777777779,41.31,-25.25,33.78,17.782,21.90533333333333,38.9024,432
18,0.82,383.1777777777778,41.47,-19.36,33.56,17.689999999999994,21.438866666666666,38.77046666666667,432
19,0.82,406.63888888888886,41.68,-21.59,33.31,17.828,21.5528,38.80353333333333,432
20,0.82,397.53222222222223,41.95,-17.28,33.09,17.851999999999997,21.048533333333328,38.76753333333333,432
21,0.82,394.04555555555567,41.28,-17.07,32.92,17.78,21.181733333333334,38.79966666666667,432
22,0.62,397.3511111111112,47.39,-26.69,36.42,17.839999999999996,17.705000000000005,42.406733333333335,432
23,0.62,42.78777777777777,48.15,-27.93,37.01,17.35,17.914866666666672,5.833666666666668,432
24,0.62,713.1211111111113,53.96,-88.84,40.18,16.195999999999998,21.357666666666667,40.100133333333346,432
25,0.62,402.03222222222223,63.18,-31.45,40.69,17.689999999999994,19.139666666666667,42.39840000000001,432
26,0.62,441.69888888888903,57.26,-35.04,38.58,17.723999999999997,18.799733333333336,42.448333333333345,432
27,0.62,391.55666666666673,58.58,-28.91,37.69,17.75,18.3864,42.381533333333344,432
28,0.62,421.4844444444445,56.51,-30.07,38.08,17.742,18.370533333333334,42.4336,432
29,0.62,544.7055555555556,56.46,-44.8,36.95,13.651999999999996,17.915133333333333,33.09153333333333,432
30,0.62,441.3844444444445,58.64,-27.83,35.19,13.712,16.349533333333333,32.80826666666667,432
31,0.62,395.55666666666673,57.27,-22.86,34.61,13.695999999999998,15.906733333333333,32.717,432
32,0.62,410.1855555555557,56.26,-22.96,34.37,13.706,15.915533333333332,32.72206666666667,432
33,0.62,410.1911111111111,57.15,-22.74,34.16,13.722000000000001,15.748333333333333,32.75086666666667,432
34,0.62,33.41333333333334,54.75,-20.57,34.01,13.274,15.637666666666664,4.7478500000000015,432
35,0.62,698.3,56.46,-80.7,33.15,12.11,17.817933333333333,30.48493333333333,432
36,0.62,424.35333333333335,62.56,-26.04,36.39,13.588,16.517133333333334,32.7644,432
37,0.62,421.4733333333333,56.92,-26.99,34.56,13.668,16.019333333333336,32.76593333333334,432
38,0.62,413.9377777777778,57.91,-23.56,34.14,13.612,15.79786666666667,32.7364,432
39,0.62,37.537222222222226,56.01,-21.43,34.47,13.284,15.879266666666668,3.685033333333333,432
40,0.62,678.0344444444447,57.98,-77.74,32.07,12.14,17.3598,30.42886666666667,432
41,0.62,59.797777777777775,62.3,-28.15,35.94,13.37,16.528933333333335,5.371033333333334,432
42,0.62,705.6066666666666,58.02,-84.81,33.9,12.13,18.097133333333336,30.5314,432
43,0.62,436.13555555555564,65.66,-29.66,36.15,13.662,16.645933333333335,32.717333333333336,432
44,0.62,433.0244444444445,56.85,-27.66,33.96,13.72,15.9424,32.7016,432
45,0.62,418.7744444444445,56.25,-24.39,34.39,13.654000000000002,15.861666666666668,32.71086666666667,432
46,0.62,401.71666666666664,56.59,-22.41,34.39,13.57,15.920933333333332,32.662333333333336,432
47,0.62,39.69805555555556,55.56,-25.81,34.6,13.301999999999998,15.8646,3.690333333333333,432
48,0.62,686.7333333333335,56.16,-78.26,32.55,12.145999999999999,17.564600000000002,30.44733333333333,432
49,0.62,416.68888888888887,62.63,-25.27,35.68,13.578,16.219133333333335,32.71706666666667,432
50,0.62,386.97222222222223,57.09,-27.52,33.98,13.735999999999999,15.906533333333336,32.65133333333333,432
51,0.62,410.4577777777778,56.1,-30.67,33.84,13.688,15.928666666666668,32.65920000000001,432
52,0.62,415.1488888888889,56.77,-28.68,33.91,13.55,15.96826666666667,32.71246666666667,432
53,0.62,410.71777777777777,55.99,-24.71,33.84,13.668,15.74666666666667,32.687866666666665,432
54,0.62,29.762222222222228,55.6,-22.91,34.35,13.669999999999998,15.771933333333333,5.609333333333334,432
55,0.62,705.9711111111113,57.39,-77.78,34.24,12.19,18.23413333333333,30.506733333333337,432
56,0.62,401.85666666666674,61.09,-26.48,35.94,13.698000000000002,16.346533333333333,32.728,432
57,0.62,423.0444444444445,57.98,-30.03,35.85,13.598,16.454533333333334,32.7274,432
58,0.62,393.4977777777778,58.39,-33.85,34.93,13.594000000000001,16.308933333333336,32.61173333333333,432
59,0.62,421.1022222222224,56.43,-36.02,35.17,13.688,16.494266666666668,32.68633333333334,432
60,0.62,390.0244444444443,57.65,-33.25,35.99,13.668,16.72126666666667,32.66213333333334,432
61,0.62,424.0022222222223,57.65,-32.21,35.1,13.632,16.330666666666666,32.705,432
62,0.62,397.9066666666666,56.76,-28.58,35.03,13.622,16.333333333333332,32.72186666666667,432
63,0.62,404.8088888888889,56.91,-31.64,35.55,13.63,16.388666666666666,32.68113333333334,432
64,0.62,410.29444444444437,56.5,-29.81,35.43,13.714000000000002,16.331733333333332,32.69166666666666,432
65,0.62,54.49333333333334,57.75,-30.18,35.11,13.342000000000002,16.366733333333332,4.562266666666668,432
66,0.62,679.5844444444447,58.92,-82.05,34.39,12.11,18.355,30.4796,432
67,0.62,413.01333333333326,63.91,-33.29,38.31,13.604000000000005,17.179333333333336,32.65753333333333,432
68,0.62,425.1555555555555,57.78,-34.0,35.52,13.64,16.647000000000002,32.7032,432
69,0.62,427.77,57.65,-30.72,34.36,13.663999999999998,16.029000000000003,32.693200000000004,432
70,0.62,407.53,56.33,-27.19,34.32,13.538,15.993933333333334,32.6388,432
71,0.62,405.34111111111116,58.38,-29.25,33.4,13.638,15.75966666666667,32.71786666666667,432
72,0.62,405.34111111111116,56.85,-27.45,33.61,13.734000000000002,15.694533333333332,32.71653333333334,432
73,0.62,56.91666666666667,56.04,-30.63,34.31,13.318,16.07646666666667,4.5764000000000005,432
74,0.62,652.1933333333334,56.86,-80.88,33.07,11.98,17.789066666666667,30.42106666666667,432
75,0.62,428.5177777777777,62.56,-36.81,35.85,13.595999999999998,16.881533333333334,32.79166666666667,432
76,0.62,423.5877777777777,59.03,-33.88,33.68,13.736,16.154333333333334,32.696133333333336,432
77,0.62,414.22222222222223,57.23,-29.98,33.69,13.760000000000002,15.897933333333333,32.67813333333333,432
78,0.62,407.14,56.91,-27.79,33.74,13.66,15.940533333333335,32.83160000000001,432
79,0.62,416.4,55.36,-28.51,33.49,13.654000000000002,15.73526666666667,32.73853333333333,432
80,0.62,412.9288888888889,56.57,-26.18,33.6,13.64,15.755400000000002,32.74213333333334,432
81,0.62,406.6266666666667,56.83,-26.58,35.74,13.685999999999998,16.249000000000002,32.74266666666667,432
82,0.62,392.0477777777778,56.57,-24.4,33.61,13.74,15.642466666666667,32.66213333333334,432
83,0.62,409.75888888888886,56.59,-27.84,33.84,13.618,15.848866666666664,32.75013333333334,432
84,0.62,43.63444444444447,56.73,-28.19,33.35,13.374,15.638000000000005,3.9937333333333336,432
85,0.62,667.877777777778,58.97,-78.5,32.74,12.274000000000001,17.693533333333335,30.44746666666667,432
86,0.62,430.15222222222224,62.02,-32.16,36.34,13.714,16.761200000000002,32.769133333333336,432
87,0.62,421.84333333333336,58.87,-30.99,34.09,13.735999999999999,16.00926666666667,32.74853333333333,432
88,0.62,412.0066666666667,55.77,-27.54,34.07,13.576,15.96926666666667,32.739666666666665,432
89,0.62,46.95777777777778,56.2,-27.66,34.06,13.444,15.819733333333335,4.544733333333333,432
90,0.62,665.5100000000001,56.58,-78.57,33.24,12.3,17.963066666666666,30.457600000000006,432
91,0.62,443.87111111111113,62.18,-35.23,34.86,13.660000000000002,16.505066666666664,32.7832,432
92,0.62,421.61444444444436,57.74,-33.52,34.24,13.722000000000001,16.135,32.756466666666675,432
93,0.62,420.3277777777777,57.76,-31.17,33.69,13.76,15.995400000000002,32.724000000000004,432
94,0.62,390.96222222222224,56.28,-25.44,33.24,13.654000000000002,15.701666666666664,32.82860000000001,432
95,0.62,373.4666666666666,55.99,-31.04,33.07,13.618,15.683466666666668,32.64453333333333,432
96,0.62,374.00111111111113,56.72,-38.12,33.34,13.672,16.28206666666667,32.641133333333336,432
97,0.62,428.8522222222222,59.56,-52.85,41.86,12.204,20.614533333333334,29.80993333333333,432
98,0.22,419.1177777777778,60.68,-121.74,45.0,12.05,6.2312,34.84866666666667,432
99,0.22,73.81972222222224,51.84,-115.75,44.84,12.704,5.831333333333334,3.1784833333333338,432
100,0.28,274.5733333333333,54.53,-110.96,45.05,11.796,8.014266666666668,20.680066666666665,432
101,0.24,84.05472222222221,52.03,-113.97,44.77,12.578,6.375216666666668,3.4692000000000003,432
102,0.24,88.30361111111114,52.97,-115.84,45.02,11.668,6.410616666666668,3.4162,432
103,0.24,87.77361111111112,52.58,-116.96,44.95,11.392000000000001,6.2919,3.3846,432
104,0.24,89.08055555555555,53.52,-118.02,45.02,11.378,6.2415166666666675,3.385416666666667,432
105,0.26,67.85333333333334,53.02,-121.85,44.94,11.718,7.050666666666666,2.7046,432
106,0.26,66.95111111111115,54.05,-121.72,45.07,11.474,7.2148,2.6906,432
107,0.26,87.14638888888891,52.94,-112.97,45.03,12.066,6.9792000000000005,3.4484000000000004,432
108,0.3,80.44472222222224,52.85,-108.3,45.09,12.989999999999998,8.824,3.36885,432
109,0.3,81.53972222222222,52.76,-108.57,45.01,12.664000000000001,9.0092,3.3479833333333335,432
110,0.62,5.334722222222223,53.01,-18.73,37.06,11.086,17.48746666666667,2.3692500000000005,432
111,0.62,340.3666666666668,50.76,-29.9,30.76,13.704,14.756733333333333,32.5942,432
112,0.62,32.73583333333333,53.82,-25.41,35.91,13.252,16.249533333333332,3.1611833333333337,432
113,0.62,660.5488888888889,56.29,-78.88,32.15,12.106,17.3796,30.412533333333336,432
114,0.62,406.1566666666668,62.35,-32.51,36.0,13.632,16.781533333333332,32.77946666666667,432
115,0.62,417.72555555555573,57.57,-30.44,34.49,13.726,16.281133333333337,32.78013333333333,432
116,0.62,395.09111111111116,56.76,-30.26,34.55,13.71,16.063200000000002,32.71606666666667,432
117,0.62,402.08333333333326,55.93,-32.24,34.9,13.628,16.40226666666667,32.66893333333333,432
118,0.62,373.30555555555566,56.14,-34.02,33.82,13.669999999999998,16.100133333333336,32.616200000000006,432
119,0.62,422.8966666666667,57.28,-38.35,33.98,13.61,16.380066666666668,32.775600000000004,432
120,0.62,387.5577777777778,57.89,-34.09,34.31,13.746,16.333133333333336,32.7096,432
121,0.62,438.7211111111112,58.73,-37.98,33.93,13.73,16.330533333333335,32.84053333333333,432
122,0.62,408.43111111111125,57.86,-34.18,33.86,13.618,16.096399999999996,32.741,432
123,0.62,408.05999999999983,57.26,-34.0,33.84,13.624,16.1548,32.751266666666666,432
124,0.62,420.2577777777778,56.24,-33.47,34.4,13.704,16.329866666666664,32.77693333333333,432
125,0.62,375.90888888888895,57.06,-33.71,34.11,13.714,16.0886,32.64566666666666,432
126,0.62,416.2944444444445,56.25,-35.66,33.09,13.63,15.958600000000002,32.74586666666667,432
127,0.62,395.0166666666667,58.28,-33.09,34.27,13.726,16.130333333333333,32.7244,432
128,0.62,427.1688888888888,56.57,-33.96,33.23,13.657999999999998,15.8494,32.77933333333334,432
129,0.62,406.8633333333333,56.43,-30.84,34.07,13.580000000000002,16.057666666666666,32.78006666666667,432
130,0.62,388.6788888888889,56.05,-30.95,34.11,13.782,15.993933333333334,32.82926666666667,432
131,0.62,402.35666666666674,57.07,-33.08,33.8,13.776,16.102733333333337,32.741600000000005,432
132,0.62,418.89555555555563,57.56,-35.41,33.77,13.566,16.1316,32.803733333333334,432
133,0.62,413.5311111111112,57.29,-34.41,33.63,13.682,15.945266666666667,32.82019999999999,432
134,0.62,397.68888888888887,55.71,-30.82,33.13,13.712,15.734333333333336,32.71613333333334,432
135,0.62,379.59111111111116,56.24,-31.3,33.43,13.527999999999999,15.8416,32.64026666666667,432
136,0.62,415.46111111111117,56.88,-34.21,33.53,13.73,16.08246666666667,32.779333333333334,432
137,0.62,405.46222222222224,56.39,-32.8,33.77,13.707999999999998,16.006133333333334,32.77686666666666,432
138,0.62,405.37,58.12,-33.41,33.94,13.652,16.126866666666672,32.77953333333333,432
139,0.62,51.185555555555545,56.99,-32.65,34.27,13.438,16.052333333333333,5.661533333333333,432
140,0.62,671.0366666666667,57.07,-82.73,34.83,12.314,18.63093333333333,30.50546666666667,432
141,0.62,431.46777777777777,62.66,-34.61,35.59,13.758,16.698333333333338,32.836800000000004,432
142,0.62,404.11,57.13,-36.0,34.94,13.6,16.357866666666673,32.73806666666667,432
143,0.62,418.3288888888889,57.73,-37.53,34.35,13.669999999999998,16.508533333333332,32.772800000000004,432
144,0.62,399.09777777777776,57.34,-35.47,34.52,13.642000000000001,16.373866666666665,32.72606666666667,432
145,0.62,421.1922222222222,56.69,-39.1,34.65,13.69,16.378333333333334,32.7586,432
146,0.62,385.30000000000007,57.46,-34.46,33.82,13.708000000000002,16.07666666666667,32.665533333333336,432
147,0.62,434.2677777777778,56.74,-33.58,33.74,13.612,16.05266666666667,32.79093333333333,432
148,0.62,420.2111111111112,56.54,-34.7,33.85,13.696000000000002,16.01033333333333,32.736266666666666,432
149,0.62,385.37555555555565,58.23,-28.34,33.73,13.707999999999998,15.755533333333334,32.715666666666664,432
150,0.62,400.1322222222223,55.91,-29.36,33.35,13.59,15.800266666666667,32.750466666666675,432
151,0.62,404.19888888888903,56.79,-30.07,33.68,13.75,15.905533333333334,32.70773333333333,432
152,0.62,415.01555555555575,55.82,-32.26,33.51,13.696000000000002,15.8588,32.7576,432
153,0.62,391.65888888888895,57.1,-30.28,33.35,13.594000000000001,15.797333333333338,32.7094,432
154,0.62,392.0122222222223,57.68,-33.79,33.94,13.708000000000002,16.19046666666667,32.7458,432
155,0.62,402.1033333333333,56.4,-36.08,34.27,13.632,16.279933333333332,32.7476,432
156,0.62,411.98444444444436,58.45,-34.11,34.53,13.688,16.34146666666667,32.78426666666667,432
157,0.62,402.86333333333334,55.84,-32.97,34.58,13.698,16.274399999999996,32.772200000000005,432
158,0.62,415.4955555555555,58.18,-32.52,34.61,13.612,16.244200000000006,32.80133333333333,432
159,0.62,413.7866666666666,57.47,-28.93,34.25,13.75,15.99446666666667,32.78126666666667,432
160,0.62,44.471111111111114,56.38,-25.7,34.24,13.342000000000002,15.914666666666669,3.992,432
161,0.62,693.76,58.72,-80.68,33.39,12.1,17.849400000000006,30.5026,432
162,0.62,412.7844444444445,63.74,-29.39,35.25,13.758,16.304533333333335,32.79033333333333,432
163,0.62,59.124444444444435,57.06,-31.17,33.91,13.364,16.027933333333333,4.584933333333334,432
164,0.62,699.9077777777778,58.0,-84.22,33.71,12.122,17.999866666666673,30.548400000000004,432
165,0.62,414.72777777777776,64.19,-32.24,35.11,13.746,16.396333333333335,32.769000000000005,432
166,0.62,413.58888888888885,57.94,-31.53,33.59,13.663999999999998,16.038533333333334,32.76373333333333,432
167,0.62,418.5311111111112,56.53,-34.15,33.18,13.660000000000002,15.833933333333334,32.775133333333336,432
168,0.62,402.69777777777773,56.41,-27.69,33.29,13.748,15.794733333333333,32.71560000000001,432
169,0.62,57.104444444444454,56.55,-32.32,34.11,13.344000000000001,16.108866666666668,4.5944666666666665,432
170,0.62,684.2800000000002,58.06,-83.6,33.57,12.148,17.928733333333334,30.50273333333333,432
171,0.62,413.05444444444464,64.31,-35.44,35.99,13.704,16.723,32.75566666666667,432
172,0.62,431.6233333333333,56.4,-34.54,34.44,13.580000000000002,16.339399999999998,32.81473333333333,432
173,0.62,408.6477777777778,57.19,-33.61,35.16,13.69,16.361066666666666,32.7012,432
174,0.62,407.7444444444445,56.21,-30.88,34.19,13.664,16.049933333333332,32.7314,432
175,0.62,404.87222222222226,57.0,-31.87,34.16,13.628,16.203866666666666,32.73266666666667,432
176,0.62,388.7222222222223,56.67,-31.5,34.77,13.688,16.3284,32.72786666666667,432
177,0.62,426.14333333333326,56.21,-32.31,34.44,13.662,16.124333333333333,32.7734,432
178,0.62,416.33555555555563,57.35,-29.89,34.44,13.638,16.198533333333334,32.81873333333334,432
179,0.62,50.241111111111096,56.99,-29.2,34.08,13.424,16.132733333333334,4.5625333333333336,432
180,0.62,655.977777777778,57.9,-80.47,33.64,12.134,17.998400000000004,30.44193333333333,432
181,0.62,441.2533333333333,64.97,-36.61,36.74,13.754,17.2192,32.85073333333334,432
182,0.62,403.7411111111112,56.54,-31.3,34.01,13.655999999999999,16.1916,32.75926666666667,432
183,0.62,392.5511111111112,57.07,-35.38,33.72,13.636,16.162600000000005,32.772133333333336,432
184,0.62,427.4911111111112,58.67,-33.14,33.44,13.644,16.14133333333334,32.785000000000004,432
185,0.62,403.79,56.76,-29.99,33.27,13.65,15.952133333333332,32.6874,432
186,0.62,388.3222222222223,56.51,-31.66,33.35,13.614,15.897333333333332,32.66386666666667,432
187,0.62,416.1866666666667,56.9,-31.44,33.26,13.726,16.0464,32.75453333333334,432
188,0.62,428.17555555555566,57.19,-29.68,33.74,13.66,16.045666666666666,32.77526666666667,432
189,0.62,390.4222222222222,55.92,-28.06,34.07,13.648,15.893866666666666,32.72613333333334,432
190,0.62,50.69444444444446,57.6,-28.93,33.85,13.332,15.924600000000002,5.055866666666668,432
191,0.62,647.6833333333333,57.44,-81.36,33.81,13.712,17.872666666666667,33.55173333333334,432
192,0.62,442.93666666666667,60.68,-35.55,35.28,13.674,16.716866666666668,32.84593333333333,432
193,0.62,419.79000000000013,59.6,-29.95,34.1,13.626,16.21066666666667,32.77413333333334,432
194,0.62,417.71444444444455,57.61,-30.35,33.28,13.674,15.916533333333335,32.75773333333333,432
195,0.62,403.78777777777776,56.6,-29.28,33.11,13.710000000000004,15.673466666666664,32.711333333333336,432
196,0.62,404.29444444444437,56.95,-28.53,33.35,13.592000000000002,15.8472,32.7028,432
197,0.62,390.13000000000005,56.82,-28.62,33.27,13.734000000000002,15.817466666666668,32.7264,432
198,0.62,419.2622222222223,56.43,-30.79,33.35,13.636,15.8372,32.72893333333334,432
199,0.62,398.4555555555555,56.49,-28.05,33.6,13.73,15.833266666666667,32.71333333333334,432
200,0.62,409.0733333333334,56.3,-27.16,33.59,13.685999999999998,15.873200000000002,32.757400000000004,432
201,0.62,392.1344444444445,56.27,-28.64,33.36,13.628000000000005,15.785333333333336,32.74893333333333,432
202,0.62,400.4433333333334,56.32,-29.96,33.02,13.760000000000002,15.732666666666672,32.74373333333334,432
203,0.62,378.97333333333336,56.38,-32.96,33.66,13.674,15.981266666666668,32.62673333333333,432
204,0.62,434.32111111111124,56.45,-38.16,32.78,13.618,15.908400000000006,32.78126666666667,432
205,0.62,53.279722222222226,56.86,-29.78,33.3,13.392000000000001,15.845066666666664,5.374133333333334,432
206,0.62,656.5911111111112,59.4,-80.32,34.24,12.245999999999999,18.170466666666673,30.44993333333333,432
207,0.62,432.8611111111112,62.71,-41.93,35.54,13.598000000000004,16.7864,32.806,432
208,0.62,415.0111111111111,57.48,-35.74,34.07,13.674,16.470133333333333,32.736266666666666,432
209,0.62,411.47333333333336,58.32,-34.42,32.59,13.648,15.995,32.77746666666667,432
210,0.62,408.5255555555556,56.66,-35.06,34.17,13.698,16.37886666666667,32.766133333333336,432
211,0.62,416.02888888888896,57.35,-33.86,33.52,13.628,16.025266666666667,32.73326666666667,432
212,0.62,414.34777777777776,56.76,-31.85,33.18,13.734000000000002,15.944666666666668,32.757000000000005,432
213,0.62,407.15333333333336,57.03,-30.9,34.23,13.639999999999995,16.096466666666668,32.7852,432
214,0.62,386.68111111111125,56.4,-28.77,33.53,13.664,15.862933333333334,32.73966666666667,432
215,0.62,390.26333333333326,56.73,-33.69,33.59,13.63,15.937999999999999,32.75353333333333,432
216,0.62,403.9777777777779,57.36,-31.91,33.52,13.765999999999998,15.999800000000002,32.749266666666664,432
217,0.62,403.0211111111112,56.3,-33.27,33.76,13.598000000000004,16.04733333333333,32.74673333333333,432
218,0.62,392.5744444444445,56.8,-31.06,34.11,13.718,16.2394,32.78146666666667,432
219,0.62,405.98666666666674,56.28,-35.16,33.76,13.588,16.078333333333333,32.764,432
220,0.62,419.2000000000001,57.58,-33.66,33.28,13.722000000000001,16.091933333333333,32.780800000000006,432
221,0.62,396.0411111111112,57.71,-30.64,33.28,13.584000000000001,15.83106666666666,32.77033333333333,432
222,0.92,390.89861111111117,33.18,-18.41,28.21,13.720000000000002,20.063033333333333,28.63013333333334,432
223,0.92,372.6405555555555,32.82,-18.71,27.54,13.7,19.77208333333333,28.64246666666667,432
224,0.92,398.21250000000015,34.87,-21.08,28.04,13.706,20.16688333333333,28.703766666666667,432
225,0.92,408.73555555555566,36.67,-20.38,28.11,13.677999999999999,20.11935,28.725150000000006,432
226,0.92,388.5894444444443,37.18,-18.3,28.45,13.675999999999998,19.96171666666667,28.646700000000006,432
227,0.92,387.88138888888886,36.75,-22.57,27.63,13.735999999999999,19.764066666666672,28.659966666666666,432
228,0.92,397.663888888889,37.21,-21.32,28.13,13.566,20.356883333333336,28.67121666666667,432
229,0.62,401.14111111111123,47.41,-33.55,32.63,13.665999999999999,15.6838,32.802800000000005,432
230,0.62,417.69555555555564,48.49,-34.05,32.48,13.65,15.647533333333335,32.796600000000005,432
231,0.62,401.29888888888894,53.36,-31.35,33.85,13.714000000000002,16.018400000000003,32.757000000000005,432
232,0.62,394.6444444444445,56.05,-29.82,33.59,13.624,15.983933333333335,32.76573333333334,432
233,0.62,396.2533333333334,56.59,-32.09,33.81,13.645999999999999,16.0502,32.74986666666666,432
234,0.62,426.6188888888889,57.17,-33.95,33.06,13.616,15.857133333333335,32.813,432
235,0.62,423.4722222222223,57.08,-29.48,33.44,13.644,15.854399999999998,32.82713333333333,432
236,0.62,385.8677777777778,56.98,-27.58,34.86,13.566,16.053933333333333,32.720533333333336,432
237,0.62,396.1911111111111,56.57,-34.05,33.89,13.695999999999998,16.167533333333335,32.79173333333334,432
238,0.62,394.38888888888886,56.54,-32.67,34.01,13.648,16.021,32.766600000000004,432
239,0.62,415.0722222222223,56.67,-32.23,33.43,13.748,15.9604,32.79573333333333,432
240,0.62,393.16888888888894,57.14,-28.84,33.61,13.669999999999998,15.888133333333332,32.781466666666674,432
241,0.62,408.28333333333336,57.1,-30.94,33.59,13.644,15.90086666666667,32.78953333333333,432
242,0.62,384.5955555555557,55.53,-27.98,32.76,13.736,15.627066666666668,32.72440000000001,432
243,0.62,405.50111111111124,55.83,-31.1,33.69,13.684,16.108666666666668,32.821600000000004,432
244,0.62,408.1877777777778,57.16,-29.86,33.28,13.677999999999999,15.896333333333333,32.74673333333333,432
245,0.62,376.70333333333326,58.0,-34.16,33.35,13.616000000000005,15.886466666666665,32.742733333333334,432
246,0.62,402.54666666666674,56.55,-35.59,33.19,13.722000000000001,16.089600000000004,32.82253333333333,432
247,0.62,414.94000000000017,57.05,-34.15,33.34,13.602,16.106333333333332,32.769066666666674,432
248,0.62,405.70555555555563,57.86,-34.03,33.76,13.728000000000005,16.161600000000004,32.82006666666666,432
249,0.62,425.21333333333337,56.42,-31.53,33.66,13.688,15.943666666666665,32.83673333333333,432
250,0.62,374.93,57.06,-26.8,34.02,13.745999999999999,15.9222,32.681200000000004,432
251,0.62,404.488888888889,55.99,-31.71,33.01,13.556,15.845066666666664,32.78873333333333,432
252,0.62,393.30222222222227,57.42,-31.69,33.16,13.695999999999998,15.845399999999998,32.75553333333334,432
253,0.62,411.3466666666667,55.87,-32.06,33.16,13.676000000000002,15.777866666666664,32.78306666666668,432
254,0.62,398.14555555555563,56.81,-29.37,33.44,13.74,15.892666666666665,32.82633333333334,432
255,0.62,414.28222222222223,56.54,-29.84,33.31,13.642,15.891466666666668,32.796733333333336,432
256,0.62,407.4122222222222,56.51,-31.44,33.18,13.74,15.788800000000005,32.7986,432
257,0.62,389.05111111111114,56.56,-29.13,33.49,13.668,15.724466666666668,32.705600000000004,432
258,0.62,57.088888888888896,56.24,-30.13,32.81,13.36,15.65906666666667,5.6462,432
259,0.62,677.3588888888888,57.29,-82.15,34.33,12.126,18.383666666666674,30.49246666666667,432
260,0.62,442.4111111111112,62.91,-34.52,34.54,13.688,16.2714,32.8698,432
261,0.62,404.4666666666668,57.61,-32.17,33.77,13.716000000000005,15.9814,32.81633333333333,432
262,0.62,414.15,56.58,-30.86,33.31,13.582,15.771533333333334,32.84653333333333,432
263,0.62,393.0544444444445,56.59,-29.28,33.32,13.682,15.6794,32.77393333333333,432
264,0.62,402.0066666666668,56.66,-28.76,32.94,13.677999999999999,15.6096,32.804,432
265,0.62,405.6244444444445,56.37,-27.87,33.07,13.651999999999996,15.6744,32.830666666666666,432
266,0.62,411.16,56.34,-27.45,33.07,13.786,15.674066666666667,32.84213333333334,432
267,0.62,381.1844444444445,55.97,-27.71,33.6,13.626,15.683333333333335,32.693066666666674,432
268,0.62,415.29555555555567,57.13,-32.74,32.77,13.69,15.790333333333335,32.7762,432
269,0.62,404.29000000000013,56.72,-28.91,33.52,13.664,15.747266666666668,32.81773333333334,432
270,0.62,385.7777777777779,56.44,-29.19,33.1,13.684,15.654533333333335,32.77053333333333,432
271,0.62,404.6433333333334,55.3,-28.99,33.27,13.71,15.786333333333333,32.80340000000001,432
272,0.62,53.734444444444456,57.15,-27.89,33.15,13.432,15.690133333333332,5.102533333333334,432
273,0.62,692.4488888888887,58.02,-81.49,33.82,12.144,18.1274,30.52606666666667,432
274,0.62,412.1944444444445,63.6,-31.86,34.94,13.722000000000001,16.27113333333333,32.80526666666666,432
275,0.62,406.3944444444445,57.03,-30.07,33.22,13.586,15.824533333333333,32.775133333333336,432
276,0.62,408.2922222222222,57.33,-31.85,33.27,13.666000000000002,15.8262,32.784000000000006,432
277,0.62,383.621111111111,57.57,-30.99,32.9,13.692000000000002,15.653733333333335,32.800266666666666,432
278,0.62,436.44333333333327,57.53,-32.81,33.35,13.698,15.994600000000002,32.8678,432
279,0.62,54.134444444444455,55.88,-28.49,34.01,13.320000000000002,15.8352,4.301266666666667,432
280,0.62,666.3411111111112,58.14,-83.78,32.65,12.249999999999998,17.5286,30.45926666666667,432
281,0.62,425.4444444444445,61.72,-37.22,34.58,13.716,16.5152,32.87440000000001,432
282,0.62,424.17666666666673,58.22,-35.08,33.82,13.660000000000002,16.262266666666665,32.84406666666667,432
283,0.62,409.51888888888885,58.05,-32.0,33.24,13.665999999999999,15.868533333333335,32.79533333333334,432
284,0.62,420.4888888888889,56.72,-34.23,33.33,13.735999999999999,15.831,32.821999999999996,432
285,0.62,387.6644444444445,56.24,-30.01,33.87,13.704000000000002,15.897733333333335,32.766200000000005,432
286,0.62,405.2022222222223,57.74,-31.65,33.19,13.627999999999995,15.865000000000002,32.80093333333333,432
287,0.62,410.1266666666667,56.91,-30.71,33.02,13.777999999999999,15.764733333333336,32.81393333333334,432
288,0.62,404.7677777777778,57.34,-32.41,33.36,13.688,15.738266666666664,32.82353333333334,432
289,0.62,402.25666666666666,57.48,-29.47,33.27,13.802,15.7392,32.82426666666667,432
290,0.62,403.67666666666673,57.19,-29.35,33.18,13.655999999999999,15.70566666666667,32.812200000000004,432
291,0.62,397.6477777777778,58.44,-28.96,33.43,13.695999999999998,15.70946666666667,32.839600000000004,432
292,0.62,400.59111111111116,56.61,-28.27,33.19,13.675999999999998,15.593333333333332,32.79306666666667,432
293,0.62,406.74111111111114,55.82,-27.75,33.57,13.704,15.75886666666667,32.80206666666667,432
294,0.62,393.9722222222223,56.85,-26.0,33.44,13.706,15.59446666666667,32.7766,432
295,0.62,397.71,55.93,-29.73,33.76,13.7,15.831466666666666,32.79413333333333,432
296,0.62,411.7544444444445,56.27,-31.77,33.68,13.724,15.81166666666667,32.8888,432
297,0.62,46.11305555555556,56.85,-26.39,33.68,13.382,15.861000000000002,4.8163,432
298,0.62,672.4977777777779,58.93,-83.04,34.25,12.19,18.3646,30.50553333333333,432
299,0.62,418.0244444444445,62.19,-34.38,35.24,13.836000000000002,16.6158,32.861200000000004,432
300,0.62,436.9877777777778,57.1,-34.18,34.41,13.578,16.398799999999998,32.93233333333333,432
1,1.02,573.5577777777778,60.51,-46.43,17.47,5.8839999999999995,15.567333333333336,13.333533333333332,942
2,1.02,521.9733333333334,59.77,-57.47,17.54,6.138,15.632933333333336,13.217466666666667,942
3,1.02,494.5033333333334,59.04,-51.85,17.38,6.072,15.5776,13.107533333333334,942
4,1.02,518.6322222222223,55.47,-47.0,17.41,5.77,15.5706,13.149666666666667,942
5,1.02,530.708888888889,50.98,-52.68,17.5,6.011999999999999,15.578600000000002,13.2256,942
6,1.02,524.4544444444443,55.83,-46.63,17.38,5.676,15.552733333333334,13.202066666666665,942
7,1.02,526.9755555555556,58.7,-44.43,17.37,5.942,15.555866666666667,13.2064,942
8,1.02,556.4511111111111,57.04,-46.84,17.38,5.806,15.564866666666667,13.251133333333335,942
9,1.02,553.5833333333334,60.1,-52.97,17.5,5.992000000000001,15.606066666666667,13.310066666666668,942
10,1.02,590.2311111111111,56.6,-50.84,17.47,5.8980000000000015,15.574866666666667,13.396666666666668,942
11,1.02,536.09,60.28,-54.88,17.58,5.8980000000000015,15.626066666666668,13.2108,942
12,1.02,505.0266666666668,59.71,-54.04,17.55,5.893999999999999,15.627933333333333,13.127066666666668,942
13,1.02,499.4355555555555,57.0,-49.48,17.37,5.944000000000001,15.580200000000005,13.155266666666668,942
14,1.02,515.8755555555556,51.03,-45.9,17.36,6.044,15.5548,13.161200000000004,942
15,1.02,521.5255555555557,55.0,-49.06,17.44,5.6560000000000015,15.559733333333336,13.194133333333335,942
16,1.02,512.0677777777778,55.7,-57.62,17.48,5.504,15.591266666666668,12.8812,942
17,1.02,533.1077777777778,55.14,-56.8,17.54,5.537999999999999,15.596866666666667,13.242066666666664,942
18,1.02,531.8816666666668,55.48,-57.67,17.78,5.417999999999999,15.652333333333335,13.09085,942
19,1.02,576.3588888888888,63.44,-53.45,17.58,5.864,15.569066666666664,13.353533333333333,942
20,1.02,626.5533333333333,58.41,-50.93,17.67,6.016,15.6196,13.495866666666668,942
21,1.02,531.9433333333333,53.54,-41.46,17.38,6.074,15.556533333333332,13.198,942
22,1.02,502.56000000000006,53.79,-43.57,17.46,6.025999999999999,15.5746,13.109866666666667,942
23,1.02,540.4355555555555,54.62,-52.53,17.46,5.8519999999999985,15.604400000000002,13.257466666666668,942
24,1.02,519.3561111111111,60.75,-53.76,17.57,5.4060000000000015,15.60293333333333,12.829533333333336,942
25,1.02,505.15222222222224,57.46,-51.74,17.51,5.4060000000000015,15.586333333333334,12.9666,942
26,1.02,568.2722222222222,55.08,-60.07,17.74,5.658,15.673866666666667,13.321466666666668,942
27,1.02,499.97222222222234,56.36,-55.18,17.48,6.0120000000000005,15.584533333333335,13.118266666666667,942
28,1.02,526.2277777777778,59.51,-46.36,17.42,5.846,15.559533333333334,13.154733333333334,942
29,1.02,564.2711111111112,62.42,-58.53,17.61,6.0200000000000005,15.623866666666665,13.363933333333335,942
30,1.02,553.0855555555556,61.48,-48.9,17.5,5.7040000000000015,15.575666666666667,13.240066666666666,942
31,1.02,536.1733333333334,55.63,-56.97,17.58,5.75,15.594066666666668,13.230866666666667,942
32,1.02,503.72,55.6,-46.15,17.36,6.106,15.5458,13.098533333333336,942
33,1.02,514.558888888889,51.45,-45.69,17.27,5.612,15.480266666666667,13.0942,942
34,1.02,549.1377777777781,58.34,-53.22,17.67,5.808,15.633933333333333,13.274,942
35,1.02,558.5066666666668,58.01,-55.24,17.69,5.8420000000000005,15.640533333333336,13.279533333333335,942
36,1.02,501.1866666666667,55.74,-46.98,17.47,6.04,15.5822,13.136266666666668,942
37,1.02,527.1344444444445,53.13,-49.28,17.58,5.824,15.607133333333335,13.173466666666668,942
38,1.02,516.3844444444444,50.56,-45.84,17.64,6.104,15.602533333333335,13.168533333333334,942
39,1.02,536.4133333333333,51.2,-43.35,17.47,5.996,15.577933333333334,13.228333333333332,942
40,1.02,528.7111111111111,51.32,-43.89,17.6,5.8900000000000015,15.608666666666668,13.176133333333334,942
41,1.02,518.3655555555556,60.11,-53.34,17.54,5.582000000000002,15.612666666666668,13.1522,942
42,1.02,468.9611111111112,50.14,-53.27,17.57,5.448,15.623200000000002,11.591666666666667,942
43,1.02,504.8222222222222,44.73,-53.98,17.48,5.888,15.6094,13.166733333333335,942
44,1.02,550.6322222222223,51.89,-52.21,17.55,5.94,15.584533333333335,13.3052,942
45,1.02,558.5833333333334,51.39,-45.01,17.45,5.728,15.573133333333335,13.218466666666668,942
46,1.02,534.0355555555557,56.53,-50.86,17.45,6.058,15.584266666666664,13.222133333333336,942
47,1.02,533.1866666666667,57.0,-55.38,17.64,5.74,15.637533333333336,13.231866666666667,942
48,1.02,520.1966666666667,55.69,-52.08,17.52,6.164,15.6016,13.224733333333335,942
49,1.02,465.75111111111124,53.06,-46.68,17.44,5.6979999999999995,15.555066666666667,13.017999999999999,942
50,1.02,517.3044444444445,61.76,-54.33,17.61,6.010000000000002,15.6368,13.218266666666667,942
51,1.02,520.1200000000001,49.69,-43.21,17.5,6.017999999999999,15.580466666666664,13.178533333333334,942
52,1.02,464.42111111111114,49.48,-41.97,17.41,5.965999999999998,15.577933333333334,12.996133333333335,942
53,1.02,503.81555555555565,49.63,-42.86,17.43,6.108,15.571333333333332,13.155133333333335,942
54,1.02,516.1211111111112,45.77,-40.9,17.41,6.068,15.583733333333335,13.176800000000002,942
55,1.02,547.0300000000002,44.01,-43.45,17.39,6.0360000000000005,15.598400000000002,13.296733333333336,942
56,1.02,452.17666666666673,49.75,-43.48,17.73,6.09,15.601200000000002,13.021266666666666,942
57,1.02,608.8588888888888,46.19,-49.6,17.64,6.104,15.5902,13.513,942
58,1.02,536.5644444444445,50.42,-42.12,17.52,6.127999999999999,15.572666666666667,13.299733333333334,942
59,1.02,529.9222222222222,45.79,-47.25,17.49,6.090000000000002,15.615266666666667,13.230066666666668,942
60,1.02,514.8766666666668,48.31,-42.59,17.45,6.540000000000001,15.5988,13.274466666666667,942
61,0.96,559.0491666666667,52.63,-64.3,18.13,5.928,14.676800000000002,14.431583333333334,942
62,1.02,646.1144444444446,56.45,-48.86,17.94,6.151999999999999,15.719733333333332,13.628799999999998,942
63,1.02,498.63888888888886,55.1,-40.7,17.62,6.49,15.589866666666667,13.220266666666667,942
64,1.02,559.2377777777779,46.95,-47.02,17.47,6.037999999999999,15.504866666666667,13.338333333333333,942
65,1.02,580.4000000000002,60.07,-51.7,17.65,6.2620000000000005,15.642133333333335,13.407733333333335,942
66,1.02,573.928888888889,53.87,-51.48,17.6,5.864,15.5916,13.3832,942
67,1.02,501.87888888888887,56.61,-43.0,17.6,5.757999999999999,15.584,13.140533333333336,942
68,1.02,457.43444444444435,60.0,-58.59,17.75,5.468,15.674533333333335,12.419466666666667,942
69,1.02,535.5544444444445,47.05,-52.86,17.41,5.712000000000001,15.5474,13.241266666666665,942
70,1.02,693.5666666666667,62.95,-58.12,17.58,6.066,15.621466666666667,13.793133333333335,942
71,1.02,509.48333333333335,57.51,-50.25,17.44,5.372000000000001,15.558600000000002,12.643733333333335,942
72,1.02,551.0677777777779,47.88,-56.59,17.48,6.096,15.581666666666667,13.351733333333335,942
73,1.02,582.1477777777778,56.88,-52.25,17.71,6.087999999999999,15.611466666666667,13.440066666666667,942
74,1.02,525.2499999999999,51.29,-44.36,17.4,5.9879999999999995,15.545466666666668,13.27586666666667,942
75,1.02,481.0344444444444,54.84,-43.01,17.44,5.818,15.540333333333333,13.050999999999998,942
76,1.02,640.998888888889,60.52,-54.9,17.78,5.984,15.606133333333334,13.571266666666668,942
77,1.02,554.3822222222223,59.56,-56.42,17.67,5.917999999999999,15.636666666666667,13.341866666666668,942
78,1.02,524.2522222222223,54.66,-48.31,17.48,6.168000000000001,15.5648,13.262866666666667,942
79,1.02,545.2177777777778,51.44,-52.72,17.47,5.862,15.517533333333333,13.256066666666667,942
80,1.02,463.6377777777778,57.56,-53.86,17.64,6.133999999999999,15.613666666666667,13.103533333333335,942
81,1.02,563.4622222222222,57.79,-50.07,17.51,6.039999999999999,15.591400000000002,13.372266666666668,942
82,1.02,537.3422222222222,53.12,-43.2,17.3,5.979999999999999,15.5438,13.2476,942
83,1.02,485.3944444444445,55.1,-48.92,17.37,5.8020000000000005,15.556666666666667,13.0954,942
84,1.02,490.67444444444453,60.61,-55.0,17.42,6.35,15.576800000000002,13.219733333333336,942
85,1.02,531.1311111111112,51.53,-49.93,17.43,5.763999999999999,15.6098,13.254666666666667,942
86,1.02,547.0133333333333,54.43,-54.4,17.46,6.0360000000000005,15.583266666666667,13.329933333333335,942
87,1.02,527.0022222222223,56.57,-46.87,17.51,6.068,15.576200000000002,13.228466666666668,942
88,1.02,503.46,55.31,-45.5,17.39,6.145999999999999,15.552333333333333,13.1694,942
89,1.02,531.9055555555557,55.44,-48.58,17.37,6.047999999999999,15.494466666666668,13.250733333333335,942
90,1.02,510.76555555555575,55.37,-46.6,17.32,5.854,15.550533333333336,13.151333333333335,942
91,1.02,497.80555555555566,56.39,-45.28,17.38,5.497999999999998,15.546333333333335,11.895733333333334,942
92,1.02,568.5766666666667,57.49,-58.53,17.54,6.128000000000001,15.591333333333335,13.3712,942
93,1.02,535.8211111111111,59.7,-46.54,17.4,6.1080000000000005,15.584533333333335,13.295066666666667,942
94,1.02,561.9733333333334,58.75,-55.66,17.55,6.064,15.662333333333335,13.337933333333336,942
95,1.02,597.07,59.83,-45.59,17.54,6.114,15.584333333333333,13.512333333333334,942
96,1.02,559.99,53.58,-46.35,17.41,5.814,15.527133333333335,13.3224,942
97,1.02,563.6266666666667,54.8,-45.63,17.52,5.880000000000001,15.5842,13.340533333333333,942
98,1.02,536.9400000000002,61.78,-57.69,17.64,5.992000000000001,15.6494,13.2724,942
99,1.02,551.1544444444444,55.65,-45.15,17.54,6.098,15.607800000000005,13.276666666666667,942
100,1.02,568.38,58.07,-53.0,17.52,5.886000000000001,15.59086666666667,13.3752,942
101,1.02,586.6977777777778,55.88,-51.56,17.5,5.48,15.601133333333333,13.1794,942
102,1.02,582.7188888888887,58.66,-57.44,17.72,6.004,15.669,13.468866666666667,942
103,1.02,567.8600000000001,53.15,-47.55,17.46,5.692,15.532133333333334,13.354666666666667,942
104,1.02,543.588888888889,57.15,-47.95,17.49,5.79,15.581533333333333,13.292933333333336,942
105,1.02,518.7769444444447,61.84,-58.25,17.55,5.49,15.6232,11.457333333333334,942
106,1.02,541.5955555555557,59.97,-57.76,17.57,5.8420000000000005,15.619133333333336,13.265333333333334,942
107,1.02,566.1822222222222,60.95,-55.07,17.6,6.108,15.6236,13.420066666666667,942
108,1.02,533.9811111111111,58.02,-48.33,17.41,5.982,15.54946666666667,13.250466666666668,942
109,1.02,502.5744444444445,56.22,-41.79,17.44,5.784000000000002,15.577133333333334,13.0776,942
110,1.02,502.6883333333333,57.54,-44.89,17.45,5.5379999999999985,15.560066666666668,12.048016666666665,942
111,1.02,548.8522222222223,56.02,-54.65,17.58,5.99,15.622533333333335,13.318600000000005,942
112,1.02,496.0777777777778,59.72,-40.54,17.46,5.416,15.57726666666667,13.007466666666666,942
113,0.94,720.4844444444444,61.08,-65.1,18.19,5.982,14.343733333333333,15.292066666666667,942
114,0.96,599.9825000000002,52.88,-61.85,17.84,6.002000000000002,14.650450000000005,14.528766666666666,942
115,1.02,747.3055555555555,51.95,-33.5,17.42,4.7780000000000005,15.561466666666668,11.9222,942
116,1.02,481.29333333333335,48.43,-45.6,17.44,6.007999999999999,15.5582,13.108733333333335,942
117,1.02,471.7922222222223,49.36,-51.84,17.51,5.903999999999999,15.630733333333335,13.088,942
118,1.02,523.4866666666667,53.34,-51.48,17.83,6.08,15.6354,13.2464,942
119,1.02,565.9177777777776,52.82,-43.2,17.62,6.064000000000001,15.661733333333334,13.4074,942
120,1.02,510.97888888888895,52.3,-42.05,17.46,5.986000000000001,15.572933333333333,13.203666666666667,942
121,1.02,540.6633333333334,52.79,-42.6,17.33,6.11,15.5398,13.240466666666668,942
122,1.02,596.9188888888889,54.17,-39.49,17.53,5.773999999999999,15.580933333333332,13.475999999999999,942
123,1.02,527.86,54.82,-36.9,17.38,6.2959999999999985,15.533866666666668,13.236666666666668,942
124,1.02,571.1844444444447,52.15,-43.16,17.49,6.044,15.582066666666668,13.381733333333333,942
125,1.02,537.08,52.68,-42.92,17.36,5.867999999999999,15.553933333333333,13.240066666666667,942
126,1.02,517.87,50.38,-41.99,17.34,5.986000000000001,15.51926666666667,13.189733333333335,942
127,1.02,565.7111111111111,56.55,-39.28,17.61,6.124,15.555600000000002,13.418333333333335,942
128,1.02,559.6344444444446,49.94,-41.55,17.39,5.896,15.5584,13.332000000000004,942
129,1.02,489.92333333333335,50.44,-44.41,17.37,5.997999999999999,15.551066666666667,13.118266666666667,942
130,1.02,492.9522222222222,52.91,-47.45,17.62,6.034000000000002,15.615133333333333,13.104133333333335,942
131,1.02,567.7588888888888,61.23,-58.44,17.61,5.997999999999999,15.615466666666668,13.358866666666668,942
132,1.02,523.8211111111111,59.69,-42.63,17.5,5.606,15.584266666666668,13.197066666666668,942
133,1.02,589.7577777777777,52.77,-55.21,17.56,6.202000000000001,15.625666666666667,13.482,942
134,1.02,537.3266666666667,53.99,-52.61,17.81,6.222,15.655333333333335,13.348,942
135,1.02,570.6511111111109,51.84,-43.46,17.65,6.032,15.601133333333333,13.362800000000002,942
136,1.02,560.1666666666667,51.78,-42.46,17.63,6.068,15.634466666666668,13.3316,942
137,1.02,582.3522222222222,51.21,-43.05,17.64,5.974,15.6206,13.398466666666668,942
138,1.02,536.3066666666667,55.63,-54.84,17.7,5.846,15.707733333333335,13.2434,942
139,1.02,560.13,49.48,-48.54,17.64,6.0120000000000005,15.620733333333336,13.390933333333333,942
140,1.02,479.785,50.1,-46.51,17.75,5.532,15.611533333333336,10.901683333333335,942
141,1.02,601.2488888888888,48.05,-53.67,17.53,5.0379999999999985,15.6496,11.512933333333333,942
142,1.02,559.9066666666669,51.01,-40.14,17.82,6.1480000000000015,15.58226666666667,13.3462,942
143,1.02,499.59888888888884,54.08,-48.09,17.55,5.5120000000000005,15.606600000000002,13.097666666666667,942
144,1.02,550.1844444444447,54.53,-51.29,17.5,5.72,15.5756,13.260533333333335,942
145,1.02,476.7466666666667,47.0,-40.55,18.15,5.9,15.7032,13.037933333333335,942
146,1.02,505.41666666666674,54.81,-42.49,17.71,6.174000000000001,15.587066666666667,13.1512,942
147,1.02,480.8988888888889,49.17,-42.67,17.48,5.8660000000000005,15.509933333333334,13.06586666666667,942
148,1.02,521.6644444444444,49.07,-46.64,17.62,6.117999999999999,15.661,13.2586,942
149,1.02,515.8333333333334,47.62,-41.99,17.87,4.968,15.6748,11.280533333333334,942
150,1.02,463.53888888888895,42.77,-47.53,17.47,5.812,15.553066666666664,13.0382,942
151,1.02,487.88138888888886,51.07,-49.14,17.35,4.654,15.537,9.390866666666668,942
152,1.02,557.5377777777778,55.4,-58.26,17.76,5.058,15.665866666666668,11.851266666666668,942
153,1.02,351.4,53.43,-45.15,17.65,4.3660000000000005,15.592933333333333,10.71,942
154,1.02,538.1288888888888,56.43,-56.05,17.46,6.0120000000000005,15.571666666666665,13.2616,942
155,1.02,508.0722222222223,48.59,-50.75,17.4,6.007999999999999,15.52546666666667,13.161,942
156,1.02,519.1077777777778,51.06,-49.31,17.53,5.916,15.627866666666668,13.209866666666667,942
157,1.02,435.7144444444445,48.97,-46.22,17.6,5.86,15.611133333333335,12.934133333333335,942
158,1.02,396.05,47.5,-46.21,17.44,6.3980000000000015,15.589133333333335,12.867200000000002,942
159,1.02,503.2266666666666,43.28,-48.01,17.34,5.946000000000001,15.531133333333335,13.183266666666665,942
160,1.02,547.8277777777779,51.92,-50.52,17.65,5.934,15.676133333333333,13.333333333333336,942
161,1.02,268.3466666666667,47.74,-45.67,17.33,5.372000000000001,15.533866666666665,5.7931333333333335,942
162,1.02,601.9511111111111,49.75,-49.05,17.47,6.174000000000001,15.5938,13.4902,942
163,1.02,404.60333333333335,49.41,-34.97,17.77,5.773999999999999,15.602866666666667,12.575533333333334,942
164,1.02,513.8622222222223,42.48,-47.84,17.33,6.186,15.550999999999998,13.140666666666668,942
165,1.02,384.01305555555564,50.7,-40.51,17.33,5.534,15.56766666666667,10.062583333333333,942
166,0.94,693.7711111111109,52.66,-62.1,17.83,6.1739999999999995,14.351133333333335,15.215133333333332,942
167,1.02,560.6866666666667,47.82,-46.66,17.73,6.372000000000001,15.644800000000002,13.3908,942
168,1.02,354.11444444444453,39.36,-34.84,17.56,5.922000000000001,15.550733333333335,12.723666666666665,942
169,1.02,326.9430555555556,47.48,-47.48,17.86,5.412000000000001,15.6758,9.430483333333337,942
170,0.98,738.2122222222223,51.77,-62.72,17.52,6.0459999999999985,14.910933333333332,14.677,942
171,1.02,529.9822222222223,49.7,-40.2,17.44,5.797999999999999,15.572533333333332,13.22226666666667,942
172,1.02,13.779444444444444,48.86,-27.1,17.32,3.236,15.549266666666668,1.1440333333333337,942
173,0.42,658.2277777777779,74.92,-59.21,17.59,5.345999999999999,5.3359999999999985,22.223900000000004,942
174,0.94,592.9411111111111,65.08,-54.34,18.01,5.604,14.345333333333334,14.316933333333335,942
175,0.94,366.1899999999998,53.13,-60.27,18.01,5.590000000000002,14.348466666666665,6.989800000000002,942
176,0.46,532.6316666666668,67.06,-69.51,20.01,5.3740000000000006,6.045866666666668,17.806433333333334,942
177,0.78,370.94,72.28,-77.75,20.56,5.314,11.555333333333332,9.163266666666667,942
178,1.02,138.16138888888892,62.69,-49.3,19.9,5.7120000000000015,16.357733333333336,2.1875666666666667,942
179,0.42,644.4516666666668,76.11,-39.09,19.54,4.263999999999999,5.381866666666667,20.518966666666667,942
180,1.02,493.2311111111112,74.99,-62.88,18.29,6.004,15.677,7.258599999999999,942
181,0.48,1175.59,81.31,-100.3,22.29,4.4239999999999995,6.32075,22.77333333333333,942
182,1.02,121.25222222222223,54.14,-38.19,18.96,5.722,15.6172,7.812133333333333,942
183,1.02,320.18000000000006,46.14,-44.03,17.4,4.918,15.59366666666667,10.9214,942
184,1.02,386.7666666666667,42.49,-44.27,17.52,5.981999999999998,15.603933333333336,12.817666666666668,942
185,1.02,405.7777777777779,48.64,-44.1,17.65,6.018000000000002,15.647866666666667,12.882666666666667,942
186,1.02,400.5044444444445,45.4,-45.34,17.58,5.24,15.641866666666665,11.0704,942
187,1.02,449.8811111111111,40.81,-45.04,17.44,5.1320000000000014,15.597133333333336,11.083466666666668,942
188,1.02,272.3444444444445,42.55,-40.43,17.55,4.614,15.58146666666667,7.606266666666667,942
189,1.02,557.0677777777778,46.59,-50.0,17.54,5.9220000000000015,15.6534,13.327533333333335,942
190,1.02,309.9305555555557,45.24,-45.15,17.44,5.42,15.623466666666667,7.329716666666667,942
191,1.02,558.9522222222222,47.87,-51.64,17.7,5.074,15.6544,11.4002,942
192,1.02,385.24,41.91,-45.04,17.39,6.068,15.581666666666667,12.783533333333335,942
193,1.02,286.5288888888889,45.73,-40.06,17.6,6.33,15.53546666666667,12.5896,942
194,1.02,449.2866666666667,41.24,-48.5,17.42,6.1,15.614933333333335,12.9836,942
195,1.02,463.01888888888885,45.44,-40.43,17.43,5.2700000000000005,15.592733333333335,11.1262,942
196,1.02,484.1522222222223,40.99,-37.69,17.67,6.095999999999999,15.550333333333334,13.028866666666666,942
197,1.02,423.2766666666667,49.02,-37.27,17.32,6.1560000000000015,15.562466666666667,12.869466666666668,942
198,1.02,79.98222222222223,50.44,-36.68,17.49,5.434,15.596600000000002,2.316933333333333,942
199,0.76,642.0305555555555,50.47,-57.71,17.49,6.023999999999999,11.142433333333333,18.035766666666664,942
200,1.02,614.9455555555555,60.32,-48.19,17.79,6.206,15.674,13.564533333333333,942
201,1.02,508.9911111111112,57.41,-38.67,17.83,6.108,15.6102,13.1544,942
202,1.02,591.3944444444444,52.41,-37.02,17.75,5.83,15.609600000000002,13.397866666666667,942
203,1.02,657.0388888888889,50.0,-32.67,17.63,5.08,15.638933333333336,11.523266666666668,942
204,1.02,487.3466666666667,46.83,-33.97,17.67,6.044,15.5784,13.1546,942
205,1.02,600.2822222222222,57.95,-44.43,17.81,6.426,15.6462,13.494266666666668,942
206,1.02,492.83333333333337,42.61,-38.7,17.43,6.192000000000001,15.527800000000004,13.123266666666668,942
207,1.02,485.00111111111113,46.04,-39.68,17.52,6.26,15.589466666666667,13.151866666666667,942
208,1.02,452.6455555555555,48.43,-51.86,17.65,5.426,15.669466666666667,9.982,942
209,1.02,610.2988888888889,52.85,-56.02,17.89,5.3260000000000005,15.683666666666667,13.487666666666666,942
210,1.02,415.1977777777778,50.99,-49.37,17.47,5.4639999999999995,15.5844,8.596066666666669,942
211,1.02,625.4033333333333,61.0,-48.22,17.76,6.01,15.645000000000005,13.577333333333335,942
212,1.02,536.0400000000002,51.92,-40.9,17.48,6.016,15.593666666666667,13.2752,942
213,1.02,525.78,52.71,-42.36,17.62,6.202000000000001,15.607533333333333,13.251733333333336,942
214,1.02,440.74861111111125,51.46,-36.2,17.51,5.677999999999999,15.582266666666667,12.1146,942
215,1.02,557.2700000000002,50.56,-50.33,17.84,6.1179999999999986,15.679333333333336,13.371933333333335,942
216,1.02,470.22111111111116,47.11,-48.79,17.6,5.303999999999999,15.562866666666668,12.2964,942
217,1.02,16.564722222222226,45.49,-28.83,17.54,0.39799999999999996,15.61366666666667,0.8920166666666667,942
218,1.02,193.90500000000003,99.34,-68.47,21.2,6.730000000000001,16.886333333333337,2.3986500000000004,942
219,0.38,1144.9566666666667,78.09,-153.29,31.89,5.308000000000002,4.4450666666666665,17.579466666666665,942
220,1.02,4.4300000000000015,51.22,-23.26,17.41,-5.51,15.521133333333333,0.12650000000000006,942
221,0.44,704.6466666666668,123.81,-65.28,19.91,5.894,5.428383333333334,24.703866666666674,942
222,1.02,426.9977777777778,55.45,-51.95,17.55,6.064,15.624266666666667,12.951466666666667,942
223,1.02,407.8366666666667,56.38,-47.93,17.63,5.928,15.607333333333335,12.863066666666667,942
224,1.02,437.47333333333336,53.9,-51.36,17.45,6.162000000000001,15.593533333333335,13.014733333333332,942
225,1.02,491.0555555555557,50.92,-52.21,17.4,5.8,15.599666666666668,13.133466666666667,942
226,1.02,491.88333333333327,50.22,-49.11,17.42,6.034000000000002,15.5308,13.120933333333333,942
227,1.02,400.76777777777784,55.05,-50.16,17.45,4.92,15.620333333333333,12.145333333333333,942
228,1.02,546.4255555555555,52.71,-57.19,17.63,5.877999999999999,15.640333333333334,13.293066666666665,942
229,1.02,528.0488888888889,47.29,-54.98,17.86,5.775999999999999,15.6168,13.296,942
230,1.02,600.3944444444445,48.05,-54.75,17.67,5.7879999999999985,15.643533333333332,13.466466666666667,942
231,1.02,622.1141666666667,74.13,-45.79,17.77,5.367999999999999,15.6674,12.5101,942
232,1.02,344.39333333333343,65.13,-51.8,17.8,5.617999999999999,15.646066666666664,7.775933333333334,942
233,1.02,278.06666666666666,50.85,-51.33,17.4,5.806,15.577666666666666,12.521533333333334,942
234,1.02,462.39,57.83,-56.73,17.46,5.947999999999999,15.624866666666666,13.025266666666667,942
235,1.02,618.8666666666667,44.05,-53.95,17.38,6.072,15.598333333333334,13.526266666666668,942
236,1.02,454.4144444444445,52.63,-42.33,17.36,5.768,15.5064,13.009733333333335,942
237,1.02,566.6122222222224,51.48,-44.25,18.43,6.282,15.756733333333333,13.403533333333336,942
238,1.02,600.4655555555556,50.81,-42.85,17.67,5.71,15.613133333333336,13.475733333333334,942
239,1.02,469.92555555555566,53.96,-48.61,17.37,5.688,15.578200000000002,12.336133333333333,942
240,1.02,566.6844444444445,61.7,-45.65,17.73,5.710000000000001,15.668533333333334,13.336066666666667,942
241,1.02,681.218888888889,53.52,-56.53,17.71,5.886000000000001,15.682466666666668,13.804933333333333,942
242,1.02,700.4477777777777,62.43,-47.28,17.9,6.273999999999999,15.6918,13.855466666666667,942
243,1.02,579.1233333333333,49.04,-44.24,17.56,5.932,15.56346666666667,13.377,942
244,1.02,578.0155555555557,54.37,-35.58,17.71,5.132000000000001,15.6158,11.366266666666668,942
245,1.02,602.3444444444445,48.87,-46.54,17.55,6.166000000000001,15.6048,13.4812,942
246,1.02,635.2311111111111,53.47,-48.04,17.87,6.0360000000000005,15.676866666666667,13.678866666666668,942
247,1.02,517.7444444444443,48.46,-37.1,17.45,6.082000000000002,15.577000000000005,13.212866666666667,942
248,1.02,471.5866666666667,47.56,-39.39,17.37,6.1640000000000015,15.547800000000002,13.085333333333335,942
249,1.02,486.89000000000016,51.21,-36.04,17.59,6.023999999999999,15.66606666666667,13.126266666666668,942
250,1.02,759.7111111111113,47.97,-58.59,17.84,4.6080000000000005,15.596533333333333,12.871533333333335,942
251,1.02,611.4255555555558,63.55,-54.35,17.87,5.792000000000001,15.673466666666668,13.492666666666667,942
252,1.02,592.5666666666667,60.28,-51.28,17.72,6.007999999999999,15.6694,13.495333333333333,942
253,1.02,499.92333333333335,54.9,-50.31,17.62,6.332000000000001,15.657733333333333,13.246800000000002,942
254,1.02,578.5533333333333,53.72,-44.22,17.51,5.997999999999999,15.5476,13.39286666666667,942
255,1.02,534.3677777777779,53.0,-41.57,17.46,6.316000000000002,15.569000000000004,13.296133333333335,942
256,1.02,561.1477777777778,50.73,-36.66,17.59,6.058,15.6092,13.384266666666667,942
257,1.02,583.7888888888889,66.95,-56.84,17.79,6.098000000000001,15.729000000000001,13.445466666666665,942
258,1.02,581.398888888889,58.88,-44.1,17.57,5.99,15.600733333333334,13.392666666666667,942
259,1.02,473.0791666666667,56.8,-47.06,17.48,5.337999999999999,15.617733333333335,12.650433333333336,942
260,1.02,556.2833333333333,59.33,-53.86,17.47,5.932,15.5804,13.305866666666667,942
261,1.02,459.09777777777776,56.44,-41.76,17.51,5.734,15.62,13.040999999999999,942
262,1.02,646.4666666666667,53.2,-36.54,17.56,6.2200000000000015,15.612733333333335,13.6716,942
263,1.02,688.0622222222223,55.12,-46.91,17.57,6.056,15.648933333333336,13.804466666666665,942
264,1.02,571.9644444444443,63.59,-54.13,17.57,6.077999999999999,15.661,13.4026,942
265,1.02,641.39,54.91,-46.23,17.78,6.026,15.623933333333335,13.596933333333334,942
266,1.02,639.2577777777777,64.89,-55.53,17.88,5.8439999999999985,15.694066666666668,13.566666666666668,942
267,1.02,556.418888888889,59.56,-54.6,17.68,6.042000000000001,15.6878,13.3268,942
268,1.02,649.4655555555557,55.83,-29.99,17.71,5.236000000000001,15.680266666666668,11.5352,942
269,1.02,612.7511111111112,48.96,-59.59,17.84,6.0,15.633466666666667,13.509466666666668,942
270,1.02,497.0666666666667,61.13,-53.07,17.6,6.167999999999999,15.6336,13.216,942
271,1.02,656.6800000000002,66.15,-55.99,17.64,5.724,15.688333333333334,13.636,942
272,1.02,586.3777777777779,55.13,-48.35,17.54,6.046,15.619866666666667,13.432466666666668,942
273,1.02,509.32,52.24,-45.62,17.47,6.2360000000000015,15.627866666666668,13.256000000000002,942
274,1.02,542.8133333333333,53.67,-40.39,17.49,6.17,15.607533333333334,13.335266666666667,942
275,1.02,363.4755555555557,47.87,-38.28,17.61,5.596,15.630866666666668,9.85165,942
276,1.02,640.8688888888888,55.79,-58.97,17.46,6.108,15.593933333333334,13.681400000000002,942
277,1.02,443.42666666666673,61.87,-40.82,17.71,5.257999999999999,15.651066666666667,12.508000000000004,942
278,1.02,532.9088888888889,43.97,-41.68,17.46,6.0760000000000005,15.576133333333333,13.2486,942
279,1.02,609.5322222222222,50.4,-40.9,17.59,6.212000000000001,15.608133333333333,13.562533333333334,942
280,1.02,655.0166666666668,64.11,-46.36,17.71,6.204,15.616133333333336,13.6794,942
281,1.02,552.7,49.38,-36.85,17.55,6.164,15.617200000000002,13.3562,942
282,1.02,572.5455555555557,48.95,-37.8,17.5,5.972,15.542600000000002,13.4012,942
283,1.02,16.244444444444447,51.04,-29.0,17.51,5.081999999999999,15.542933333333332,1.313216666666667,942
284,0.64,687.4552777777777,53.26,-58.94,17.43,5.21,9.090516666666668,20.03885,942
285,0.92,646.4733333333334,58.42,-60.64,17.85,5.426,13.937266666666664,14.984000000000002,942
286,1.02,574.8266666666667,57.96,-45.53,17.47,6.087999999999999,15.6116,13.414933333333332,942
287,1.02,628.2322222222222,55.65,-46.65,17.59,6.152,15.634333333333334,13.5498,942
288,1.02,543.5177777777777,48.68,-36.82,17.45,6.13,15.591266666666668,13.2748,942
289,1.02,405.32555555555547,53.82,-38.77,17.61,5.32,15.636,8.961800000000002,942
290,1.02,681.3188888888892,57.23,-60.23,17.84,6.186,15.780133333333335,13.800933333333333,942
291,1.02,642.8322222222222,51.2,-46.52,17.64,6.0600000000000005,15.560466666666667,13.6512,942
292,1.02,576.0255555555557,48.87,-40.49,17.64,6.172000000000001,15.616066666666667,13.3996,942
293,1.02,480.76555555555575,58.96,-34.48,17.66,5.58,15.6118,11.938466666666667,942
294,1.02,696.1211111111113,58.47,-59.05,17.85,6.3260000000000005,15.739133333333335,13.8162,942
295,1.02,469.235,47.46,-42.97,17.71,5.436,15.647933333333334,12.196683333333333,942
296,1.02,688.9122222222223,54.34,-59.19,17.75,5.417999999999999,15.730933333333335,13.737733333333335,942
297,1.02,638.0444444444444,56.68,-55.32,17.73,6.0619999999999985,15.711,13.609200000000005,942
298,1.02,418.0533333333333,52.19,-33.75,17.62,5.257999999999999,15.61406666666667,10.9762,942
299,1.02,723.3322222222223,46.35,-54.05,17.77,6.166,15.702466666666664,13.912400000000002,942
1,0.92,494.583888888889,53.17,-34.08,15.55,5.952000000000001,12.326116666666667,18.04468333333333,171
2,0.92,531.1688888888889,53.69,-32.75,15.56,5.91,12.398833333333338,19.26106666666667,171
3,0.92,582.7366666666669,55.26,-35.52,15.51,5.922000000000001,12.378683333333335,22.328866666666666,171
4,0.92,475.7600000000001,53.18,-30.4,15.58,5.872000000000001,12.379499999999998,16.8938,171
5,0.92,493.66555555555567,50.27,-32.41,15.42,5.638,12.379116666666668,19.092333333333336,171
6,0.92,546.2944444444445,51.45,-36.63,15.51,5.938,12.376300000000002,20.533266666666666,171
7,0.92,178.5586111111111,56.74,-30.66,15.42,6.053999999999999,12.368016666666668,6.379050000000001,171
8,0.92,719.7877777777777,50.18,-41.23,15.77,5.942,12.4872,21.232333333333337,171
9,0.92,460.31166666666667,52.44,-33.55,15.58,5.894,12.412283333333333,19.170833333333334,171
10,0.92,493.7255555555557,52.04,-32.06,15.5,5.863999999999999,12.400316666666667,20.23325,171
11,0.92,490.38555555555564,53.16,-34.65,15.47,5.922000000000001,12.381516666666668,20.075866666666673,171
12,0.92,499.09111111111116,53.37,-35.14,15.48,5.889999999999999,12.392966666666664,18.3866,171
13,0.92,469.00555555555565,51.67,-34.16,15.49,5.904,12.359583333333335,16.969549999999998,171
14,0.92,480.45333333333343,52.17,-35.86,15.55,5.738,12.359816666666665,16.1368,171
15,0.92,957.3722222222225,61.69,-59.69,17.02,5.822,12.4487,14.5528,171
16,0.92,1061.6755555555555,70.33,-68.33,18.98,5.627999999999999,12.753116666666667,15.489,171
17,0.92,2.245555555555556,80.97,-19.25,17.6,-12.286,12.9226,-0.8924666666666666,171
18,0.92,0.35888888888888965,135.95,-20.75,18.99,3.0200000000000005,12.525583333333335,0.8855,171
19,0.18,1807.2033333333334,58.55,-135.84,28.66,5.916,1.344066666666667,30.86946666666667,171
20,0.92,0.9319444444444456,110.71,-24.62,18.26,1.8560000000000003,12.691416666666667,0.7955666666666668,171
21,0.92,1.851111111111112,82.29,-11.43,18.9,-2.434,12.4236,0.18920000000000006,171
22,0.92,1658.2911111111114,93.81,-71.47,16.47,5.582000000000001,12.4777,18.4816,171
23,0.92,692.5791666666668,54.99,-34.63,15.35,6.254,12.3774,27.11511666666667,171
24,0.92,497.6572222222223,46.52,-30.44,15.42,6.394,12.362699999999998,26.65486666666667,171
25,0.92,479.18638888888887,48.49,-30.76,15.48,6.217999999999999,12.374083333333335,26.61368333333333,171
26,0.92,445.08944444444455,48.55,-31.71,15.41,6.282,12.363083333333332,26.52455,171
27,0.92,466.3130555555555,48.58,-33.28,15.44,6.191999999999998,12.3694,26.58138333333333,171
28,0.92,585.6705555555558,52.36,-31.62,15.54,6.547999999999999,12.376583333333334,26.946200000000008,171
29,0.92,713.138888888889,46.41,-34.32,16.24,4.9060000000000015,12.518083333333335,22.09886666666667,171
30,0.92,164.04111111111118,53.16,-26.27,15.53,6.087999999999999,12.370133333333333,9.0006,171
31,0.92,1290.3677777777775,53.64,-78.29,15.64,6.064,12.333583333333335,22.3136,171
32,0.92,0.4672222222222222,101.94,-18.52,18.7,-13.206,13.033466666666667,-0.9884000000000002,171
33,0.92,1.2177777777777794,195.5,-18.24,24.99,-1.328,12.680633333333333,0.4907333333333334,171
34,0.7,2422.806666666667,105.75,-113.68,23.95,6.473999999999998,9.134733333333333,38.28546666666667,171
35,0.16,93.58888888888887,4.04,-45.11,15.43,5.942,1.2684666666666669,13.203466666666667,171
36,0.92,3.498611111111112,81.96,-28.81,19.32,-9.89,12.965100000000005,-0.5997166666666667,171
37,0.64,1274.0066666666667,134.36,-48.38,18.75,6.047999999999999,7.92825,33.20406666666666,171
38,0.92,139.7225,45.57,-20.2,15.69,4.74,12.382016666666667,9.5881,171
39,0.92,677.8588888888888,57.22,-46.98,15.66,6.165999999999999,12.415583333333332,27.122033333333334,171
40,0.92,450.55166666666673,43.78,-32.96,15.35,6.08,12.324516666666666,16.5117,171
41,0.92,633.6613888888892,59.74,-32.75,15.59,6.540000000000001,12.4303,27.00151666666667,171
42,0.92,683.7566666666664,50.43,-36.21,15.48,5.646,12.427999999999999,13.723866666666664,171
43,0.92,166.44555555555556,55.1,-26.03,15.54,5.752000000000002,12.39045,6.026533333333332,171
44,0.64,677.8855555555555,55.08,-87.31,20.38,5.6,8.232933333333332,12.6604,171
45,0.92,430.5952777777779,50.76,-34.4,15.4,6.146,12.377233333333335,26.3931,171
46,0.92,19.340277777777786,44.91,-20.95,15.34,5.172000000000001,12.27375,2.19405,171
47,0.5,891.6922222222223,58.02,-69.11,18.33,5.924,6.057666666666668,26.16273333333334,171
48,0.82,881.7700000000002,49.52,-62.64,16.61,5.83,11.001733333333336,24.17140000000001,171
49,0.92,3.73888888888889,85.07,-29.98,17.84,-19.270000000000003,13.17605,-1.5560833333333337,171
50,0.92,1342.77,231.29,-71.33,29.26,4.746,13.146983333333333,15.162666666666668,171
51,0.92,874.0125000000003,63.74,-31.76,15.21,6.1800000000000015,12.153883333333335,27.51543333333333,171
52,0.92,218.55027777777775,40.8,-29.15,15.46,5.992000000000001,12.384366666666667,15.85925,171
53,0.92,82.38333333333334,46.24,-27.27,15.44,5.862,12.4126,3.5867333333333336,171
54,0.92,675.148888888889,53.08,-38.43,15.32,5.658,12.404083333333334,13.0744,171
55,0.92,420.1316666666667,47.32,-30.29,15.35,6.14,12.377333333333334,26.19846666666667,171
56,0.92,275.31777777777785,49.72,-31.28,15.37,5.718000000000001,12.349216666666667,6.2922,171
57,0.92,879.6205555555556,57.17,-28.71,16.13,7.08,12.44045,27.559950000000004,171
58,0.42,182.58194444444447,27.11,-45.49,15.97,5.474000000000001,5.013733333333334,10.417666666666667,171
59,0.92,35.88666666666667,58.49,-22.81,16.23,5.18,12.49585,1.5955333333333332,171
60,0.44,577.8827777777777,61.95,-49.04,15.95,6.007999999999999,5.192,28.81405,171
61,0.92,404.8922222222223,48.41,-32.69,15.44,6.013999999999999,12.40555,13.485999999999999,171
62,0.92,628.2144444444447,59.05,-35.66,15.62,5.754,12.436333333333335,19.795866666666672,171
63,0.92,398.73333333333335,52.8,-26.98,16.26,5.792000000000001,12.480833333333335,11.570333333333336,171
64,0.92,675.9902777777778,48.21,-33.35,15.39,6.013999999999999,12.369666666666665,26.89928333333333,171
65,0.92,449.87916666666666,45.8,-33.6,15.45,5.984,12.34105,26.274933333333333,171
66,0.92,433.53888888888895,46.55,-33.98,15.45,5.934,12.35105,26.20801666666667,171
67,0.92,765.4111111111113,47.66,-32.18,15.54,5.664,12.36835,16.70433333333333,171
68,0.92,259.8888888888889,51.54,-28.3,15.54,5.986000000000001,12.388483333333335,11.861866666666666,171
69,0.92,41.92555555555556,49.39,-22.75,15.45,5.484,12.370383333333335,1.8644833333333335,171
70,0.78,473.6077777777778,60.87,-73.17,18.07,5.752000000000001,10.440266666666668,8.0702,171
71,0.2,978.7222222222224,48.7,-74.22,21.26,5.7860000000000005,1.7115333333333336,29.270600000000005,171
72,0.92,21.46888888888889,71.76,-24.42,16.83,5.24,12.576333333333334,1.897066666666667,171
73,0.92,432.8875,52.64,-36.39,15.53,6.1560000000000015,12.471116666666667,26.17373333333333,171
74,0.92,318.26555555555564,37.91,-33.45,15.38,6.0520000000000005,12.366683333333334,25.88291666666667,171
75,0.92,404.93666666666667,44.4,-33.63,15.44,5.87,12.343000000000002,22.7998,171
76,0.92,443.51138888888903,51.6,-34.45,15.44,6.0539999999999985,12.401466666666668,26.246350000000003,171
77,0.6,924.2055555555555,48.75,-114.29,24.84,4.746,7.51195,27.4738,171
78,0.92,1.3688888888888886,78.09,-21.35,18.05,-18.282,12.825950000000002,-1.5064333333333333,171
79,0.92,140.31222222222223,223.08,-62.19,27.24,6.01,12.718750000000002,2.324666666666667,171
80,0.26,851.248888888889,69.58,-48.17,16.72,6.4380000000000015,2.5935333333333337,38.02193333333333,171
81,0.92,338.5030555555556,38.91,-32.16,15.5,5.943999999999999,12.452333333333335,15.913333333333336,171
82,0.92,576.6211111111112,43.02,-26.74,15.58,6.207999999999999,12.4359,26.697583333333334,171
83,0.54,444.64583333333326,42.62,-66.39,18.34,6.02,6.6492666666666675,18.016366666666674,171
84,0.92,122.87000000000002,34.47,-26.52,15.88,5.796,12.376066666666668,5.1638666666666655,171
85,0.92,600.6247222222222,48.96,-36.15,15.72,6.3180000000000005,12.453566666666667,26.819216666666666,171
86,0.92,373.21361111111116,41.91,-32.72,15.4,5.956,12.361300000000002,18.980450000000005,171
87,0.92,462.0002777777778,39.25,-32.22,15.44,6.258000000000001,12.376466666666673,26.3804,171
88,0.92,365.71333333333337,40.12,-29.37,15.45,6.474000000000001,12.382950000000005,26.16378333333333,171
89,0.88,516.7716666666668,33.07,-44.31,15.61,6.146000000000001,11.842333333333334,16.121533333333335,171
90,0.92,33.903055555555554,48.8,-24.31,15.61,5.087999999999999,12.4194,2.0086833333333334,171
91,0.92,463.77222222222224,49.78,-35.68,15.52,5.976,12.4402,12.782733333333333,171
92,0.92,757.6133333333335,54.01,-60.17,16.61,5.808,12.489383333333334,18.98345,171
93,0.92,350.7322222222223,63.03,-23.16,16.63,6.06,12.533833333333336,16.3536,171
94,0.92,495.4111111111112,54.64,-30.82,15.52,6.254,12.419466666666667,26.47785,171
95,0.92,463.83000000000015,49.44,-33.8,15.51,7.9460000000000015,12.379366666666668,26.555216666666666,171
96,1.04,234.67916666666676,3.49,-63.18,18.04,5.074,16.22785,20.330466666666666,171
97,0.92,1.9027777777777768,55.17,-19.35,17.32,-0.3800000000000001,12.684633333333332,0.4116666666666666,171
98,0.92,0.9588888888888883,95.21,-15.67,18.58,-6.268,12.909166666666668,0.09185,171
99,0.54,73.95555555555556,138.72,-71.95,22.96,6.0920000000000005,6.66,9.241233333333334,171
100,0.6,1191.6586111111112,110.39,-66.4,18.67,5.556,7.514566666666667,33.564400000000006,171
101,0.92,598.4833333333335,45.19,-35.85,15.47,7.3660000000000005,12.408183333333335,27.14558333333333,171
102,1.06,14.004444444444447,3.91,-54.28,17.64,5.417999999999998,15.665866666666664,0.7236666666666667,171
103,0.92,12.476111111111116,23.29,-36.21,15.75,1.2,12.544383333333334,0.8476666666666668,171
104,0.92,14.979166666666664,58.41,-33.79,16.44,2.734,12.343800000000005,1.021,171
105,0.92,3.433611111111112,47.25,-16.92,17.3,-15.144,12.645683333333334,-0.9318666666666668,171
106,0.44,15.441111111111116,150.82,-61.58,17.46,-11.472,-6.162283333333333,-0.6913333333333335,171
107,0.12,54.93888888888888,62.91,-39.16,18.07,3.338,0.3407333333333334,14.31905,171
108,0.92,6.343055555555557,42.26,-27.31,15.81,4.224,12.497416666666668,1.12285,171
109,0.92,7.769999999999999,44.03,-25.59,15.67,5.24,12.40255,2.320733333333333,171
110,0.92,389.61750000000006,40.33,-26.15,15.47,6.1979999999999995,12.422200000000002,26.52306666666667,171
111,0.92,297.8036111111112,34.77,-33.56,15.42,5.517999999999999,12.4018,9.701166666666667,171
112,0.92,0.7166666666666668,77.08,-20.65,21.03,-4.389999999999999,13.005083333333333,0.06416666666666668,171
113,0.92,2.6597222222222228,107.54,-25.19,18.07,3.012,12.76345,0.9900166666666668,171
114,0.16,2259.586111111111,48.07,-127.93,26.44,6.21,1.069416666666667,48.83655,171
115,0.92,15.19,116.34,-69.2,23.67,-11.688,12.8049,-0.7880833333333334,171
116,0.92,573.9533333333334,153.4,-32.76,23.32,6.11,13.0571,26.7494,171
117,0.92,478.8844444444445,43.86,-31.88,15.38,5.946000000000001,12.346000000000002,25.22553333333334,171
118,0.92,497.92055555555567,53.83,-30.62,15.51,6.28,12.414716666666667,26.404149999999994,171
119,0.92,471.40222222222224,48.76,-34.81,15.46,6.232,12.368766666666668,26.339933333333335,171
120,0.92,492.7872222222222,50.4,-35.15,15.36,6.216,12.344866666666668,26.395516666666666,171
121,0.92,489.88888888888886,50.55,-34.92,15.38,6.08,12.342316666666667,26.37901666666667,171
122,0.92,459.67555555555566,51.98,-33.35,15.39,5.910000000000001,12.338116666666668,23.211,171
123,0.92,865.9733333333335,57.81,-33.45,17.03,5.6560000000000015,12.4895,19.204066666666666,171
124,0.72,767.65,59.2,-71.11,18.53,5.8420000000000005,9.600566666666667,28.701000000000004,171
125,0.92,1.2061111111111116,77.78,-20.25,18.05,-16.938,12.948733333333335,-1.343516666666667,171
126,0.92,1.2783333333333335,231.65,-15.64,30.25,-1.596,13.185249999999998,0.5206666666666667,171
127,0.92,1872.8497222222227,113.5,-71.67,17.48,6.244,12.538566666666668,31.7322,171
128,0.92,527.4966666666667,46.4,-31.73,15.35,6.0920000000000005,12.342033333333333,26.51553333333333,171
129,0.92,448.09277777777777,50.11,-30.78,15.51,6.303999999999999,12.364583333333336,26.39405,171
130,0.92,431.11083333333335,47.6,-30.07,15.48,6.004,12.420066666666667,26.28511666666667,171
131,0.92,440.7686111111112,47.92,-30.67,15.42,6.132000000000001,12.346383333333335,26.32895000000001,171
132,0.92,465.2361111111112,48.11,-31.75,16.27,6.14,12.49735,26.402000000000005,171
133,0.92,476.3247222222223,50.83,-31.53,15.44,6.132000000000001,12.354083333333335,26.433850000000003,171
134,0.92,483.4061111111113,50.62,-31.25,15.42,6.162000000000001,12.357066666666668,26.41855,171
135,0.92,63.17027777777778,50.63,-22.37,15.45,4.758000000000001,12.3576,2.6833,171
136,0.92,65.48666666666666,55.82,-28.5,15.69,5.8439999999999985,12.431483333333333,2.300866666666667,171
137,0.7,1340.5377777777776,58.51,-68.5,18.46,6.236000000000001,9.258066666666668,32.952600000000004,171
138,0.92,537.6113888888889,49.06,-31.11,15.41,6.284000000000002,12.342033333333335,26.56711666666667,171
139,0.92,484.24361111111125,50.08,-30.39,15.47,6.276,12.343166666666667,26.40935,171
140,0.92,468.3802777777778,50.89,-31.23,15.38,6.16,12.375800000000002,26.332300000000004,171
141,0.92,470.27361111111117,51.18,-32.23,15.48,6.106,12.3813,26.32060000000001,171
142,0.92,478.58388888888885,51.73,-31.76,15.39,5.950000000000001,12.348283333333333,26.37451666666667,171
143,0.92,465.2519444444445,49.81,-32.43,15.45,6.2559999999999985,12.34935,26.31866666666667,171
144,0.92,475.06055555555565,51.52,-34.27,15.43,6.072000000000001,12.40695,26.338400000000004,171
145,0.92,446.82333333333344,54.03,-33.06,15.49,5.9,12.366083333333336,21.20413333333333,171
146,0.92,484.4913888888889,53.2,-35.01,15.69,5.996,12.34891666666667,23.39331666666667,171
147,0.92,551.5069444444447,56.18,-31.79,16.08,6.231999999999998,12.428266666666666,26.52030000000001,171
148,0.92,466.6866666666667,50.96,-34.36,15.56,6.112,12.383783333333335,26.306783333333332,171
149,0.92,507.66027777777776,51.47,-33.75,15.45,6.238000000000001,12.365633333333333,26.42821666666667,171
150,0.92,477.79666666666674,50.09,-32.8,15.42,6.034,12.35515,21.78326666666667,171
151,0.92,487.0125,50.65,-33.81,15.43,5.876,12.389716666666667,19.480366666666672,171
152,0.92,488.2575,53.78,-34.26,15.43,5.888,12.353383333333333,20.447716666666672,171
153,0.92,483.2577777777778,55.11,-34.69,15.52,5.978,12.421550000000002,21.76053333333333,171
154,0.92,503.8850000000001,54.67,-34.77,15.57,6.206,12.44435,26.39630000000001,171
155,0.92,463.34222222222223,50.37,-34.51,15.38,5.912000000000001,12.350633333333333,19.056733333333334,171
156,0.92,462.1833333333333,54.03,-34.22,15.43,5.922000000000001,12.393550000000005,20.493866666666673,171
157,0.92,475.7122222222223,53.94,-34.53,15.43,5.8980000000000015,12.41165,21.044333333333334,171
158,0.92,470.3208333333334,55.46,-35.52,15.61,5.964,12.413366666666667,20.646133333333346,171
159,0.92,468.59111111111116,54.71,-34.87,15.47,6.034000000000002,12.416950000000002,20.7624,171
160,0.92,475.8755555555557,54.47,-33.86,15.49,5.892,12.4304,19.334933333333336,171
161,0.92,523.3477777777778,56.63,-36.17,15.54,5.928,12.428333333333335,21.684400000000004,171
162,0.92,480.0844444444445,52.84,-34.8,15.5,5.863999999999999,12.355166666666667,18.840533333333337,171
163,0.92,496.56444444444435,54.28,-36.28,15.57,5.892,12.409333333333334,18.141733333333338,171
164,0.92,514.6966666666667,51.95,-34.61,15.59,5.976,12.428316666666667,23.84466666666667,171
165,0.92,532.8555555555555,54.26,-35.56,15.58,5.9060000000000015,12.4298,22.90393333333333,171
166,0.92,505.54388888888894,52.42,-36.34,15.5,5.846,12.4165,18.517566666666667,171
167,0.92,536.7683333333333,52.69,-33.39,15.59,5.92,12.410533333333333,22.754833333333334,171
168,0.92,485.0975,53.89,-35.67,15.47,5.864,12.4016,18.687400000000007,171
169,0.92,512.2641666666667,54.4,-34.51,15.51,6.3439999999999985,12.426133333333334,26.41041666666667,171
170,0.92,450.92666666666673,50.19,-33.43,15.5,5.978,12.3796,23.66493333333333,171
171,0.92,483.43111111111114,54.73,-34.78,15.53,5.902,12.4076,21.758466666666674,171
172,0.92,470.4644444444445,53.94,-34.9,15.51,5.886,12.419566666666668,17.816266666666667,171
173,0.92,493.05583333333334,52.08,-35.1,15.53,5.916,12.363533333333333,21.17833333333333,171
174,0.92,461.565,54.82,-35.67,15.51,5.9220000000000015,12.400150000000002,20.826933333333336,171
175,0.92,430.3144444444445,52.66,-34.85,15.42,5.982000000000001,12.394166666666667,20.88253333333333,171
176,0.92,475.2186111111112,53.03,-35.08,15.44,5.92,12.417383333333335,21.652066666666666,171
177,0.92,475.6955555555557,54.25,-35.23,15.49,5.916,12.411666666666667,21.362550000000006,171
178,0.92,497.3244444444445,55.23,-36.04,15.54,5.926,12.429833333333335,24.9884,171
179,0.92,504.1672222222223,54.43,-35.64,15.48,5.9879999999999995,12.418933333333335,21.46808333333333,171
180,0.92,506.35,54.51,-36.25,15.52,5.946000000000001,12.41765,17.42926666666667,171
181,0.92,514.3530555555557,55.44,-36.29,15.51,5.978,12.452216666666667,20.9766,171
182,0.92,503.08555555555563,54.94,-36.95,15.5,5.924,12.422783333333335,17.61946666666667,171
183,0.92,520.7444444444443,54.94,-37.07,15.44,5.952000000000001,12.406883333333333,25.02446666666667,171
184,0.92,461.81166666666667,54.25,-35.93,15.51,5.914,12.409683333333335,19.626483333333336,171
185,0.92,505.54888888888894,54.13,-36.94,15.46,6.362,12.410483333333335,26.42005,171
186,0.92,437.7761111111112,50.83,-34.67,15.43,5.888,12.365850000000002,18.067716666666666,171
187,0.92,459.78,53.44,-34.81,15.47,5.965999999999998,12.399433333333334,21.210866666666668,171
188,0.92,489.52722222222224,53.48,-34.99,15.53,6.23,12.41985,26.33845,171
189,0.92,446.39722222222224,49.76,-35.95,15.34,5.932,12.334033333333338,18.8518,171
190,0.92,462.66,53.82,-34.87,15.57,5.92,12.417116666666667,20.95553333333333,171
191,0.92,459.25555555555565,54.35,-35.7,15.55,6.026,12.416166666666667,21.089983333333336,171
192,0.92,483.05,53.75,-37.33,15.5,5.869999999999999,12.413133333333334,18.075266666666668,171
193,0.92,486.995,51.96,-35.8,15.49,5.932,12.364583333333336,17.994049999999994,171
194,0.92,477.1780555555557,51.08,-35.07,15.67,5.8580000000000005,12.368166666666667,17.938366666666667,171
195,0.92,494.63555555555564,53.17,-38.06,15.49,6.026,12.352083333333333,20.807,171
196,0.92,493.1700000000001,51.99,-36.42,15.4,5.85,12.390533333333336,17.590000000000003,171
197,0.92,498.9044444444445,52.31,-34.78,15.5,5.928,12.36475,17.379133333333336,171
198,0.92,525.1633333333333,54.5,-36.53,15.46,5.901999999999999,12.412983333333335,25.04853333333333,171
199,0.92,483.31777777777785,54.72,-36.36,15.51,5.864,12.420416666666664,21.244733333333336,171
200,0.92,456.68111111111125,55.56,-36.38,15.39,5.957999999999999,12.391966666666667,24.13480000000001,171
201,0.92,487.74194444444464,55.18,-35.47,15.58,5.952000000000001,12.439049999999998,20.90813333333333,171
202,0.92,489.3944444444445,54.2,-35.82,15.55,5.886,12.43865,20.8068,171
203,0.92,472.03888888888883,52.04,-36.15,15.48,5.8660000000000005,12.360733333333336,19.767133333333334,171
204,0.92,491.5311111111112,55.86,-37.52,15.6,5.978,12.380233333333333,22.548866666666665,171
205,0.92,453.5052777777778,55.12,-35.79,15.5,5.946000000000001,12.444733333333335,22.07245,171
206,0.92,477.02888888888884,50.66,-36.4,15.38,5.877999999999999,12.339600000000004,18.58146666666667,171
207,0.92,488.78138888888884,52.36,-34.33,15.46,5.8740000000000006,12.346233333333334,22.13306666666667,171
208,0.92,504.7855555555557,55.84,-35.0,15.49,5.902,12.41115,22.433000000000003,171
209,0.92,484.2622222222223,51.72,-35.43,15.56,5.824,12.355283333333334,25.669933333333336,171
210,0.92,560.8427777777778,54.17,-35.57,15.49,6.167999999999999,12.414466666666668,26.48695000000001,171
211,0.92,463.10777777777804,50.72,-34.52,15.41,5.895999999999999,12.344600000000005,20.6872,171
212,0.92,491.35666666666674,55.98,-35.0,15.56,5.972,12.40755,21.783800000000006,171
213,0.92,499.0461111111111,54.68,-36.0,15.6,5.8820000000000014,12.439000000000002,18.227300000000003,171
214,0.92,479.7219444444446,55.58,-36.18,15.54,5.867999999999999,12.424666666666667,17.942883333333334,171
215,0.92,479.5925,55.14,-34.84,15.5,6.0299999999999985,12.410166666666667,21.86205,171
216,0.92,498.32111111111124,54.72,-35.84,15.5,5.877999999999999,12.417916666666667,18.84753333333333,171
217,0.92,477.89888888888885,54.55,-36.12,15.55,5.92,12.415916666666668,24.29083333333334,171
218,0.92,481.1311111111111,52.8,-35.51,15.43,5.99,12.3401,19.07133333333333,171
219,0.92,488.8477777777779,55.64,-36.32,15.65,5.943999999999999,12.457183333333335,19.832,171
220,0.92,500.95111111111123,55.04,-37.38,15.5,5.9060000000000015,12.434849999999996,18.879066666666667,171
221,0.92,478.4344444444445,54.53,-36.03,15.54,5.95,12.413816666666666,21.229333333333333,171
222,0.92,453.06805555555565,54.47,-35.97,15.49,5.956,12.4093,18.136783333333334,171
223,0.92,484.7830555555557,54.41,-36.64,15.51,5.99,12.427500000000006,21.386266666666668,171
224,0.92,478.86694444444436,54.58,-36.1,15.55,5.932,12.4518,17.918883333333333,171
225,0.92,523.0477777777778,55.67,-35.7,15.51,5.936,12.420316666666668,22.17213333333334,171
226,0.92,498.7166666666668,54.35,-36.35,15.51,5.86,12.413216666666667,17.83886666666667,171
227,0.92,510.86,52.3,-37.2,15.49,5.8740000000000006,12.354816666666665,21.44265,171
228,0.92,512.8422222222222,55.65,-35.97,15.49,5.853999999999999,12.41945,22.08493333333333,171
229,0.92,467.0455555555555,55.18,-36.34,15.49,5.966,12.404216666666665,18.0302,171
230,0.92,486.6877777777778,54.91,-36.33,15.52,6.0360000000000005,12.440216666666664,17.5608,171
231,0.92,511.6591666666666,54.57,-37.42,15.64,5.896,12.437300000000002,17.544266666666665,171
232,0.92,474.9822222222222,52.78,-35.64,15.51,5.952000000000001,12.357850000000004,21.003266666666672,171
233,0.92,476.7375,53.86,-36.03,15.48,5.917999999999999,12.407666666666668,17.667933333333334,171
234,0.92,495.75555555555565,54.89,-36.23,15.52,5.9,12.422316666666667,17.864066666666673,171
235,0.92,510.33000000000015,53.86,-35.56,15.51,5.91,12.404166666666667,21.55773333333333,171
236,0.92,463.14666666666665,55.13,-35.26,15.51,5.96,12.402783333333335,21.470066666666664,171
237,0.92,487.4888888888889,55.1,-37.66,15.52,5.8660000000000005,12.433000000000002,18.101600000000005,171
238,0.92,474.4572222222222,52.38,-35.93,15.49,5.846,12.349850000000002,18.181700000000006,171
239,0.92,475.14,52.13,-34.7,15.42,5.883999999999999,12.351866666666664,18.05,171
240,0.92,498.26027777777773,55.19,-36.05,15.51,5.8980000000000015,12.408816666666667,21.874066666666664,171
241,0.92,471.6283333333333,55.29,-36.93,15.55,6.1560000000000015,12.405683333333334,26.17288333333333,171
242,0.92,575.1008333333333,50.98,-35.45,15.32,6.178,12.350300000000002,26.565016666666665,171
243,0.92,474.5891666666668,49.24,-34.8,15.37,6.306,12.322416666666665,26.26926666666667,171
244,0.92,459.60888888888894,51.37,-33.4,15.43,5.91,12.352850000000002,18.817650000000004,171
245,0.92,479.38388888888886,53.27,-34.37,15.46,6.018,12.396166666666666,21.341483333333336,171
246,0.92,471.1802777777778,54.93,-34.84,15.51,5.912000000000001,12.419016666666666,17.9007,171
247,0.92,498.1644444444445,55.54,-36.57,15.52,5.877999999999999,12.420866666666667,17.58166666666667,171
248,0.92,482.09888888888884,53.89,-37.0,15.5,5.932,12.416400000000005,19.41275,171
249,0.92,475.7066666666668,53.96,-37.29,15.52,5.9479999999999995,12.423133333333334,18.5342,171
250,0.92,496.09888888888884,54.05,-36.71,15.48,5.876,12.4187,17.850266666666673,171
251,0.92,491.2683333333334,54.5,-35.8,15.48,5.856,12.406616666666665,18.185683333333326,171
252,0.92,470.09333333333336,55.26,-35.62,15.44,5.9,12.406583333333336,18.509400000000007,171
253,0.92,488.5819444444445,54.64,-35.16,15.49,6.01,12.406150000000002,25.79455,171
254,0.92,519.4633333333334,54.64,-36.22,15.58,5.834,12.431216666666668,26.233066666666666,171
255,0.92,465.07555555555547,53.19,-35.41,15.45,5.902,12.34515,21.9184,171
256,0.92,470.14111111111123,54.92,-37.22,15.49,5.889999999999999,12.411683333333334,25.85813333333333,171
257,0.92,518.7697222222222,51.98,-37.4,15.41,6.087999999999999,12.346183333333334,26.353133333333336,171
258,0.92,505.255,52.34,-35.99,15.42,5.956,12.416166666666667,22.171116666666666,171
259,0.92,480.6677777777778,55.25,-34.49,15.4,5.9,12.394083333333333,18.027466666666665,171
260,0.92,486.9277777777778,55.97,-35.37,15.5,5.856,12.41265,18.285999999999998,171
261,0.92,495.23805555555566,54.93,-34.52,15.47,5.894,12.412300000000002,18.702000000000005,171
262,0.92,496.8291666666667,55.3,-35.3,15.56,5.894,12.4253,18.23836666666667,171
263,0.92,482.31166666666667,53.19,-35.68,15.39,5.9879999999999995,12.344483333333335,21.60126666666667,171
264,0.92,494.50111111111113,55.34,-36.24,15.52,5.846,12.416133333333333,18.33726666666666,171
265,0.92,486.38361111111124,55.52,-33.69,15.45,5.8980000000000015,12.411733333333334,18.41925,171
266,0.92,489.3322222222222,53.62,-35.92,15.45,5.8839999999999995,12.400266666666667,17.816266666666664,171
267,0.92,489.3202777777778,55.96,-37.73,15.51,5.863999999999999,12.445333333333332,19.919366666666665,171
268,0.92,483.54444444444437,56.28,-37.05,15.52,5.858,12.452016666666667,18.544400000000003,171
269,0.92,484.46333333333337,56.21,-36.28,16.01,5.9,12.4665,20.589883333333336,171
270,0.92,488.3372222222223,55.87,-37.92,15.59,5.976000000000001,12.451283333333333,20.621450000000006,171
271,0.92,497.1047222222222,56.1,-36.26,15.5,5.91,12.437916666666665,20.9024,171
272,0.92,485.1844444444445,56.21,-36.25,15.47,5.936,12.420933333333334,21.103266666666674,171
273,0.92,508.65222222222206,54.95,-36.62,15.56,5.894,12.443416666666666,18.102533333333334,171
274,0.92,516.5677777777779,54.65,-36.32,15.47,5.91,12.4255,20.9385,171
275,0.92,509.6566666666667,54.52,-35.6,15.5,5.9380000000000015,12.411666666666667,20.05633333333333,171
276,0.92,503.77222222222224,54.87,-36.03,15.51,5.917999999999999,12.42505,21.98393333333333,171
277,0.92,476.58,53.57,-35.24,15.52,5.848,12.439583333333333,18.4886,171
278,0.92,463.3752777777778,51.29,-35.23,15.37,5.904,12.334866666666667,18.08158333333333,171
279,0.92,492.2736111111112,53.65,-35.34,15.45,5.917999999999999,12.410116666666665,20.403133333333336,171
280,0.92,496.21111111111117,55.29,-37.38,15.47,5.912000000000001,12.394966666666667,19.044933333333333,171
281,0.92,483.11833333333334,55.44,-36.38,15.69,5.8820000000000014,12.458600000000002,17.43995,171
282,0.92,489.61444444444453,55.76,-35.84,15.51,5.904000000000001,12.41015,19.308666666666667,171
283,0.92,482.16861111111115,54.67,-37.76,15.41,5.864,12.4118,18.659783333333333,171
284,0.92,477.97333333333336,55.26,-36.49,15.5,5.858,12.441666666666665,20.9234,171
285,0.92,488.23444444444436,54.81,-35.94,15.51,5.87,12.410016666666667,21.204466666666672,171
286,0.92,486.02777777777777,54.76,-35.97,15.52,5.944,12.426233333333334,21.711533333333346,171
287,0.92,504.44361111111124,53.34,-36.08,15.42,6.13,12.394000000000002,26.298600000000004,171
288,0.92,464.65000000000015,49.9,-35.36,15.46,6.11,12.329083333333335,26.16863333333333,171
289,0.92,472.44888888888903,49.05,-36.51,15.35,5.994,12.318600000000002,22.41073333333333,171
290,0.92,508.8747222222222,54.16,-35.72,15.46,5.9639999999999995,12.417516666666666,22.893950000000004,171
291,0.92,500.47777777777776,54.25,-35.07,15.51,5.928000000000001,12.416333333333332,22.59676666666667,171
292,0.92,499.0111111111111,56.25,-35.69,15.55,5.908,12.435616666666668,21.50153333333333,171
293,0.92,496.16666666666674,54.89,-36.76,15.46,5.92,12.395083333333336,18.58653333333334,171
294,0.92,505.30666666666673,54.51,-36.03,15.4,5.846,12.38985,20.535800000000005,171
295,0.92,515.6411111111112,54.73,-35.7,15.52,5.837999999999999,12.416283333333334,18.888666666666666,171
296,0.92,502.45583333333326,55.31,-34.37,15.52,5.8020000000000005,12.3897,18.460916666666666,171
297,0.92,473.9344444444445,55.63,-36.07,15.47,5.862,12.3998,17.729599999999994,171
298,0.92,485.27361111111117,55.41,-37.06,15.51,5.858,12.445683333333335,20.097566666666673,171
299,0.92,481.2677777777778,53.95,-38.92,15.44,5.864,12.342816666666666,18.633483333333334,171
300,0.92,473.9377777777778,55.08,-36.94,15.6,5.992000000000001,12.416566666666668,20.9612,171
301,0.92,482.1955555555557,54.5,-36.16,15.52,5.92,12.441366666666667,20.739533333333327,171
302,0.92,518.8544444444443,51.84,-36.8,15.45,6.016000000000001,12.332433333333332,26.32851666666667,171
303,0.92,482.41555555555567,53.47,-37.19,15.38,5.9300000000000015,12.3392,24.62286666666667,171
304,0.92,521.5125,53.81,-36.57,15.55,5.8679999999999986,12.44016666666667,22.66686666666667,171
305,0.92,522.0230555555556,54.37,-36.99,15.49,6.162000000000001,12.405433333333335,26.31985,171
306,0.92,439.19777777777773,49.19,-34.39,15.41,5.8740000000000006,12.341000000000005,19.614733333333334,171
307,0.92,457.5752777777778,53.76,-35.89,15.54,5.916,12.444,17.139566666666667,171
308,0.92,748.6833333333333,58.9,-38.04,16.83,5.728,12.493,13.242933333333333,171
309,0.92,624.1977777777778,59.18,-53.41,16.9,5.588000000000001,12.6049,8.031283333333334,171
310,0.92,187.1375,59.91,-25.44,16.57,5.8580000000000005,12.56725,6.4170500000000015,171
311,0.7,1206.4144444444444,55.52,-98.4,21.75,5.098000000000001,9.156733333333333,29.5288,171
312,0.92,5.368611111111112,55.93,-30.43,15.21,-6.6019999999999985,12.341033333333336,-0.08876666666666669,171
313,0.92,1.3191666666666662,118.79,-18.87,18.63,-8.412,12.394966666666667,-0.27899999999999997,171
314,0.92,240.71777777777785,144.06,-38.0,20.29,5.848000000000001,12.605133333333333,4.609400000000001,171
315,0.32,705.0266666666665,34.79,-42.37,15.37,6.196000000000001,3.4598,36.044466666666665,171
316,0.92,411.21305555555574,36.95,-32.75,15.47,6.3519999999999985,12.401766666666667,26.34825,171
317,0.92,891.4869444444446,45.28,-30.56,15.55,6.336,12.399583333333332,27.5669,171
318,0.92,266.3833333333333,30.58,-39.66,15.7,5.8180000000000005,12.4794,9.703466666666667,171
319,0.92,217.2866666666667,34.64,-34.47,15.36,5.855999999999999,12.383983333333333,8.616866666666667,171
320,0.92,371.0819444444445,48.07,-45.01,16.02,5.969999999999999,12.535416666666668,14.148333333333332,171
321,0.92,132.6077777777777,40.8,-30.12,15.44,5.85,12.42785,4.927066666666667,171
322,0.92,489.02638888888885,54.21,-32.18,15.94,6.3660000000000005,12.477633333333333,26.49395,171
323,0.92,425.5119444444445,47.61,-34.57,15.41,5.968,12.402266666666668,19.16935,171
324,0.92,94.35750000000002,50.45,-29.07,15.51,5.8820000000000014,12.369700000000002,3.2506833333333334,171
325,0.92,884.8161111111111,48.22,-30.86,15.57,6.384,12.403583333333335,27.64945,171
326,0.92,428.14388888888885,41.25,-31.95,15.34,6.17,12.391050000000002,26.28988333333333,171
327,0.92,376.9147222222222,42.37,-35.09,15.45,6.1739999999999995,12.380883333333335,26.166566666666668,171
328,0.92,390.5858333333336,43.94,-30.95,15.59,6.3,12.406783333333333,26.203433333333336,171
329,0.92,394.1944444444445,46.69,-31.28,15.54,6.072000000000001,12.3969,23.128,171
330,0.92,462.91,52.46,-34.72,15.49,5.957999999999999,12.389483333333333,23.17533333333333,171
331,0.92,487.3772222222223,54.56,-37.45,16.27,6.031999999999999,12.511733333333336,21.78858333333333,171
332,0.92,516.4177777777778,58.43,-38.53,16.62,5.973999999999998,12.523,18.796333333333326,171
333,0.92,471.5844444444445,55.0,-35.05,15.65,5.894,12.441483333333334,18.4126,171
334,0.92,491.1266666666669,54.71,-37.6,15.71,5.904,12.447566666666667,22.393400000000003,171
335,0.92,483.56833333333327,54.34,-36.86,15.56,5.965999999999998,12.434166666666668,20.5483,171
336,0.92,525.3755555555556,55.22,-39.15,15.47,5.892,12.446166666666667,20.28493333333334,171
337,0.92,820.7258333333334,55.96,-44.98,16.01,5.742000000000001,12.48051666666667,12.23265,171
338,0.92,498.0866666666668,60.89,-53.93,18.48,5.736000000000001,12.754833333333336,6.446533333333332,171
339,0.92,0.7433333333333343,60.36,-23.83,18.13,0.7659999999999999,12.657533333333333,0.5913333333333335,171
340,0.9,635.0488888888889,63.08,-58.98,17.84,5.932,12.395733333333334,9.3074,171
341,0.92,725.195,91.37,-42.89,18.32,5.382000000000001,12.90215,9.393883333333337,171
342,0.9,582.1,120.01,-76.41,18.19,5.812,12.527333333333333,7.2165333333333335,171
343,0.32,970.0205555555556,64.3,-55.59,16.95,6.377999999999999,3.45285,37.80146666666667,171
344,0.92,721.3222222222223,44.51,-28.59,15.42,6.426,12.390733333333333,27.09236666666667,171
345,0.92,81.03666666666669,40.59,-27.12,15.37,5.724,12.332983333333333,3.5644666666666667,171
346,0.92,604.1830555555556,54.75,-40.4,15.54,6.154,12.426983333333332,26.78371666666667,171
347,0.92,393.36166666666674,39.15,-33.05,16.26,6.26,12.468700000000002,26.17576666666667,171
348,0.92,381.19638888888886,43.36,-31.32,15.41,6.2379999999999995,12.372450000000002,26.115166666666664,171
349,0.92,385.05750000000006,46.13,-32.98,15.36,6.218000000000001,12.354500000000002,26.16351666666667,171
350,0.92,678.8063888888888,46.7,-32.37,15.44,6.8679999999999986,12.375366666666668,27.03768333333333,171
351,0.92,245.2027777777778,18.58,-39.65,15.65,5.9239999999999995,12.575233333333333,7.3027000000000015,171
352,0.92,585.4150000000002,51.79,-36.09,15.61,4.51,12.378083333333333,13.00655,171
353,0.92,57.8025,48.56,-24.23,15.84,4.612,12.407366666666665,2.266916666666667,171
354,0.92,151.2533333333334,56.06,-25.45,16.45,4.742000000000001,12.498666666666667,5.772466666666666,171
355,0.62,346.2600000000001,56.91,-46.4,15.97,5.42,7.645933333333334,10.510666666666667,171
356,0.92,190.0219444444445,38.07,-39.56,15.4,5.435999999999999,12.442466666666668,3.7532166666666673,171
357,0.74,512.0141666666666,86.86,-55.14,16.63,5.69,9.838333333333336,12.52395,171
358,0.34,1012.2877777777776,79.27,-82.72,22.58,4.744,3.7229333333333336,28.797466666666665,171
359,0.92,0.5494444444444444,71.77,-27.75,18.62,-12.196000000000002,12.939633333333333,-0.9005666666666666,171
360,0.92,1616.2711111111112,115.86,-86.56,20.68,5.130000000000001,12.5783,27.26215,171
361,0.92,2.643055555555556,86.39,-30.21,19.25,-9.366,13.1073,-0.3876333333333334,171
362,0.82,752.7988888888889,91.63,-43.39,15.81,6.241999999999999,10.5198,28.842533333333336,171
363,0.92,723.9172222222223,38.6,-31.06,15.73,6.282000000000001,12.435016666666668,27.241466666666675,171
364,0.92,113.65666666666668,32.97,-33.07,15.67,6.303999999999999,12.419300000000002,25.78886666666667,171
365,0.92,293.31777777777774,41.13,-30.82,15.42,6.066,12.395283333333332,22.65413333333333,171
366,0.92,84.60361111111112,45.48,-25.14,15.49,5.946000000000001,12.408033333333336,8.41055,171
367,0.92,638.541111111111,43.75,-31.45,15.4,5.61,12.326950000000002,14.617816666666664,171
368,0.92,31.58666666666668,52.31,-25.3,15.58,5.0280000000000005,12.412566666666665,3.567133333333333,171
369,0.78,848.9777777777779,54.31,-49.85,16.07,6.153999999999999,10.383933333333333,22.08400000000001,171
370,0.92,1.4197222222222228,84.2,-23.53,18.44,-13.915999999999999,13.220133333333333,-1.1243,171
371,0.4,2185.429444444445,186.52,-152.13,30.95,6.308000000000002,4.509566666666667,46.06703333333333,171
372,0.92,77.83222222222223,13.61,-49.96,15.56,4.862,12.4787,4.392133333333335,171
373,0.92,1.5663888888888882,102.2,-29.75,18.92,-6.438,13.148683333333334,-0.37015,171
374,0.92,1117.5744444444442,126.52,-64.02,19.72,6.408,13.13705,28.40316666666667,171
375,0.92,437.20583333333326,43.22,-31.21,15.54,6.346,12.394083333333333,26.388316666666665,171
376,0.92,434.90333333333336,47.78,-31.47,15.45,6.042000000000001,12.377,26.25658333333333,171
377,0.92,432.82083333333344,48.34,-32.85,15.42,6.239999999999998,12.373583333333334,26.252966666666676,171
378,0.92,327.5300000000001,49.62,-32.28,15.46,5.74,12.3852,7.9173333333333344,171
379,0.92,1006.3775,54.75,-35.77,15.54,5.8199999999999985,12.45225,27.706450000000004,171
380,0.92,349.21444444444444,52.95,-29.08,15.47,6.5280000000000005,12.361066666666668,26.0536,171
381,0.92,561.2922222222223,31.12,-37.51,15.95,5.84,12.44186666666667,12.767000000000001,171
382,0.92,668.8566666666667,46.67,-59.66,16.8,5.654000000000001,12.542366666666668,21.9372,171
383,0.92,1.4883333333333335,82.62,-19.69,20.13,-22.910000000000004,13.162516666666667,-1.9518666666666669,171
384,0.5,1174.7955555555557,228.54,-120.63,26.64,5.952000000000001,5.8503333333333325,25.95166666666667,171
385,0.92,1.903333333333333,86.3,-18.63,19.75,-7.959999999999999,12.93435,-0.3328166666666667,171
386,0.92,1.2141666666666675,122.97,-18.47,19.67,-1.672,12.720833333333335,0.3508666666666667,171
387,0.52,1965.993888888889,99.84,-112.24,23.97,6.4700000000000015,6.273783333333332,39.6306,171
388,0.92,394.3297222222223,43.11,-29.88,15.43,6.37,12.381083333333335,26.32495,171
389,0.92,895.4836111111113,44.31,-38.26,15.55,6.6960000000000015,12.422983333333333,27.746266666666674,171
390,0.92,216.73916666666665,35.59,-30.8,15.48,6.0120000000000005,12.391783333333334,10.222916666666666,171
391,0.92,180.735,45.36,-29.09,15.6,5.978,12.409933333333333,14.079833333333333,171
392,0.92,431.9913888888889,45.38,-31.07,15.47,6.15,12.326166666666667,26.34856666666667,171
393,0.92,423.9294444444445,49.67,-31.74,15.41,6.156000000000001,12.363300000000002,26.359233333333336,171
394,0.92,385.08111111111117,46.36,-33.78,16.18,5.984,12.49901666666667,13.761666666666667,171
395,0.92,216.3188888888889,48.49,-31.18,15.54,5.7139999999999995,12.415900000000002,6.128200000000001,171
396,0.92,611.6788888888889,51.07,-34.57,15.5,5.952000000000001,12.3767,21.5086,171
397,0.74,956.1197222222223,55.7,-119.41,24.48,5.502000000000001,9.7878,22.98605000000001,171
398,0.92,0.6922222222222227,93.52,-23.68,18.64,-25.68,13.337416666666664,-2.399883333333334,171
399,0.6,1593.8455555555556,229.6,-130.87,28.29,5.8260000000000005,7.615350000000001,34.57168333333334,171
1,0.82,271.43,36.49,-13.56,26.14,13.772,15.153600000000004,22.72795,964
2,0.82,273.8966666666667,36.45,-14.36,25.11,13.27,14.6972,22.72618333333333,964
3,0.82,286.28916666666674,36.2,-15.72,24.2,13.452000000000002,14.431733333333336,22.744666666666664,964
4,0.94,250.27916666666667,38.54,-14.14,24.21,13.558000000000002,16.103000000000005,21.047,964
5,0.84,274.18888888888887,35.91,-15.82,24.68,13.295999999999998,15.099316666666667,22.42346666666667,964
6,0.82,282.03,36.55,-13.53,25.65,13.138,15.2514,22.659650000000006,964
7,0.8,315.84222222222223,36.83,-27.33,20.66,13.578,13.510033333333334,23.133333333333336,964
8,1.14,236.13055555555556,37.86,-13.95,24.88,13.344000000000001,19.194933333333328,18.378916666666665,964
9,0.82,280.11555555555555,37.26,-18.27,24.51,12.826,15.121533333333332,21.014583333333327,964
10,1.04,282.9166666666667,39.91,-17.67,21.18,13.616,16.086183333333334,19.833000000000006,964
11,0.98,0.0,37.13,-7.67,24.71,12.48,16.6178,0.0,964
12,0.8,494.11,37.34,-73.33,29.06,12.830000000000002,20.313866666666666,21.3456,964
13,0.82,374.9861111111112,42.67,-18.92,21.77,13.494000000000002,13.698733333333335,23.0717,964
14,0.86,295.2669444444445,37.91,-17.38,24.61,13.282,15.068133333333336,22.26805,964
15,0.82,324.5525,37.12,-18.4,24.76,13.36,15.104133333333333,22.8907,964
16,0.88,325.9533333333333,37.2,-18.47,22.95,11.934,13.087716666666667,19.966733333333334,964
17,0.84,238.71000000000006,38.48,-13.82,19.85,12.716,11.476916666666664,18.353083333333334,964
18,0.82,274.9658333333334,37.59,-15.62,19.4,13.521999999999995,11.658,22.684066666666666,964
19,0.82,322.6211111111112,36.07,-17.94,24.45,13.198000000000002,14.443066666666667,22.84723333333333,964
20,0.82,271.98055555555555,37.04,-15.79,20.01,13.486,12.1056,22.65238333333333,964
21,0.82,287.5344444444445,36.37,-19.81,23.06,12.668,13.030333333333335,18.727400000000006,964
22,0.82,257.0133333333334,38.3,-17.87,18.43,12.812,11.698866666666666,18.0932,964
23,0.8,306.43027777777775,39.08,-27.63,18.98,12.866,12.426016666666666,18.57848333333333,964
24,0.82,259.72111111111116,39.73,-19.02,19.29,12.816,12.0772,20.20693333333334,964
25,0.82,369.08722222222224,38.24,-18.5,19.77,13.255999999999998,12.425666666666672,22.985100000000006,964
26,0.82,270.6686111111111,38.96,-14.81,20.3,13.344000000000001,11.426133333333333,22.662650000000006,964
27,0.96,270.33111111111117,36.67,-17.12,24.41,13.327999999999998,16.14905,20.8476,964
28,0.84,309.6055555555556,36.35,-15.95,24.04,13.473999999999998,13.732966666666664,22.546333333333337,964
29,0.98,0.0,36.79,-5.34,24.85,12.01,15.334066666666667,0.0,964
30,0.8,452.3663888888889,37.61,-63.33,29.19,12.722,19.285916666666665,20.8281,964
31,0.8,352.03333333333336,41.67,-28.03,20.46,13.64,13.328783333333336,23.216866666666665,964
32,0.94,237.62472222222226,38.2,-15.08,25.18,13.822000000000001,16.0416,21.011133333333333,964
33,0.8,371.46444444444455,36.08,-29.02,25.98,12.816,15.765416666666667,22.69546666666667,964
34,0.9,316.4861111111112,39.53,-17.75,19.94,12.218,12.789466666666668,19.764783333333334,964
35,1.1,261.7255555555556,36.7,-17.07,24.09,12.038,16.260133333333336,17.525666666666666,964
36,0.98,353.81750000000005,37.15,-20.69,23.09,12.342,15.361533333333336,18.8955,964
37,0.92,326.6922222222222,35.41,-17.91,24.02,11.978,13.606983333333332,19.517533333333333,964
38,1.02,262.2138888888889,35.94,-18.83,23.15,12.208,14.860466666666667,18.35538333333333,964
39,0.88,380.18,36.73,-24.52,23.34,12.154000000000002,13.836850000000002,20.095133333333337,964
40,0.98,0.0,36.15,-7.76,27.14,7.96,15.7274,0.0,964
41,0.8,414.6052777777778,37.98,-54.57,24.8,12.712,16.59498333333333,22.692083333333336,964
42,0.86,334.095,40.53,-16.46,19.94,13.279999999999998,12.362733333333335,22.34668333333334,964
43,0.86,298.5369444444445,36.83,-15.3,24.95,13.557999999999998,14.682466666666668,22.2316,964
44,0.86,254.1505555555556,36.49,-15.14,24.78,13.206,13.782600000000004,22.05393333333333,964
45,0.88,297.9355555555556,36.86,-14.13,23.99,13.734000000000002,14.794766666666668,22.04026666666667,964
46,0.88,277.4211111111111,36.77,-16.52,25.72,11.402000000000001,14.789283333333335,17.921866666666666,964
47,0.84,204.17333333333332,37.18,-12.15,18.23,13.824000000000002,11.533983333333332,22.27133333333333,964
48,0.82,354.86,36.51,-18.3,26.17,13.323999999999998,15.558733333333333,22.959750000000003,964
49,0.92,252.1844444444445,36.53,-13.84,24.89,13.644,15.132666666666667,21.35166666666666,964
50,0.9,265.88472222222225,36.6,-14.99,24.93,13.392000000000001,15.349466666666665,21.621216666666665,964
51,0.92,251.88444444444445,35.67,-12.28,24.71,13.374,16.000083333333336,21.33526666666668,964
52,0.84,250.81666666666663,36.62,-14.28,24.19,13.505999999999998,14.330466666666664,22.356466666666666,964
53,0.82,318.63416666666666,36.69,-18.04,24.64,13.395999999999999,15.133533333333334,22.83011666666667,964
54,0.84,275.3233333333334,36.53,-15.28,24.44,13.502,14.88235,22.43593333333333,964
55,0.84,296.11666666666673,36.04,-17.1,24.68,13.566,14.724200000000002,22.50046666666667,964
56,0.86,251.08777777777786,37.13,-12.9,24.75,13.173999999999998,15.413,22.05738333333333,964
57,0.82,274.6611111111112,36.94,-15.28,23.9,13.55,14.608066666666668,22.654083333333336,964
58,0.82,264.29305555555555,37.7,-17.6,24.09,13.576,14.064933333333334,22.671616666666665,964
59,0.84,268.84444444444443,37.41,-15.2,24.49,13.216,14.929216666666667,22.3858,964
60,0.82,292.37833333333333,36.36,-16.76,24.23,13.524,14.708866666666667,22.76723333333333,964
61,0.82,274.62666666666667,36.83,-14.54,25.75,13.53,15.163933333333334,22.71145,964
62,0.82,285.0672222222222,36.88,-17.16,24.35,12.845999999999998,14.539600000000002,22.64806666666667,964
63,0.82,274.7644444444444,37.9,-15.11,20.5,13.602,12.845133333333335,22.71276666666667,964
64,0.82,296.2086111111111,37.43,-16.94,24.62,13.37,14.906866666666668,22.78076666666667,964
65,0.82,313.4952777777778,37.21,-18.75,24.19,13.686000000000002,14.5684,22.87433333333333,964
66,0.98,0.0,36.74,-8.53,25.46,9.22,15.5186,0.0,964
67,0.8,464.19388888888886,38.02,-63.41,27.41,12.762,18.209833333333336,21.356016666666665,964
68,0.82,338.08861111111116,41.94,-21.24,21.15,13.563999999999998,13.429266666666667,22.8726,964
69,0.84,274.49222222222215,38.22,-15.82,24.77,13.354000000000001,14.9319,22.448733333333333,964
70,0.84,317.1444444444445,37.43,-17.57,24.74,13.551999999999998,15.062133333333335,22.592800000000004,964
71,0.82,293.4969444444445,37.34,-15.76,24.59,13.551999999999998,14.163466666666665,22.75491666666667,964
72,0.94,289.31472222222226,35.97,-17.26,23.11,13.544,14.355733333333335,21.204550000000005,964
73,0.96,338.77222222222224,36.54,-20.0,24.59,11.884,15.488133333333336,19.0256,964
74,0.9,283.5788888888889,37.46,-17.98,19.27,11.49,11.5372,17.028599999999994,964
75,0.82,263.1305555555556,37.43,-15.24,17.78,13.606,10.352,22.68048333333333,964
76,0.94,325.7244444444444,35.94,-20.89,22.9,12.034000000000002,13.025733333333333,19.292233333333336,964
77,0.82,252.8158333333334,36.12,-18.34,22.64,12.718,11.611733333333335,19.951083333333337,964
78,0.94,347.00055555555565,37.05,-20.19,18.89,12.112,12.3838,19.309300000000004,964
79,0.98,304.50666666666666,36.79,-17.42,22.89,12.07,12.903066666666668,18.80313333333334,964
80,0.98,0.0,37.2,-6.61,23.4,13.07,14.984733333333335,0.0,964
81,0.8,426.70805555555563,36.8,-64.88,29.16,12.687999999999999,19.67363333333333,19.156566666666667,964
82,0.8,330.5413888888889,42.31,-21.75,20.24,12.658,12.493166666666667,19.7244,964
83,0.8,312.0044444444445,39.35,-21.44,19.64,13.214000000000002,12.011416666666667,23.099400000000006,964
84,0.86,258.43111111111114,38.07,-14.96,22.54,13.316,13.807333333333332,22.10658333333333,964
85,0.82,317.7125,36.67,-15.79,24.4,13.608,14.358466666666667,22.878616666666666,964
86,0.96,300.20222222222225,37.43,-15.35,24.49,11.966,15.584450000000002,18.937666666666672,964
87,0.92,260.49,36.87,-13.33,23.58,13.685999999999998,15.347616666666667,21.383133333333333,964
88,1.16,271.54555555555555,35.44,-17.67,26.73,13.483999999999998,21.460266666666673,18.226533333333336,964
89,0.84,258.52777777777777,36.69,-15.36,24.78,12.804000000000002,14.928133333333335,21.793866666666666,964
90,0.8,324.8300000000001,38.81,-26.25,19.97,13.542000000000002,12.558333333333335,23.125400000000006,964
91,0.98,0.0,36.8,-5.54,24.84,11.24,16.21886666666667,0.0,964
92,0.8,491.33888888888885,38.26,-55.07,23.87,13.424,15.269383333333336,23.84226666666667,964
93,0.8,331.70444444444445,39.97,-58.23,29.73,12.622,19.515600000000006,15.428400000000002,964
94,0.8,337.97,43.14,-21.65,21.35,13.498,13.246899999999998,23.20553333333333,964
95,0.82,305.7575,38.56,-18.13,26.07,13.429999999999998,15.92826666666667,22.780266666666666,964
96,0.92,283.3477777777778,37.78,-16.62,24.63,12.744000000000002,15.348883333333335,20.839866666666666,964
97,0.8,305.1788888888889,37.57,-30.5,19.63,12.77,12.95935,19.34993333333333,964
98,0.82,297.53694444444443,39.32,-18.09,19.46,12.935999999999998,11.942733333333333,22.64185,964
99,0.82,298.4938888888889,39.04,-14.74,20.4,13.502,11.8502,22.806583333333336,964
100,0.84,251.4333333333333,36.52,-15.68,24.6,13.297999999999998,14.02195,22.33893333333333,964
101,0.82,299.1,35.99,-16.25,24.52,13.606,14.484333333333336,22.821316666666664,964
102,0.86,292.0761111111111,36.78,-18.74,25.33,12.824000000000002,14.652666666666667,21.12943333333333,964
103,0.82,291.96416666666664,38.54,-18.87,18.98,13.254000000000001,12.4194,22.68305,964
104,0.84,319.5644444444444,36.75,-18.21,21.9,13.16,12.31265,22.524,964
105,0.82,266.00333333333333,36.83,-14.81,21.27,12.836000000000002,11.8218,22.66433333333333,964
106,0.82,289.9519444444444,37.95,-16.5,18.54,13.468,11.805733333333334,22.72175,964
107,0.88,240.16333333333336,36.62,-15.77,25.01,13.427999999999999,15.3198,21.8516,964
108,0.88,320.11666666666673,36.59,-17.2,24.71,13.662,15.10046666666667,22.0636,964
109,0.94,290.933611111111,36.89,-17.13,25.16,12.102,15.396466666666667,19.1839,964
110,0.86,265.07,36.91,-17.96,23.41,13.395999999999999,13.8802,22.10068333333333,964
111,0.94,310.57527777777784,36.51,-18.84,24.87,12.154000000000002,15.1392,19.214683333333333,964
112,0.96,267.1877777777778,36.13,-15.93,24.1,11.498,15.2101,17.4726,964
113,0.82,252.46166666666667,38.3,-16.55,18.17,13.5,11.551066666666667,22.64635,964
114,1.02,272.3811111111111,36.8,-16.66,26.1,11.677999999999999,16.864,17.412066666666668,964
115,0.82,287.38694444444445,36.93,-16.28,18.78,13.265999999999998,11.954133333333333,22.67758333333333,964
116,0.86,272.00916666666666,38.32,-16.02,24.41,13.334000000000001,14.898400000000002,22.13038333333333,964
117,0.82,245.7722222222223,36.57,-12.23,24.42,12.96,14.27086666666667,22.5418,964
118,0.8,306.9744444444445,36.6,-24.47,19.91,13.376,12.98355,23.065800000000007,964
119,0.94,224.55027777777772,37.65,-16.02,24.69,13.272,16.318733333333334,20.984183333333334,964
120,0.82,296.36277777777775,36.77,-17.69,22.8,13.45,13.872466666666664,22.69025,964
121,0.82,240.6316666666667,37.99,-16.17,24.66,12.818,15.028333333333334,20.428866666666668,964
122,0.8,344.40777777777777,37.86,-39.69,20.93,13.578,14.053466666666667,23.242466666666665,964
123,0.92,271.99777777777786,38.37,-14.47,25.25,13.177999999999999,16.375550000000004,21.358466666666672,964
124,0.8,325.06722222222226,37.25,-24.42,21.87,12.771999999999998,13.392133333333335,22.79251666666667,964
125,0.82,198.14333333333332,39.58,-15.08,19.8,12.638,12.674733333333334,18.9274,964
126,0.82,264.28111111111104,38.94,-17.73,21.41,12.607999999999999,13.447400000000002,20.25506666666667,964
127,0.82,334.5616666666665,38.08,-18.44,19.83,12.892,12.626,21.76411666666667,964
128,0.82,314.78388888888895,38.99,-17.96,19.31,13.494000000000002,12.1376,22.77641666666667,964
129,0.98,313.618888888889,36.54,-19.42,24.28,12.026,15.814733333333333,18.712933333333336,964
130,0.86,271.82944444444445,36.4,-17.95,23.78,12.94,14.729133333333333,22.07486666666667,964
131,0.84,287.50222222222226,37.52,-15.31,19.55,13.3,11.968266666666667,22.40626666666667,964
132,0.94,247.88083333333333,36.84,-13.42,24.27,13.702000000000002,15.595333333333334,21.018583333333336,964
133,0.82,312.8641666666667,35.88,-17.29,25.15,13.368,14.801399999999996,22.80136666666667,964
134,0.86,268.98694444444453,36.8,-16.73,24.46,13.626,14.5734,22.16546666666667,964
135,0.82,305.37416666666667,36.44,-19.17,25.12,13.26,14.962400000000002,22.74213333333333,964
136,0.82,289.37388888888887,36.56,-15.05,22.94,13.345999999999998,12.731066666666667,22.71228333333334,964
137,0.96,284.9677777777778,37.27,-17.38,24.71,13.532,16.18546666666667,20.865266666666674,964
138,0.84,279.59222222222223,36.28,-14.46,24.57,13.378,14.167883333333334,22.455,964
139,0.94,286.86888888888893,36.25,-18.37,24.38,13.642,15.759133333333333,21.1395,964
140,0.94,261.50250000000005,36.38,-16.42,24.96,13.665999999999999,15.554533333333335,21.072000000000006,964
141,0.84,276.46666666666664,36.04,-17.03,24.66,13.342,14.815933333333335,22.39326666666667,964
142,0.82,284.14527777777784,36.28,-15.46,24.17,13.51,13.930866666666665,22.74995,964
143,0.82,276.08055555555563,36.65,-16.68,24.49,13.405999999999999,14.168533333333334,22.656933333333345,964
144,0.82,305.6686111111112,36.97,-16.15,23.82,12.95,14.3434,22.77636666666667,964
145,0.82,224.98277777777776,38.46,-13.41,19.15,13.712,11.815933333333335,22.588800000000006,964
146,0.8,339.8811111111111,35.81,-32.14,24.62,13.322000000000001,15.037350000000002,23.211533333333332,964
147,0.88,254.97777777777782,38.22,-13.27,24.32,13.422,14.664266666666668,21.85046666666667,964
148,0.8,290.5680555555556,36.81,-40.41,25.62,12.86,16.529450000000004,19.13478333333333,964
149,0.84,292.4055555555557,40.17,-16.16,20.06,13.488,13.05455,22.476,964
150,0.82,326.7936111111111,37.32,-14.35,25.14,13.54,14.850800000000005,22.8951,964
151,0.82,272.37194444444447,36.78,-19.07,24.97,13.142000000000001,14.252133333333335,22.66696666666667,964
152,0.98,0.0,36.99,-0.94,26.0,12.8,17.020400000000002,0.0,964
153,0.8,476.4611111111112,38.69,-60.76,28.57,13.313999999999998,18.83175,23.82346666666667,964
154,0.82,309.52777777777777,40.72,-15.99,26.19,13.462,15.7066,22.80336666666667,964
155,0.82,302.39083333333343,37.58,-15.55,25.01,13.413999999999998,15.303333333333335,22.7927,964
156,0.82,292.3069444444445,37.15,-15.48,24.45,13.382,14.8056,22.77015,964
157,0.82,258.1930555555556,36.9,-13.05,24.83,13.427999999999999,15.018133333333335,22.70196666666667,964
158,0.8,312.8411111111111,36.41,-24.13,25.0,13.306,15.1238,23.08833333333333,964
159,1.04,261.2555555555556,39.45,-13.31,24.32,13.419999999999998,17.14505,19.775400000000005,964
160,0.82,298.1219444444444,35.98,-15.73,25.48,13.31,15.36526666666667,22.7192,964
161,0.86,242.6875,36.6,-13.09,24.6,13.484000000000002,14.894666666666666,22.053950000000004,964
162,0.82,299.455,36.36,-15.46,24.86,13.52,15.146133333333333,22.77005,964
163,0.82,270.21333333333337,35.93,-16.44,24.41,13.255999999999998,14.590533333333333,22.63301666666667,964
164,0.82,250.335,37.86,-13.61,24.11,13.636,14.718800000000005,22.6116,964
165,0.8,317.8,37.31,-18.57,25.08,13.517999999999999,15.398600000000002,23.1116,964
166,0.82,303.0383333333333,37.9,-15.43,24.65,13.04,14.9572,22.7844,964
167,0.98,0.0,37.26,-0.22,23.31,11.9,15.912,0.0,964
168,0.8,435.06777777777785,37.26,-63.07,27.3,12.648,18.551,19.708033333333336,964
169,0.82,366.40361111111116,42.07,-19.08,21.95,13.151999999999996,13.717133333333335,23.00443333333333,964
170,0.86,272.1922222222222,38.09,-19.52,23.11,12.802,13.9776,20.245666666666672,964
171,0.82,344.39555555555563,38.41,-22.03,20.2,12.822000000000001,13.002466666666667,22.5354,964
172,0.8,326.48444444444436,39.36,-28.74,19.54,12.675999999999998,12.351083333333333,21.546533333333336,964
173,0.84,343.5411111111111,39.01,-19.22,20.41,13.158,11.868266666666667,22.5556,964
174,0.96,293.4633333333333,37.06,-18.28,22.88,11.515999999999998,12.973716666666668,17.11093333333333,964
175,0.82,388.45583333333326,37.8,-17.5,17.76,13.612,10.469333333333337,23.11053333333334,964
176,0.8,97.02111111111113,36.38,-57.78,31.91,12.912,20.6914,3.7218,964
177,0.8,336.3363888888888,41.48,-20.6,19.88,12.85,11.856850000000005,22.95821666666667,964
178,0.8,316.5433333333333,38.83,-27.0,19.35,12.998,11.791416666666667,23.08140000000001,964
179,0.88,366.5744444444445,40.49,-18.57,20.28,12.058000000000002,12.010416666666668,20.049266666666668,964
180,0.86,270.19444444444446,38.06,-19.3,22.7,11.706,11.740933333333334,17.900800000000004,964
181,0.86,260.37888888888887,37.09,-17.57,18.42,11.514000000000001,10.957466666666667,16.43606666666667,964
182,0.82,271.9916666666666,37.3,-13.86,18.05,13.48,10.706066666666663,22.67591666666667,964
183,0.94,308.5527777777778,37.31,-18.88,23.65,12.044,13.5616,19.226183333333328,964
184,0.9,266.33555555555563,37.18,-16.04,23.22,13.476,14.336000000000002,21.5476,964
185,1.02,260.04111111111115,36.49,-13.9,25.02,13.366,16.913866666666667,20.03325,964
186,0.88,296.5122222222223,36.4,-15.22,24.44,13.415999999999999,15.037566666666667,21.9906,964
187,0.92,271.6188888888889,35.69,-15.15,25.34,13.448,15.937733333333336,21.35886666666667,964
188,0.84,310.82666666666665,35.87,-16.48,23.25,13.295999999999998,12.67385,22.5758,964
189,0.84,296.8066666666667,35.95,-13.78,23.44,13.638,12.588016666666668,22.56006666666667,964
190,0.98,0.0,37.11,-11.08,25.7,11.17,15.826733333333333,0.0,964
191,0.8,457.2755555555556,37.68,-47.95,27.63,13.476,17.7327,23.67093333333333,964
192,0.84,238.66666666666663,39.09,-16.36,25.33,13.485999999999999,14.89245,22.299133333333334,964
193,0.82,332.15222222222224,37.14,-18.24,24.21,13.222000000000001,14.693266666666664,22.80771666666667,964
194,0.82,305.28722222222234,37.25,-13.72,24.14,13.686000000000002,14.27066666666667,22.80555,964
195,0.98,0.0,36.44,-10.25,26.87,12.65,17.9812,0.0,964
196,0.8,509.6155555555557,38.49,-62.39,29.09,13.614,18.989966666666668,23.91686666666667,964
197,0.82,318.2466666666668,39.78,-18.41,25.66,13.38,15.774,22.841833333333334,964
198,0.82,298.9819444444445,37.64,-16.85,24.72,13.364,14.982733333333336,22.73651666666667,964
199,0.82,310.935,36.89,-17.36,24.64,13.404000000000002,14.970266666666667,22.796966666666666,964
200,0.9,258.9475,37.2,-14.31,24.94,13.66,15.488866666666665,21.61683333333333,964
201,0.82,364.2402777777778,36.83,-18.62,25.48,13.606,15.428933333333335,23.04995,964
202,0.98,0.0,37.45,-10.02,25.51,11.21,16.732933333333335,0.0,964
203,0.8,467.1266666666668,38.52,-60.13,25.66,12.894,17.17396666666667,23.71406666666667,964
204,0.82,305.74222222222215,40.84,-18.73,20.94,13.182,12.923066666666667,22.76291666666667,964
205,0.98,0.0,37.7,-2.97,24.85,11.93,16.53473333333333,0.0,964
206,0.8,544.0822222222224,37.4,-68.3,29.11,13.48,19.41775,23.955733333333335,964
207,0.82,282.73583333333335,40.57,-16.79,25.46,13.706,15.397933333333334,22.7589,964
208,0.8,334.5466666666667,37.44,-26.97,27.66,12.696,16.336583333333333,18.663716666666673,964
209,0.8,333.2277777777778,39.79,-24.95,19.2,13.172,12.741533333333333,23.202133333333336,964
210,0.82,294.2580555555556,38.3,-20.47,24.53,13.6,14.908066666666667,22.7613,964
211,0.92,277.23222222222216,36.17,-15.16,25.15,13.418,15.934833333333335,21.416800000000006,964
212,0.88,220.68555555555562,36.44,-15.09,24.77,12.71,15.262150000000002,17.490933333333334,964
213,0.82,292.08111111111117,38.5,-14.93,19.58,13.432,12.237666666666668,22.74991666666667,964
214,0.82,305.0113888888889,36.57,-15.53,24.03,13.267999999999999,14.04566666666667,22.75141666666667,964
215,0.86,214.64583333333331,36.97,-11.82,23.41,13.642000000000001,13.501333333333335,21.99016666666667,964
216,0.8,304.1855555555556,35.72,-25.08,24.67,13.486,14.484666666666667,23.1462,964
217,0.82,296.6741666666666,37.15,-18.3,24.09,13.303999999999998,14.188266666666667,22.73381666666667,964
218,0.82,290.07277777777784,37.24,-16.12,26.83,13.722000000000001,16.019866666666665,22.78373333333333,964
219,0.82,295.41416666666663,37.98,-16.46,25.3,13.272,15.4374,22.73888333333333,964
220,0.82,272.7352777777778,36.48,-15.62,24.09,13.434,14.675066666666668,22.70908333333333,964
221,1.02,0.0,36.46,-7.31,25.08,12.29,16.892866666666666,0.0,964
222,0.8,559.3555555555556,37.49,-70.35,29.67,13.3,19.697850000000006,24.1562,964
223,0.82,308.2913888888889,41.25,-17.51,21.15,12.752,13.101733333333335,22.751483333333336,964
224,0.86,281.1480555555555,40.22,-14.48,19.26,13.104000000000005,12.348533333333332,22.18143333333333,964
225,0.82,307.1766666666668,37.66,-15.82,21.56,13.154000000000002,12.606733333333334,22.774483333333336,964
226,0.82,273.22222222222234,37.45,-16.43,20.84,12.663999999999998,12.479400000000002,21.28413333333334,964
227,0.82,288.9013888888889,37.62,-16.83,19.47,12.772,12.100733333333334,22.14623333333333,964
228,0.82,287.90111111111116,38.97,-14.56,20.1,13.382,12.080933333333334,22.70486666666667,964
229,0.86,222.38888888888889,36.5,-16.39,24.25,13.202000000000002,14.990466666666668,21.997516666666666,964
230,0.82,309.1272222222223,37.27,-16.84,26.08,13.144,15.969866666666665,22.76915,964
231,0.82,275.5105555555556,37.04,-15.36,23.45,13.288,13.999866666666668,22.566150000000004,964
232,0.82,275.1508333333333,37.14,-15.09,24.09,13.058000000000002,14.966466666666667,22.6625,964
233,0.8,283.3411111111111,37.08,-19.32,22.93,13.282,13.675983333333335,22.960266666666666,964
234,0.82,260.5183333333334,39.06,-14.93,24.3,13.207999999999998,14.897133333333334,22.665616666666665,964
235,0.8,338.1500000000001,37.51,-48.71,27.13,12.628,17.7456,18.746316666666672,964
236,0.82,268.23833333333334,39.87,-15.25,20.68,13.592000000000002,12.965066666666665,22.70551666666667,964
237,0.8,298.11,37.02,-19.45,24.76,13.236,15.275333333333334,23.0434,964
238,0.82,284.37138888888893,38.15,-14.54,24.23,13.484000000000002,14.747666666666667,22.78463333333333,964
239,0.82,298.1311111111111,37.59,-16.08,24.34,13.618,14.531333333333334,22.85248333333334,964
240,0.82,237.6291666666667,36.64,-13.86,24.77,13.274,15.062666666666667,22.60886666666667,964
241,0.82,343.9891666666666,36.5,-18.08,24.63,13.306,15.155933333333335,22.88713333333333,964
242,0.82,258.73138888888883,36.21,-13.92,23.47,13.512,13.467333333333334,22.63896666666667,964
243,0.82,286.76222222222225,36.89,-16.26,24.53,13.238,14.676333333333336,22.726450000000003,964
244,0.82,269.8294444444445,36.93,-14.52,24.25,13.35,14.250466666666668,22.65175,964
245,0.82,266.61083333333335,37.68,-15.11,24.59,13.517999999999999,15.127800000000002,22.708016666666676,964
246,0.8,362.32388888888903,36.79,-47.36,23.92,12.674,15.609000000000002,22.52525,964
247,1.06,0.0,40.28,3.16,20.74,14.02,13.1696,0.0,964
248,0.8,564.5055555555557,37.39,-59.52,28.63,13.692000000000002,19.138083333333334,24.142333333333333,964
249,0.8,200.50222222222217,39.2,-60.63,33.59,12.89,21.270416666666673,9.78946666666667,964
250,0.8,430.26555555555575,43.45,-27.97,20.5,13.782,12.082633333333336,23.53586666666667,964
251,0.94,338.0044444444445,38.92,-18.12,26.16,12.184000000000001,15.689533333333333,19.351666666666674,964
252,0.98,297.40861111111116,37.28,-14.56,23.77,12.362,13.920000000000002,18.910416666666674,964
253,0.8,271.1525,36.65,-64.97,30.54,12.822000000000001,20.12248333333333,12.932383333333332,964
254,0.82,307.1011111111111,43.13,-20.47,19.76,12.922,10.326999999999998,22.73548333333333,964
255,0.8,274.53333333333336,38.33,-20.99,19.16,12.735999999999999,10.843766666666667,20.809933333333333,964
256,0.82,334.0577777777778,39.06,-18.12,19.26,12.816,10.564066666666667,21.556,964
257,0.82,252.89527777777775,38.54,-18.81,18.75,12.788,11.365933333333333,19.91433333333334,964
258,0.82,324.1441666666667,38.83,-17.88,19.2,12.886,10.709733333333334,21.23873333333334,964
259,0.82,276.58,39.47,-15.17,18.99,13.56,10.40006666666667,22.7143,964
260,0.8,272.23277777777776,36.14,-52.66,28.48,12.722000000000001,18.959016666666667,15.994566666666666,964
261,0.82,346.89194444444456,40.78,-21.46,19.66,13.53,11.5888,22.88865,964
262,0.86,269.83333333333337,37.29,-17.34,25.02,11.468,14.282733333333335,16.0308,964
263,0.82,275.4011111111111,37.79,-14.49,17.68,12.87,9.9016,21.57735,964
264,0.82,247.3275,38.33,-18.03,18.71,12.735999999999999,10.2108,19.370866666666664,964
265,0.82,347.71888888888896,37.34,-19.37,19.56,13.63,11.16206666666667,22.9094,964
266,0.82,283.0555555555556,37.23,-19.08,24.19,12.895999999999999,12.809266666666668,19.79346666666667,964
267,0.82,262.13166666666666,38.39,-17.46,18.67,13.079999999999998,10.504333333333337,22.60086666666667,964
268,0.88,277.61222222222216,39.1,-14.59,18.84,13.374,10.945733333333333,21.96,964
269,0.98,359.7172222222223,36.3,-19.15,24.25,12.132,14.0942,18.931716666666667,964
270,0.94,206.58666666666667,36.23,-14.75,25.08,11.636,13.866266666666668,15.897266666666667,964
271,0.82,291.8975000000001,36.88,-19.84,18.75,13.188,10.468933333333332,22.69985,964
272,1.02,314.87333333333333,36.12,-19.5,23.87,11.594000000000001,14.0084,16.542583333333333,964
273,0.82,291.3833333333334,38.01,-17.64,17.44,13.017999999999999,9.634133333333333,17.743666666666673,964
274,0.82,306.55833333333334,37.16,-15.45,18.04,13.356,9.7756,22.81413333333333,964
275,1.06,0.0,36.29,-7.88,25.25,14.39,16.232400000000002,0.0,964
276,0.8,382.5044444444445,37.22,-76.13,31.7,12.764,21.63845,14.195533333333335,964
277,0.8,433.30555555555566,45.03,-24.6,20.54,13.655999999999999,12.336516666666665,23.50746666666667,964
278,0.88,291.6775,38.77,-19.68,27.12,11.568,14.9755,16.315300000000004,964
279,0.82,311.7969444444445,37.6,-17.78,17.56,13.726,10.409266666666667,22.80663333333333,964
280,0.9,195.6761111111111,37.07,-15.04,25.72,12.78,15.545066666666667,19.21501666666667,964
281,0.98,0.0,37.5,-0.14,20.6,11.71,14.938133333333333,0.0,964
282,0.8,499.47222222222223,38.19,-56.86,26.99,13.174,17.588583333333332,23.8256,964
283,0.8,317.40333333333336,39.75,-31.84,27.47,12.806,16.493150000000004,20.7205,964
284,0.8,275.09222222222235,40.45,-32.79,23.61,13.633999999999995,15.232200000000002,23.0208,964
285,0.82,321.6425000000001,39.0,-20.3,25.89,13.433999999999996,16.366466666666668,22.90548333333333,964
286,0.82,207.1158333333333,37.98,-11.15,25.6,13.61,15.815933333333335,22.515,964
287,0.8,325.29555555555555,36.43,-17.13,26.72,13.368,16.143700000000006,23.222733333333334,964
288,0.82,295.28583333333336,38.04,-15.27,25.43,13.907999999999998,15.869133333333336,22.824316666666665,964
289,0.8,292.13000000000005,36.97,-31.32,27.27,12.752,16.099416666666666,18.23893333333333,964
290,0.8,349.4444444444445,38.76,-20.48,19.95,13.527999999999999,12.6331,23.27773333333333,964
291,0.94,312.6383333333333,38.49,-15.76,24.9,12.405999999999999,16.04453333333333,19.225816666666674,964
292,0.82,304.5894444444445,36.61,-14.42,25.61,13.412,15.269533333333333,22.81791666666667,964
293,0.94,233.18750000000003,36.61,-13.04,24.25,12.14,14.714933333333335,19.0951,964
294,0.82,185.1661111111111,36.54,-13.18,23.66,13.55,14.482333333333333,22.481516666666664,964
295,0.82,305.36444444444453,35.89,-18.62,24.57,12.95,15.162133333333335,22.7584,964
296,0.82,291.68666666666667,38.3,-18.06,19.47,13.512,12.4418,22.67521666666667,964
297,0.82,298.6138888888889,36.61,-17.33,24.08,13.704,14.194066666666664,22.73628333333333,964
298,0.82,285.1425,37.12,-15.9,24.74,13.24,15.038066666666667,22.703916666666668,964
299,0.84,284.72111111111116,36.74,-16.15,24.17,13.602,14.943183333333335,22.51213333333333,964
300,0.82,266.02333333333337,35.49,-14.61,25.2,13.238,14.633,22.68433333333333,964
1,0.44,726.6486111111113,29.56,-57.12,19.53,5.677999999999999,6.114133333333332,23.54006666666667,243
2,1.46,275.09277777777777,48.89,-61.0,20.41,3.47,26.583066666666664,16.103316666666668,243
3,1.12,129.38277777777782,36.22,-62.97,20.38,4.526000000000002,19.33515,12.961833333333335,243
4,0.76,354.12888888888887,32.1,-57.22,20.1,4.814,12.393383333333333,18.60345,243
5,1.06,665.8966666666664,39.24,-62.66,20.37,5.654,18.469800000000006,30.681200000000004,243
6,1.3,231.51361111111115,44.47,-61.96,20.56,3.9,23.3382,13.769133333333334,243
7,0.9,125.22916666666669,35.65,-62.47,20.29,4.478,15.194066666666668,14.075033333333336,243
8,0.82,439.77,33.87,-55.76,20.27,4.9319999999999995,13.602333333333334,18.331616666666665,243
9,1.24,197.39527777777772,39.75,-61.75,20.42,4.763999999999999,22.10245,14.6105,243
10,0.86,153.7211111111111,34.02,-63.33,20.2,5.1080000000000005,14.411066666666667,17.06751666666667,243
11,0.4,28.870000000000005,29.27,-53.02,19.4,4.0619999999999985,5.315383333333335,1.2735333333333334,243
12,0.36,514.78,28.4,-52.93,18.53,5.596000000000001,4.536216666666666,30.88136666666666,243
13,1.44,254.83555555555557,45.85,-62.1,20.53,3.7319999999999998,26.1374,14.935166666666666,243
14,1.26,359.8022222222222,36.29,-60.24,20.57,3.984,22.41053333333333,20.1768,243
15,1.16,543.6333333333333,38.4,-61.96,20.62,5.62,20.44041666666667,27.344,243
16,0.96,267.80333333333334,25.16,-60.8,20.34,4.6419999999999995,16.44295,18.8558,243
17,1.18,246.05222222222218,35.79,-65.17,20.36,4.7700000000000005,20.868,15.051533333333335,243
18,1.22,240.85444444444443,31.88,-57.76,20.34,4.6800000000000015,21.65073333333333,15.400866666666667,243
19,1.04,127.36222222222223,31.25,-56.66,20.27,5.7139999999999995,18.03385,6.348866666666668,243
20,2.24,290.46833333333336,49.66,-72.18,20.87,4.593999999999999,42.22883333333334,6.7165333333333335,243
21,0.86,565.9622222222222,30.68,-68.85,20.31,5.617999999999999,14.45,24.17926666666667,243
22,1.6,293.18,45.73,-59.35,20.44,3.5740000000000003,29.356883333333336,15.216866666666665,243
23,1.32,186.38722222222216,37.9,-62.29,20.37,4.8,23.62741666666667,15.793933333333333,243
24,0.92,178.07472222222222,29.74,-60.57,20.2,4.901999999999999,15.601183333333333,18.102950000000003,243
25,1.12,258.55444444444447,30.82,-54.7,20.27,4.988,19.64845,16.183466666666668,243
26,0.88,211.86111111111111,32.92,-60.73,20.18,4.268000000000002,14.814183333333332,18.655333333333328,243
27,1.1,281.0183333333333,35.65,-63.68,20.35,4.8260000000000005,19.2264,16.60343333333333,243
28,1.1,274.59222222222235,33.25,-59.45,20.3,5.158,19.236266666666673,15.685133333333333,243
29,0.98,224.40111111111113,31.84,-59.19,20.32,4.954,16.84326666666667,16.609266666666667,243
30,0.8,139.79083333333335,32.82,-62.61,20.13,4.888,13.21515,17.611800000000006,243
31,0.82,169.89777777777778,34.16,-55.7,20.2,5.308,13.6108,15.3362,243
32,0.58,36.24555555555556,30.23,-58.17,19.97,4.702,8.824933333333336,1.7282000000000002,243
33,0.2,719.75,20.87,-57.75,18.54,5.23,1.75645,28.47383333333333,243
34,1.28,395.1477777777778,44.55,-64.83,20.5,4.7799999999999985,22.896333333333335,18.8488,243
35,1.04,241.76888888888888,33.57,-58.78,20.37,4.774,18.0211,16.323516666666666,243
36,1.12,203.76888888888888,33.62,-63.87,20.34,4.908,19.63213333333333,17.150066666666667,243
37,0.96,152.30222222222224,32.36,-63.81,20.33,4.782,16.409450000000003,16.463,243
38,1.0,748.9,30.42,-62.79,20.3,5.5280000000000005,17.214116666666666,37.0844,243
39,2.0,159.6777777777778,50.74,-60.6,20.58,4.1560000000000015,37.40020000000001,7.482,243
40,0.44,150.64888888888888,21.61,-57.89,19.43,5.03,6.092466666666668,4.181266666666667,243
41,1.02,366.0055555555555,43.95,-65.74,20.61,5.296,17.689000000000004,15.473400000000005,243
42,0.92,222.84333333333336,32.73,-61.95,20.34,5.113999999999999,15.6486,16.964933333333335,243
43,1.02,221.1663888888889,31.85,-58.69,20.24,5.026000000000002,17.627000000000006,16.548700000000004,243
44,0.82,176.31444444444443,34.2,-56.4,20.32,4.978,13.6118,13.779466666666668,243
45,0.44,34.25,32.11,-52.97,19.49,4.6419999999999995,6.08245,1.3509,243
46,0.38,306.6019444444445,27.79,-51.59,18.55,5.152,4.921,18.733533333333334,243
47,1.28,207.00222222222226,42.04,-58.63,20.47,4.989999999999998,22.93146666666667,14.938066666666668,243
48,0.8,142.9072222222222,31.95,-55.55,20.17,4.8580000000000005,13.21365,16.527716666666667,243
49,0.94,299.58555555555563,31.74,-61.2,20.33,5.564,16.029933333333336,31.050666666666668,243
50,0.4,19.602222222222217,28.4,-59.98,19.13,3.3560000000000003,5.3112,0.9777333333333332,243
51,0.16,508.81666666666666,23.18,-61.32,18.54,5.476000000000001,1.1063166666666666,22.061533333333333,243
52,1.46,523.6258333333334,41.62,-62.83,20.41,5.520000000000001,26.55086666666667,27.04651666666667,243
53,1.82,146.97444444444446,47.76,-61.51,20.42,4.354000000000001,33.78713333333333,7.637000000000001,243
54,0.48,178.62777777777774,21.51,-60.42,19.55,4.966,6.875283333333333,4.867466666666666,243
55,1.0,370.8611111111112,44.98,-60.43,20.43,4.93,17.281066666666668,17.1868,243
56,1.12,409.71777777777777,35.22,-65.08,20.43,4.965999999999998,19.645033333333334,19.6718,243
57,1.1,226.59194444444438,36.17,-63.46,20.39,4.85,19.274533333333327,16.2759,243
58,1.06,221.82222222222217,32.19,-58.08,20.33,4.965999999999998,18.4464,15.875733333333335,243
59,0.84,120.10138888888893,30.18,-61.0,20.17,4.636000000000001,14.014200000000002,17.438316666666672,243
60,1.02,246.00333333333333,31.97,-61.14,20.28,5.136,17.608066666666673,17.903466666666667,243
61,1.12,217.90666666666667,31.05,-60.27,20.36,4.558000000000002,19.648816666666672,17.589666666666666,243
62,1.06,147.1886111111111,33.9,-61.63,20.32,4.2139999999999995,18.4088,16.973533333333336,243
63,1.36,203.36472222222224,41.45,-64.69,20.43,4.8100000000000005,24.47141666666667,14.160283333333332,243
64,0.94,167.3455555555556,32.44,-57.07,20.24,4.64,16.031533333333336,17.372933333333336,243
65,0.66,41.48805555555556,33.17,-60.12,20.17,4.836,10.4128,1.6926666666666668,243
66,0.26,250.92472222222224,26.63,-57.55,18.54,5.048,2.768733333333333,18.115666666666673,243
67,1.32,173.73666666666668,40.69,-59.51,20.39,4.52,23.711766666666666,13.726133333333333,243
68,0.98,188.61555555555557,33.78,-64.22,20.25,4.746,16.8074,17.492400000000004,243
69,1.08,174.34416666666667,28.82,-63.78,20.2,4.68,18.827666666666673,16.926516666666668,243
70,0.98,205.78055555555562,32.81,-63.23,20.22,4.982,16.82,16.846616666666666,243
71,0.66,39.95777777777777,31.09,-56.26,20.1,4.74,10.418333333333337,1.3937666666666668,243
72,0.36,222.8188888888889,27.29,-56.01,18.52,4.994,4.55115,19.283183333333334,243
73,1.38,202.1063888888889,38.14,-59.66,20.45,4.816000000000002,24.89886666666667,13.934516666666667,243
74,0.98,186.83611111111114,32.31,-60.73,20.25,4.836,16.8244,16.12785,243
75,1.08,203.4738888888889,28.75,-60.83,20.33,4.747999999999998,18.831166666666668,17.47413333333333,243
76,1.06,210.2097222222223,31.93,-60.72,20.32,4.88,18.445666666666668,15.223933333333333,243
77,1.02,230.79305555555558,31.96,-64.25,20.22,5.134,17.625133333333334,15.596466666666668,243
78,0.96,226.8661111111111,31.01,-59.67,20.26,4.933999999999998,16.449350000000006,16.093683333333335,243
79,0.92,187.46972222222226,32.46,-55.17,20.26,4.997999999999998,15.64011666666667,15.090866666666667,243
80,0.94,149.70472222222222,31.3,-62.12,20.33,4.622000000000001,16.017733333333336,15.321383333333335,243
81,0.9,193.68972222222217,32.43,-66.8,20.18,4.948,15.198866666666667,16.309383333333336,243
82,0.48,29.848888888888887,32.0,-49.94,19.65,4.526,6.872000000000001,1.2736666666666667,243
83,0.36,264.71333333333337,26.76,-52.85,18.53,5.426,4.5368,15.902866666666668,243
84,1.16,171.97500000000005,38.61,-65.33,20.5,4.634,20.5135,14.33275,243
85,1.1,177.8088888888889,33.14,-61.32,20.27,4.6739999999999995,19.231666666666666,18.6006,243
86,1.22,919.9033333333334,32.17,-65.17,20.38,5.707999999999999,21.6384,29.53726666666667,243
87,1.6,283.1602777777778,46.11,-61.32,20.57,4.864,29.385983333333336,14.54545,243
88,1.12,384.26138888888903,34.92,-64.84,20.54,4.723999999999998,19.6382,18.003066666666665,243
89,1.12,434.1872222222223,36.63,-65.26,20.42,4.914,19.672216666666667,18.642416666666666,243
90,1.04,191.93833333333345,36.04,-62.19,20.46,4.5920000000000005,18.068233333333332,16.646483333333336,243
91,1.02,268.90000000000003,35.18,-60.55,20.35,5.215999999999998,17.629800000000003,16.065133333333335,243
92,1.08,196.2813888888889,32.43,-63.79,20.43,4.458,18.862916666666663,17.988783333333334,243
93,1.08,202.19777777777776,33.77,-57.57,20.4,4.8839999999999995,18.818383333333333,14.724666666666668,243
94,0.84,174.15111111111113,31.95,-54.43,20.25,5.167999999999999,14.008233333333333,14.253866666666667,243
95,1.0,203.96666666666667,31.01,-55.25,20.26,5.1160000000000005,17.23916666666667,15.922333333333334,243
96,1.0,181.17222222222225,30.35,-56.04,20.27,4.6320000000000014,17.22436666666667,19.117866666666664,243
97,1.24,213.4761111111111,31.99,-58.43,20.34,4.984,22.057233333333336,16.045,243
98,0.38,32.39777777777777,30.09,-50.81,19.18,4.6880000000000015,4.931066666666667,1.2840166666666666,243
99,0.36,202.36444444444442,27.11,-49.7,18.54,4.997999999999998,4.539883333333334,20.536666666666672,243
100,1.2,266.38000000000005,39.6,-62.23,20.72,4.6560000000000015,21.286633333333334,21.21256666666667,243
101,1.22,262.7388888888889,34.38,-64.56,20.45,5.0,21.652866666666664,16.3348,243
102,0.92,195.0413888888889,30.89,-60.73,20.26,5.0760000000000005,15.638883333333334,17.835116666666668,243
103,0.56,29.45888888888889,29.03,-59.75,19.79,4.5600000000000005,8.430499999999999,1.1292,243
104,0.36,165.28111111111113,28.78,-50.04,18.44,4.884,4.534833333333333,18.6556,243
105,1.2,386.37888888888887,39.55,-65.04,20.46,4.929999999999999,21.28495,27.00386666666667,243
106,1.16,257.57222222222225,37.32,-64.92,20.35,4.9060000000000015,20.45145,18.765466666666665,243
107,0.6,25.995,32.2,-52.57,19.87,3.638,9.205,1.1790333333333334,243
108,0.36,254.57972222222224,31.95,-50.25,18.51,5.266,4.487716666666668,17.982083333333335,243
109,1.4,170.04638888888888,40.9,-57.49,20.65,4.598,25.338933333333333,14.6077,243
110,1.06,191.1211111111111,31.69,-66.64,20.29,5.136,18.394666666666673,16.385733333333334,243
111,1.0,124.865,28.7,-54.16,20.25,5.18,17.211650000000002,18.16245,243
112,0.38,21.892777777777773,25.88,-51.26,18.86,3.772,4.935666666666667,1.1618833333333334,243
113,0.18,872.9,26.16,-60.78,18.37,4.8660000000000005,1.4094,34.72933333333334,243
114,1.16,527.9055555555557,44.34,-64.38,20.68,4.5520000000000005,20.478,20.8306,243
115,1.12,201.55222222222224,39.82,-59.85,20.43,4.708,19.66423333333333,15.185133333333335,243
116,1.06,172.42000000000004,33.62,-64.25,20.37,4.692,18.432666666666673,16.296133333333334,243
117,0.7,122.54333333333334,32.23,-54.53,20.12,4.578,11.209333333333333,16.986733333333333,243
118,0.94,205.22833333333332,32.1,-57.96,20.2,4.63,16.0212,16.963350000000002,243
119,1.18,501.4266666666666,32.4,-60.08,20.26,5.182,20.841933333333333,21.072666666666667,243
120,1.2,259.36194444444436,35.95,-67.22,20.53,4.878,21.299000000000003,17.800066666666666,243
121,1.1,215.9716666666667,30.9,-65.71,20.29,4.99,19.24793333333333,14.616233333333335,243
122,0.88,141.06444444444443,30.76,-63.79,20.11,4.98,14.80985,17.185183333333335,243
123,0.68,30.746666666666666,31.74,-66.1,20.1,4.6240000000000006,10.81085,1.3288000000000002,243
124,0.34,288.7700000000001,25.93,-52.8,18.47,5.2,4.2006000000000006,17.909933333333328,243
125,1.32,193.9111111111111,38.39,-62.24,20.35,4.94,23.70528333333333,15.0048,243
126,0.84,123.37000000000003,32.3,-58.17,20.18,4.7139999999999995,14.006133333333334,16.748333333333335,243
127,1.12,204.43944444444438,31.9,-64.0,20.35,5.022,19.62215,14.635833333333334,243
128,0.48,32.10222222222222,30.21,-53.42,19.58,4.382,6.858983333333335,1.33085,243
129,0.36,149.88,27.33,-50.42,18.46,4.6880000000000015,4.531083333333333,19.539400000000004,243
130,1.36,662.7633333333333,40.01,-61.01,20.29,5.57,24.49498333333333,26.90286666666667,243
131,1.04,103.53138888888887,34.81,-60.38,20.31,4.055999999999999,18.059566666666672,16.8614,243
132,0.76,44.80777777777778,30.7,-56.54,20.07,5.0539999999999985,12.373933333333332,1.5416,243
133,0.36,202.1705555555556,26.65,-55.19,18.54,4.996,4.556233333333333,17.784316666666665,243
134,1.32,167.62361111111107,40.91,-64.22,20.47,4.538,23.69888333333333,17.2543,243
135,1.14,153.10222222222222,32.38,-62.03,20.35,4.474,20.031266666666667,17.6998,243
136,0.42,36.84555555555555,31.8,-57.5,19.48,4.7139999999999995,5.688933333333334,1.5339333333333336,243
137,0.4,209.57027777777787,25.44,-56.99,19.15,5.112,5.293783333333334,18.782516666666673,243
138,1.32,387.0644444444445,40.82,-61.86,20.43,5.6560000000000015,23.718366666666668,26.45806666666667,243
139,0.42,15.98,30.5,-58.59,19.4,2.9560000000000004,5.695266666666668,0.9262,243
140,0.18,464.64555555555563,26.35,-56.85,18.45,5.522,1.3813333333333333,22.628000000000004,243
141,1.44,340.4319444444444,41.03,-59.73,20.46,4.904,26.14788333333333,15.333100000000002,243
142,1.26,183.8144444444445,34.25,-59.1,20.37,4.613999999999999,22.44306666666667,15.461666666666668,243
143,0.48,25.04333333333333,32.14,-60.6,19.71,4.164,6.83885,1.0723333333333336,243
144,0.36,148.9022222222222,28.73,-52.79,18.46,4.848000000000001,4.50725,18.38393333333333,243
145,1.32,199.6808333333333,40.62,-62.61,20.41,4.882,23.696700000000003,16.361133333333335,243
146,1.2,184.88333333333333,30.51,-61.72,20.27,4.8180000000000005,21.2415,16.6964,243
147,0.78,109.5266666666667,29.02,-59.33,20.18,5.314,12.789133333333336,16.534266666666667,243
148,0.36,27.709166666666665,26.33,-49.5,18.67,4.2700000000000005,4.559566666666667,1.2834666666666663,243
149,0.36,29.798333333333336,30.63,-55.84,18.52,4.59,4.51605,1.3844666666666667,243
150,0.18,437.9288888888889,25.46,-56.91,18.52,4.654,1.4231333333333334,26.7798,243
151,1.56,162.43888888888893,40.62,-57.06,20.44,4.723999999999998,28.499550000000006,16.42885,243
152,1.12,175.35,31.84,-64.05,20.33,4.5680000000000005,19.596533333333333,18.328200000000006,243
153,0.46,32.87833333333334,31.58,-59.47,19.57,4.0139999999999985,6.440266666666667,1.3597333333333337,243
154,0.36,87.7375,29.78,-51.0,18.52,5.226,4.50705,15.152883333333335,243
155,1.8,169.70777777777778,40.07,-59.53,20.38,4.728,33.3497,14.133733333333335,243
156,1.3,197.09555555555562,32.32,-68.2,20.49,4.834,23.23073333333333,18.2678,243
157,1.12,455.2808333333333,30.54,-66.97,20.34,5.05,19.599616666666673,29.0721,243
158,1.18,139.66472222222222,31.19,-63.04,20.25,3.95,20.81853333333333,16.972716666666667,243
159,1.3,227.55194444444447,34.75,-62.74,20.29,5.046,23.2158,15.945033333333335,243
160,0.42,33.48111111111112,30.67,-60.37,19.49,4.167999999999998,5.687866666666667,1.3799166666666665,243
161,0.36,409.25999999999993,28.98,-51.08,18.51,4.32,4.5062000000000015,27.0278,243
162,1.8,155.77222222222218,41.63,-60.55,20.38,4.6099999999999985,33.29565,15.395066666666667,243
163,0.8,29.93638888888889,29.29,-57.12,20.2,4.268000000000002,13.1848,1.2601,243
164,0.28,297.4711111111111,28.38,-55.47,18.47,5.1739999999999995,3.09005,19.887,243
165,1.36,139.78777777777785,39.12,-55.51,20.45,4.444,24.527966666666664,15.371533333333335,243
166,1.12,203.47,33.54,-57.7,20.34,4.956,19.606600000000004,16.20755,243
167,0.4,31.840555555555557,29.67,-53.82,19.42,4.7120000000000015,5.313416666666667,1.3326166666666668,243
168,0.4,165.6927777777778,26.98,-53.43,19.04,5.038,5.284633333333333,19.053066666666673,243
169,1.38,158.61500000000004,38.99,-58.47,20.53,4.343999999999999,24.922200000000004,15.183,243
170,1.02,179.69999999999996,32.69,-55.16,20.19,4.767999999999999,17.582600000000006,15.822066666666668,243
171,1.04,206.8791666666667,31.27,-60.53,20.32,5.066000000000002,18.027666666666672,15.4332,243
172,0.48,28.3175,29.32,-51.87,19.64,4.3199999999999985,6.857783333333334,1.2528333333333332,243
173,0.36,249.78722222222225,28.22,-52.93,18.54,5.09,4.51295,20.148066666666665,243
174,1.2,167.4288888888889,38.98,-62.93,20.67,4.774,21.278800000000004,14.299800000000005,243
175,0.44,31.798333333333336,30.33,-53.79,19.61,4.674,6.0843333333333325,1.2909,243
176,0.36,565.8297222222221,27.29,-51.7,18.53,5.1,4.530783333333335,20.958683333333333,243
177,0.86,114.42555555555558,39.26,-61.24,20.37,4.522,14.497666666666667,16.832400000000003,243
178,1.06,201.65,31.89,-63.17,20.48,5.2620000000000005,18.40906666666667,11.460733333333335,243
179,0.48,29.47027777777778,29.24,-53.07,19.67,3.988,6.867800000000001,1.2826666666666668,243
180,0.3,683.6191666666665,29.14,-58.72,18.54,5.12,3.4445333333333337,22.452316666666665,243
181,1.44,503.97666666666674,37.77,-67.27,20.4,4.202,26.107733333333336,19.220266666666667,243
182,1.38,165.66000000000003,37.89,-57.7,20.45,4.909999999999998,24.86806666666667,14.3136,243
183,0.92,374.0244444444445,27.68,-59.4,20.26,4.97,15.61925,19.1594,243
184,1.36,201.83333333333337,34.36,-64.5,20.36,4.482,24.48941666666667,16.904533333333333,243
185,0.96,529.6497222222222,33.36,-62.65,20.33,5.07,16.422950000000004,23.08086666666667,243
186,1.34,557.3274999999999,35.41,-59.26,20.34,4.636,24.0998,20.43836666666667,243
187,1.4,841.672222222222,37.62,-59.48,20.36,5.496,25.28563333333333,31.14846666666667,243
188,1.44,234.1161111111111,30.32,-63.59,20.53,3.944,26.1211,16.95185,243
189,1.16,200.1836111111112,35.54,-64.28,20.3,4.306,20.41171666666667,17.9578,243
190,1.12,217.58333333333337,34.11,-64.14,20.28,4.578,19.611883333333328,17.231200000000005,243
191,1.1,245.70444444444448,33.64,-63.7,20.34,5.456,19.2218,14.377866666666668,243
192,0.76,148.6377777777778,29.58,-61.47,20.1,5.0059999999999985,12.416766666666668,14.142533333333335,243
193,0.94,203.4986111111111,31.6,-57.75,20.33,4.732,16.018600000000006,16.598316666666665,243
194,1.08,213.72222222222226,32.12,-59.43,20.37,4.906000000000001,18.814933333333336,17.81393333333334,243
195,1.0,37.14305555555556,29.86,-59.15,20.2,4.454,17.1957,1.4334333333333331,243
196,0.18,412.5944444444445,19.83,-60.29,18.55,5.273999999999999,1.4368000000000003,21.218400000000006,243
197,1.18,164.6738888888889,39.28,-59.79,20.64,4.303999999999999,20.910333333333334,16.845566666666667,243
198,1.1,251.6266666666667,34.03,-61.77,20.56,4.732,19.212866666666674,18.520133333333334,243
199,1.04,278.3236111111111,32.76,-58.47,20.33,4.676,18.027616666666674,18.813483333333327,243
200,1.04,265.82666666666665,34.46,-62.85,20.39,4.831999999999999,18.032416666666666,18.829666666666665,243
201,1.08,289.9955555555556,32.69,-67.97,20.43,5.018,18.842966666666673,21.214666666666666,243
202,1.0,232.43138888888896,32.98,-62.38,20.18,4.7139999999999995,17.246766666666666,19.991016666666667,243
203,0.9,218.82333333333332,33.24,-59.99,20.27,4.98,15.2092,18.76675,243
204,0.62,51.22666666666668,32.34,-63.6,20.01,4.726000000000001,9.617600000000003,2.2372666666666667,243
205,0.24,471.8247222222223,25.01,-58.13,18.52,4.82,2.431366666666667,26.42738333333333,243
206,1.22,491.4944444444445,42.21,-67.32,20.38,4.81,21.68953333333333,25.82826666666667,243
207,1.14,288.97888888888895,39.35,-64.36,20.44,4.872,20.0494,18.696466666666673,243
208,1.04,433.5344444444445,34.95,-61.16,20.28,5.33,18.05715,24.92133333333333,243
209,1.16,242.54222222222225,35.05,-67.39,20.35,4.598,20.473050000000004,19.088733333333334,243
210,0.58,44.51222222222222,36.07,-59.6,20.07,5.082,8.816333333333333,1.4228,243
211,0.36,389.39388888888885,30.51,-52.57,18.55,5.1080000000000005,4.532783333333334,18.63505,243
212,1.2,358.70888888888885,45.24,-62.29,20.57,3.3760000000000003,21.322133333333333,20.166066666666673,243
213,1.34,208.2863888888889,43.71,-63.49,20.63,3.7760000000000002,23.803000000000004,15.48466666666667,243
214,1.14,247.0311111111111,37.38,-60.25,20.37,4.784,20.02093333333333,15.1627,243
215,0.8,153.07999999999996,33.26,-61.7,20.28,4.837999999999999,13.228166666666667,18.544933333333336,243
216,1.14,271.9111111111111,34.35,-67.29,20.4,4.662,20.063466666666674,19.457533333333334,243
217,1.0,242.4038888888889,32.57,-64.33,20.36,4.958,17.24785,15.012250000000002,243
218,1.02,224.73,33.39,-58.37,20.26,4.686000000000001,17.643333333333334,18.786133333333336,243
219,1.06,218.03333333333333,33.09,-62.09,20.27,4.896,18.4646,14.697266666666668,243
220,0.92,217.7413888888889,31.74,-60.84,20.28,5.119999999999999,15.63425,15.508,243
221,1.06,259.28333333333336,31.98,-66.08,20.36,4.692,18.453733333333336,18.8412,243
222,1.0,270.2166666666667,33.08,-63.46,20.28,4.848,17.267633333333336,16.227999999999998,243
223,0.84,276.7975,31.91,-64.66,20.31,4.5059999999999985,14.0429,18.95193333333334,243
224,0.94,514.0855555555556,35.54,-61.28,20.34,4.62,16.033733333333334,18.581,243
225,1.24,167.99222222222224,39.31,-59.74,20.25,4.223999999999998,22.105166666666666,16.918000000000006,243
226,1.2,304.73333333333335,35.67,-66.01,20.3,4.942,21.2505,21.00415,243
227,1.1,255.98666666666668,32.5,-63.45,20.36,4.83,19.272933333333334,16.08026666666667,243
228,1.0,229.66111111111115,30.87,-67.06,20.35,4.456,17.252733333333335,15.259400000000005,243
229,1.04,183.88777777777776,34.15,-63.02,20.37,4.13,18.0402,16.935866666666666,243
230,1.28,181.11000000000004,36.92,-59.51,20.31,4.5840000000000005,22.86903333333333,16.337733333333333,243
231,1.06,188.0775,30.9,-63.75,20.37,4.298,18.44793333333333,20.2007,243
232,1.58,168.9441666666667,37.55,-58.57,20.3,4.532,28.90653333333333,16.03855,243
233,1.1,220.19333333333333,30.8,-57.57,20.33,4.553999999999999,19.244266666666665,16.359233333333332,243
234,1.0,198.30055555555558,31.04,-68.57,20.39,5.5699999999999985,17.233816666666666,9.222983333333335,243
235,0.42,32.190000000000005,28.1,-58.63,19.46,5.064,5.720866666666668,1.4839833333333334,243
236,0.36,361.36333333333334,27.37,-56.76,18.54,4.322000000000001,4.561683333333334,25.022466666666666,243
237,1.18,125.05444444444444,39.17,-62.16,20.29,3.858,20.881266666666672,15.790016666666668,243
238,1.1,674.6488888888888,33.28,-63.04,20.38,4.814,19.218000000000004,22.41106666666667,243
239,1.24,126.29555555555557,36.34,-60.95,20.4,4.200000000000001,22.09645,13.395466666666666,243
240,1.0,480.3475,30.79,-64.32,20.35,4.538,17.204666666666668,23.08181666666667,243
241,1.16,183.52444444444444,33.79,-61.19,20.29,4.672,20.472583333333333,18.88873333333333,243
242,1.1,244.63000000000005,31.26,-61.37,20.37,5.084,19.265266666666665,14.891266666666667,243
243,0.82,179.1488888888889,29.42,-60.93,20.17,4.754,13.623133333333335,19.240266666666674,243
244,1.18,164.93388888888884,31.56,-66.1,20.56,4.056,20.860200000000006,19.64645,243
245,1.16,147.81222222222232,37.61,-64.03,20.47,4.452,20.46631666666667,14.019333333333336,243
246,0.56,29.83666666666667,30.08,-58.37,19.86,4.684,8.435633333333335,2.4024000000000005,243
247,0.26,242.62194444444447,22.96,-56.62,18.54,4.553999999999999,2.7994000000000003,20.4121,243
248,1.2,178.76500000000004,36.45,-62.8,20.46,4.186000000000001,21.27338333333333,17.913483333333335,243
249,1.06,229.4908333333333,32.77,-62.12,20.31,5.034,18.421266666666664,14.57685,243
250,0.44,32.89194444444445,28.98,-53.53,19.63,4.8439999999999985,6.0901,1.3103166666666666,243
251,0.36,163.99222222222224,25.28,-55.69,18.52,4.646,4.543833333333334,19.286450000000006,243
252,1.16,560.7219444444444,36.84,-60.95,20.45,4.553999999999999,20.462866666666674,21.56171666666667,243
253,1.62,144.94444444444446,37.83,-58.88,20.28,4.5600000000000005,29.723866666666666,12.824066666666667,243
254,1.08,190.89,31.29,-56.55,20.35,4.718000000000001,18.81683333333333,17.33333333333334,243
255,1.18,203.11777777777775,30.3,-66.99,20.45,4.236000000000001,20.83833333333333,20.349666666666668,243
256,1.08,232.22555555555562,30.98,-66.08,20.38,4.712,18.831316666666666,17.637133333333328,243
257,1.1,356.21611111111116,30.18,-65.1,20.45,4.9060000000000015,19.245133333333328,18.95948333333334,243
258,1.16,561.4352777777779,32.23,-64.76,20.31,4.7620000000000005,20.467666666666673,21.039833333333334,243
259,1.16,408.3166666666667,35.51,-66.77,20.77,4.636,20.472066666666667,17.233133333333335,243
260,1.22,209.97,33.21,-57.31,20.43,4.75,21.673,15.367533333333334,243
261,0.82,129.92583333333334,31.45,-61.26,20.18,4.296,13.6202,15.217866666666668,243
262,1.06,302.0277777777779,32.93,-63.57,20.48,4.688,18.439666666666668,18.906866666666666,243
263,1.14,188.22666666666674,32.2,-63.38,20.44,4.572000000000001,20.052866666666667,17.9504,243
264,1.14,205.29888888888888,31.52,-63.28,20.28,4.378,20.0162,17.9142,243
265,1.06,212.00444444444443,30.73,-67.77,20.46,5.222,18.431666666666672,12.041066666666666,243
266,0.7,96.05222222222223,27.76,-63.37,20.07,4.218000000000001,11.226600000000005,14.8574,243
267,0.96,247.7455555555556,32.09,-65.64,20.29,4.502,16.430766666666663,16.12405,243
268,0.92,252.5222222222223,31.92,-62.91,20.35,4.574,15.636183333333335,20.896066666666666,243
269,1.28,296.9944444444445,29.66,-61.5,20.41,4.476,22.870950000000004,17.921866666666666,243
270,1.22,273.40944444444443,32.53,-67.22,20.53,4.69,21.637733333333333,21.171999999999997,243
271,1.24,165.5497222222222,30.44,-67.85,20.62,4.516,22.06998333333333,15.518283333333335,243
272,0.48,44.475555555555545,29.11,-58.35,19.69,5.0939999999999985,6.860666666666668,2.0974666666666666,243
273,0.38,346.8052777777778,27.38,-56.07,19.29,5.49,4.942399999999999,14.2732,243
274,1.1,163.55750000000003,35.81,-59.82,20.58,4.718,19.32133333333333,17.3916,243
275,1.18,272.52222222222224,31.19,-65.24,20.44,4.46,20.812600000000003,17.691733333333328,243
276,0.94,231.4869444444444,33.79,-66.89,20.44,5.058,15.9888,15.9889,243
277,0.66,332.81333333333333,32.16,-59.04,20.33,4.832,10.4166,17.42366666666667,243
278,1.1,283.1544444444444,37.43,-61.07,20.61,5.042,19.24953333333333,18.344933333333334,243
279,1.02,786.7124999999999,31.46,-57.53,20.55,4.3500000000000005,17.621133333333333,29.02168333333334,243
280,1.18,649.6277777777779,40.5,-62.86,20.48,4.692,20.8618,22.475400000000004,243
281,1.22,214.90555555555562,40.57,-60.21,20.4,4.933999999999998,21.68893333333334,11.936750000000002,243
282,0.98,518.1972222222223,32.66,-64.48,20.64,4.544,16.791466666666672,22.290333333333336,243
283,1.12,213.88527777777782,37.95,-61.8,20.56,4.794,19.664366666666666,16.586550000000006,243
284,1.06,287.4177777777778,32.2,-64.78,20.5,5.2940000000000005,18.42513333333333,14.853933333333332,243
285,0.98,370.92305555555566,30.19,-61.76,20.36,5.034000000000002,16.822400000000002,31.210200000000004,243
286,1.02,244.3036111111111,36.23,-62.34,20.47,5.14,17.619333333333334,16.217333333333336,243
287,0.36,20.26777777777778,30.17,-50.34,18.91,3.634,4.540233333333334,1.1426333333333334,243
288,0.34,26.04138888888889,32.65,-54.13,18.53,4.404,4.1236,1.3599166666666669,243
289,0.24,359.47333333333336,26.38,-57.18,18.52,4.99,2.4040833333333333,21.86973333333333,243
290,1.22,188.9905555555556,40.8,-59.81,20.58,4.654,21.69766666666667,13.83216666666667,243
291,1.0,213.23250000000004,32.69,-59.61,20.33,4.56,17.2094,18.118466666666674,243
292,0.98,207.92638888888888,31.87,-63.74,20.35,4.878,16.790933333333335,15.665733333333336,243
293,0.44,27.87861111111112,30.12,-52.05,19.66,4.178,6.0697833333333335,1.2942,243
294,0.34,95.79833333333336,26.51,-54.31,18.51,4.498,4.172533333333334,19.730999999999998,243
295,1.1,171.0775,38.07,-63.05,20.57,4.677999999999999,19.251466666666673,17.199199999999998,243
296,1.04,236.68777777777785,31.44,-56.49,20.36,4.746,18.031050000000004,18.118400000000012,243
297,1.08,258.47,33.02,-63.72,20.37,4.683999999999998,18.831316666666673,19.258666666666667,243
298,1.04,244.1616666666667,31.54,-65.98,20.45,4.994,18.0274,17.568116666666665,243
299,1.14,218.95972222222224,29.36,-55.87,20.27,4.552,20.037333333333333,19.65468333333333,243
1,0.86,367.9222222222223,46.9,-52.16,22.97,9.428,17.35273333333333,38.295266666666656,269
2,0.88,387.4725,47.55,-51.74,23.1,9.424,17.901983333333334,40.24435,269
3,0.9,394.20750000000015,46.8,-50.41,22.95,9.402000000000001,18.313933333333328,41.33201666666667,269
4,0.88,465.8233333333334,48.51,-50.69,23.11,9.484,17.907533333333333,51.32686666666667,269
5,0.9,306.8963888888889,48.78,-50.97,22.99,10.053999999999998,18.362066666666667,36.28640000000001,269
6,0.84,407.73666666666674,45.92,-50.55,22.84,9.489999999999998,16.915233333333333,44.8106,269
7,0.96,412.34222222222235,47.41,-52.92,23.11,9.44,19.74928333333333,44.0952,269
8,0.88,332.11777777777775,48.05,-49.74,23.34,9.464,17.969716666666667,34.59106666666667,269
9,0.8,302.6533333333333,46.7,-50.07,22.73,9.43,15.974483333333335,29.85513333333333,269
10,0.8,368.9333333333333,48.07,-50.99,22.86,9.354,16.012733333333333,37.5956,269
11,0.82,361.3461111111112,47.44,-51.06,22.93,9.44,16.494733333333333,38.81326666666666,269
12,0.82,436.85916666666674,46.72,-52.23,22.98,9.454,16.480533333333334,48.66891666666668,269
13,0.92,388.82555555555547,49.67,-50.74,23.11,9.394,18.851516666666672,41.72433333333333,269
14,0.98,454.84000000000015,47.97,-50.25,22.95,9.438,20.166066666666666,51.32480000000001,269
15,0.94,399.1177777777778,48.3,-49.06,23.12,9.464,19.304466666666666,44.477,269
16,0.94,361.3811111111111,47.71,-50.85,23.12,9.510000000000002,19.30033333333333,36.813733333333346,269
17,0.86,385.24,47.79,-50.34,22.92,9.548,17.433133333333338,39.34005,269
18,0.92,353.80888888888893,48.45,-50.68,22.95,9.505999999999998,18.8426,34.3406,269
19,0.72,316.476388888889,47.43,-49.63,22.86,9.44,14.218883333333332,31.651733333333336,269
20,0.78,267.6180555555556,47.25,-51.52,23.03,10.218,15.5958,28.711216666666665,269
21,0.72,408.3847222222223,42.66,-50.53,22.71,9.52,14.164566666666667,43.88695000000001,269
22,0.88,362.5211111111112,47.78,-50.61,23.04,9.5,17.925683333333332,38.16206666666668,269
23,0.8,399.66027777777776,48.38,-47.82,25.55,9.442,16.395366666666668,42.53420000000001,269
24,0.98,423.1344444444445,49.27,-50.52,25.22,9.398,20.55953333333333,43.35393333333334,269
25,0.76,351.6022222222224,47.19,-48.98,24.79,9.392000000000001,15.50005,39.05159999999999,269
26,4.74,112.93555555555555,247.87,-12.69,39.48,10.11,118.18,45.53760000000001,269
27,1.1,407.0025,48.93,-47.51,24.23,9.448,23.35280000000001,45.09466666666668,269
28,0.84,353.02444444444444,48.77,-50.21,23.11,10.294,16.98696666666667,39.25323333333333,269
29,1.04,358.2041666666667,48.13,-50.47,23.14,10.113999999999999,21.61828333333333,37.3768,269
30,0.92,431.93111111111125,45.46,-49.65,22.94,9.438,18.77345,42.082266666666676,269
31,0.92,383.95111111111123,47.61,-50.88,22.99,10.22,18.749450000000003,42.252483333333345,269
32,0.92,338.1322222222222,45.77,-49.85,23.07,9.44,18.831283333333328,31.56366666666667,269
33,0.78,371.55611111111125,47.97,-50.44,23.04,10.318,15.572066666666668,40.04658333333333,269
34,0.96,372.0677777777778,46.09,-49.67,23.25,9.574,19.734516666666668,37.093066666666665,269
35,0.86,395.1666666666666,48.51,-60.38,24.21,9.464,17.456533333333336,37.32,269
36,0.92,366.66666666666674,48.39,-49.34,22.99,9.444,18.81071666666667,34.29553333333333,269
37,0.9,401.2927777777778,49.08,-50.21,23.56,9.465999999999998,18.4904,38.18986666666667,269
38,0.9,424.9433333333334,47.46,-50.57,23.0,9.432,18.365666666666673,41.23653333333333,269
39,0.96,485.7644444444445,47.88,-49.28,24.3,10.282,19.912883333333333,58.20606666666667,269
40,0.98,379.38888888888886,47.89,-50.2,24.55,10.154,20.421333333333337,40.7908,269
41,0.92,242.72222222222217,46.99,-50.49,23.04,10.048,18.853050000000003,23.589533333333332,269
42,0.6,380.5344444444445,44.15,-49.37,22.44,10.252,11.414816666666667,41.93858333333333,269
43,0.94,444.61555555555566,46.49,-50.23,22.98,10.298,19.299133333333327,50.13833333333334,269
44,0.8,361.65111111111116,49.97,-50.1,23.61,9.526,16.20775,36.2576,269
45,0.64,258.8758333333334,52.23,-49.93,24.36,10.557999999999998,12.560766666666664,26.10963333333333,269
46,0.22,66.78444444444443,42.52,-53.79,21.08,9.65,3.1352,6.592133333333334,269
47,0.72,318.9744444444445,52.28,-50.29,23.73,9.548,14.45605,36.69526666666668,269
48,0.58,343.77111111111117,44.16,-45.35,22.59,9.642000000000001,10.977200000000002,44.89906666666666,269
49,0.42,12.082222222222226,46.12,-42.08,22.09,4.766,7.357066666666667,1.3754666666666668,269
1,1.04,424.38750000000016,49.57,-66.55,21.57,4.5459999999999985,18.42738333333333,9.553516666666667,725
2,1.1,457.8977777777778,52.0,-66.41,24.48,4.464,19.917666666666673,10.199666666666667,725
3,1.06,454.82666666666665,49.77,-67.18,23.25,4.534000000000002,18.942733333333333,9.872333333333334,725
4,1.02,500.2077777777778,50.58,-67.35,24.75,4.6240000000000006,18.325533333333336,11.1512,725
5,1.06,506.4911111111112,51.7,-64.08,20.98,4.766,18.75526666666667,13.252133333333333,725
6,0.64,331.34888888888884,49.48,-55.11,21.57,4.872,10.361466666666667,15.460600000000005,725
7,0.28,121.33333333333331,35.96,-42.51,19.03,4.8919999999999995,3.3480000000000003,10.156333333333333,725
8,0.48,123.68472222222223,36.22,-67.98,21.38,4.834,7.271866666666668,7.4686666666666675,725
9,0.38,40.66666666666667,50.2,-66.55,21.1,5.225999999999999,5.1988666666666665,4.2085333333333335,725
10,0.38,26.328055555555558,61.6,-62.62,21.32,2.4200000000000004,5.157666666666668,1.1973333333333334,725
11,0.44,286.7,59.42,-55.56,22.68,4.542,6.23145,11.349933333333333,725
12,1.74,556.6766666666668,51.75,-67.8,24.51,4.5680000000000005,32.974466666666665,12.690333333333333,725
13,1.3,509.49,53.0,-71.38,22.43,4.636000000000001,23.80806666666667,10.131650000000002,725
14,0.48,121.95,51.34,-52.29,23.12,4.522,7.2605666666666675,3.2508666666666666,725
15,0.84,488.1622222222223,55.89,-61.16,26.57,4.65,14.60576666666667,12.437666666666667,725
16,1.1,540.8700000000001,48.71,-71.74,21.31,4.685999999999999,19.579266666666665,15.869333333333332,725
17,1.46,485.43444444444435,49.55,-62.44,22.78,4.58,27.081,11.2862,725
18,0.86,453.2877777777777,50.75,-61.53,21.15,4.606,14.715733333333333,15.623533333333333,725
19,1.16,401.48000000000013,48.24,-61.59,20.84,4.678,20.765966666666667,11.7814,725
20,1.02,419.48666666666674,46.64,-59.93,20.66,4.67,17.866133333333334,13.395266666666668,725
21,1.28,469.8011111111112,48.97,-62.15,21.01,4.630000000000001,23.287533333333336,12.911133333333336,725
22,1.92,622.6522222222222,45.05,-65.0,20.82,4.658,36.054016666666676,15.7674,725
23,1.08,484.04111111111115,52.15,-61.25,20.71,4.622,19.08965,15.2188,725
24,1.06,480.2422222222222,48.94,-62.71,23.83,4.8,19.001466666666673,17.856200000000005,725
25,1.2,444.82666666666677,47.45,-59.2,20.49,4.8,21.51191666666667,16.653266666666667,725
26,0.9,312.1491666666667,46.25,-56.41,20.39,4.6720000000000015,15.484133333333334,11.9934,725
27,1.12,368.6566666666666,49.32,-58.67,23.26,4.58,20.078416666666673,10.12885,725
28,1.16,413.74888888888887,53.6,-62.81,22.51,4.513999999999999,20.863433333333333,9.003666666666666,725
29,0.56,15.567222222222224,53.75,-62.85,25.26,2.742,8.937466666666667,1.013966666666667,725
30,0.44,420.1530555555555,45.32,-56.73,19.4,4.622,6.12305,9.989033333333337,725
31,1.08,504.0477777777778,50.78,-60.4,20.79,4.5280000000000005,19.127733333333328,15.562333333333333,725
32,0.84,414.24888888888887,47.65,-56.11,20.99,4.8180000000000005,14.320483333333332,17.9092,725
33,1.06,376.0177777777778,45.58,-58.65,22.05,4.854,18.8148,15.628533333333335,725
34,1.0,390.9933333333333,48.3,-60.78,22.91,4.71,17.630833333333335,17.8466,725
35,0.96,354.31444444444435,46.65,-58.57,20.76,4.856,16.71505,14.3572,725
36,0.98,397.4775,49.3,-62.25,24.24,4.7040000000000015,17.351066666666668,13.2451,725
37,1.2,453.2755555555556,48.87,-63.46,20.9,4.726,21.55161666666667,11.509933333333333,725
38,1.06,467.4588888888889,49.88,-61.47,20.84,4.654,18.713266666666666,13.226666666666668,725
39,1.06,508.0486111111112,51.67,-67.09,25.13,4.688,19.03173333333333,15.854033333333335,725
40,1.1,480.0591666666668,50.04,-62.57,24.06,4.666,19.842333333333336,14.72355,725
41,1.08,437.3577777777778,48.68,-60.59,23.41,4.709999999999999,19.412416666666665,13.30155,725
42,1.06,453.41277777777776,50.67,-63.32,22.47,4.622000000000001,18.8736,13.174,725
43,1.04,434.09138888888896,52.94,-60.34,23.0,4.7,18.56343333333334,11.255816666666664,725
44,0.92,456.0577777777778,53.71,-61.04,24.1,4.8420000000000005,16.158066666666667,15.44346666666667,725
45,1.52,456.39138888888886,45.58,-65.8,20.64,4.553999999999999,27.927733333333336,8.877516666666667,725
46,1.08,440.678888888889,52.3,-57.99,22.39,4.476000000000001,19.189333333333334,8.906200000000002,725
47,1.1,486.75555555555565,56.6,-60.79,24.44,4.6,19.8604,9.873983333333333,725
48,0.98,527.4177777777778,51.68,-63.27,21.77,4.6560000000000015,17.199800000000003,13.2102,725
49,0.9,445.5655555555557,52.3,-63.62,21.69,4.666,15.590800000000002,12.342933333333333,725
50,1.0,471.44333333333327,53.91,-61.85,22.21,4.702,17.708483333333334,14.3968,725
51,0.86,513.9133333333334,49.73,-57.62,23.83,4.766,14.869000000000002,35.600333333333346,725
52,1.24,254.87194444444444,44.66,-57.15,21.69,4.614,22.4552,7.130383333333335,725
53,0.54,274.96416666666664,54.8,-62.9,24.45,4.65,8.4466,9.152183333333337,725
54,0.88,322.46333333333337,50.19,-63.03,22.21,4.74,15.157700000000002,9.383266666666668,725
55,1.46,515.4669444444445,36.44,-69.2,21.07,4.596,26.804933333333338,10.279233333333334,725
56,1.14,525.2655555555557,49.48,-68.32,22.28,4.638,20.546066666666672,11.238333333333333,725
57,1.1,529.1022222222223,49.96,-66.32,22.7,4.69,19.744,13.4736,725
58,0.9,415.8722222222222,51.27,-58.95,23.37,4.686000000000001,15.674333333333335,12.031000000000002,725
59,0.88,477.8469444444444,51.56,-59.1,22.91,4.803999999999999,15.21551666666667,19.226783333333334,725
60,1.08,438.7455555555555,44.96,-60.19,21.42,4.803999999999999,19.172366666666672,22.49996666666667,725
61,0.96,347.9000000000001,46.33,-57.6,21.71,4.822,16.72666666666667,13.429200000000002,725
62,1.2,429.9744444444445,44.22,-58.5,23.08,4.803999999999999,21.759683333333346,17.161083333333334,725
63,0.82,337.0055555555555,47.29,-56.66,20.26,4.837999999999999,13.853933333333336,13.8074,725
64,1.02,393.98333333333335,45.88,-57.93,21.54,4.803999999999999,17.939333333333334,18.11245,725
65,0.92,442.2927777777777,47.65,-59.45,21.04,4.746,15.910683333333335,27.515233333333335,725
66,1.34,410.8144444444445,48.73,-60.14,23.07,4.758,24.5174,11.207466666666667,725
67,1.12,561.6647222222219,50.92,-65.75,22.68,4.614000000000001,20.1662,22.3407,725
68,1.9,517.8333333333334,39.54,-65.2,20.62,4.5619999999999985,35.59100000000001,11.191133333333333,725
69,1.04,373.01583333333326,47.95,-57.73,20.34,4.7440000000000015,18.258616666666672,8.949016666666667,725
70,1.08,566.1875000000001,46.76,-64.95,22.54,4.7799999999999985,19.187283333333333,16.1112,725
71,1.1,589.56,48.68,-60.23,23.24,4.784,19.749133333333333,25.312466666666676,725
72,1.32,487.16444444444437,45.13,-60.99,23.14,4.76,24.06476666666667,18.457,725
73,1.12,486.808888888889,45.93,-59.8,21.1,4.803999999999999,19.899716666666666,19.588066666666666,725
74,1.08,433.8766666666667,43.75,-56.94,21.69,4.658,19.13498333333333,21.829650000000004,725
75,1.28,486.12444444444463,45.0,-59.11,21.83,4.750000000000001,23.19536666666667,16.335000000000004,725
76,1.2,487.68666666666667,45.0,-60.04,21.87,4.808,21.56026666666667,17.9188,725
77,0.98,421.39388888888885,45.63,-55.37,20.39,4.8180000000000005,17.061600000000002,17.07518333333333,725
78,1.16,456.20972222222224,49.89,-60.08,21.86,4.806,20.79595,19.205500000000004,725
79,0.96,394.44694444444457,48.1,-57.79,20.31,4.988,16.667416666666664,47.36168333333333,725
80,0.86,254.4686111111111,47.89,-55.97,20.21,4.630000000000001,14.62986666666667,9.7308,725
81,2.08,542.3766666666667,44.08,-64.94,20.62,4.652,39.1855,10.88735,725
82,1.14,524.951388888889,53.04,-64.67,22.51,4.652,20.477400000000006,11.262283333333333,725
83,0.98,647.6877777777778,52.28,-61.73,23.35,4.7799999999999985,17.342866666666666,32.75286666666667,725
84,1.2,443.98000000000013,43.9,-60.7,22.11,4.6819999999999995,21.611116666666664,17.614733333333334,725
85,1.02,444.4736111111112,48.01,-62.74,22.55,4.8660000000000005,18.0862,21.355050000000006,725
86,1.06,362.3944444444445,42.05,-58.01,20.37,4.645999999999999,18.659466666666667,15.1626,725
87,1.14,392.69111111111124,45.8,-58.37,23.32,4.816,20.41433333333333,15.4418,725
88,0.94,362.18,45.62,-55.64,21.2,4.88,16.33366666666667,15.6018,725
89,0.92,395.9333333333333,46.87,-57.06,23.28,4.816,16.046050000000005,16.771600000000007,725
90,0.96,352.33611111111117,46.65,-55.1,20.21,4.828,16.64035,13.61096666666667,725
91,1.02,442.10277777777776,46.4,-62.32,21.46,4.808,17.961133333333333,16.02296666666667,725
92,1.06,412.8766666666668,44.38,-56.39,21.96,4.788,18.759933333333333,15.795400000000004,725
93,1.14,449.0144444444445,46.39,-60.53,23.46,4.772,20.495666666666665,14.639400000000002,725
94,1.1,378.8733333333333,47.24,-61.91,22.84,4.459999999999999,19.698600000000006,8.880066666666668,725
95,0.6,152.89777777777778,26.22,-75.13,21.46,4.8180000000000005,9.550966666666667,8.757466666666668,725
96,0.5,267.2341666666666,44.1,-63.83,20.37,4.698,7.454666666666666,9.318133333333336,725
97,0.62,201.8533333333334,40.83,-58.27,20.24,4.812,9.8826,11.791533333333335,725
98,0.58,156.05666666666667,47.54,-58.86,20.34,4.677999999999999,9.117866666666668,4.278600000000001,725
99,0.56,216.3863888888889,25.12,-72.39,21.2,4.6720000000000015,8.653433333333334,7.574466666666668,725
100,1.5,487.9394444444445,43.55,-63.43,21.6,4.550000000000002,27.940266666666673,9.9686,725
101,1.38,723.7344444444444,53.5,-59.55,23.18,4.6419999999999995,25.6576,19.354166666666668,725
102,1.44,637.1808333333332,50.92,-63.15,22.0,4.68,26.56695,20.93196666666667,725
103,0.6,112.37444444444445,47.93,-59.88,22.03,4.8740000000000006,9.527916666666668,5.267,725
104,0.42,270.6816666666667,45.6,-55.42,19.4,4.74,5.8610000000000015,12.397716666666666,725
105,1.32,408.4677777777779,47.63,-65.65,24.14,4.602,24.34806666666667,10.415466666666667,725
106,1.34,475.4730555555557,48.93,-69.08,23.03,4.5760000000000005,24.644866666666665,9.536816666666667,725
107,1.14,572.2230555555557,50.28,-68.79,24.35,4.748,20.6342,15.410816666666667,725
108,1.16,438.7533333333333,54.16,-63.46,23.26,4.62,21.00423333333333,10.087133333333336,725
109,0.86,473.9277777777778,50.67,-62.32,22.7,4.676,14.826333333333334,13.995,725
110,0.98,432.3297222222222,50.63,-64.47,25.96,4.7620000000000005,17.481333333333335,13.302333333333335,725
111,1.26,576.456388888889,50.46,-67.42,22.47,4.748,22.910400000000006,19.48593333333333,725
112,1.34,494.0988888888888,49.11,-68.87,21.27,4.704,24.451400000000003,13.567199999999998,725
113,1.04,482.5255555555556,50.6,-66.47,22.45,4.6739999999999995,18.568316666666668,12.722666666666665,725
114,0.84,282.36666666666673,49.1,-65.06,20.81,4.7879999999999985,14.321283333333335,11.9758,725
115,0.46,176.30444444444447,41.15,-59.28,20.26,4.548,6.667999999999999,9.388533333333337,725
116,0.8,275.04805555555555,25.49,-57.57,21.07,4.700000000000001,13.530883333333335,11.380833333333335,725
117,0.4,32.93333333333333,45.62,-46.29,20.86,5.746,5.539833333333334,1.6227999999999998,725
118,0.52,16.623611111111103,48.1,-52.92,21.52,3.4479999999999995,7.971183333333332,1.11625,725
119,0.48,380.1466666666667,54.32,-56.53,22.63,4.61,7.240466666666667,10.382733333333334,725
120,1.04,380.8522222222224,56.07,-68.65,23.4,4.43,18.63618333333333,8.394633333333335,725
121,1.14,507.76111111111123,43.47,-72.4,23.93,4.548,20.657466666666664,10.529933333333332,725
122,1.04,485.42750000000007,52.56,-67.63,22.52,4.6339999999999995,18.500716666666673,11.048050000000002,725
123,1.12,509.1727777777778,49.47,-63.44,22.06,4.78,19.95495,15.461983333333334,725
124,1.04,504.86444444444453,53.73,-62.63,23.15,4.71,18.646483333333336,16.13546666666667,725
125,0.94,499.96083333333337,51.21,-59.84,23.72,4.782,16.5808,37.6848,725
126,0.86,220.5013888888889,44.46,-59.89,22.71,4.64,14.922000000000002,7.835333333333334,725
127,1.5,486.91666666666674,52.83,-63.77,23.22,4.6080000000000005,27.90653333333333,10.753266666666667,725
128,0.56,277.6458333333333,54.0,-58.32,22.47,4.638,8.768450000000001,8.0134,725
129,1.22,489.34,52.25,-64.07,23.22,4.664,22.1384,11.012533333333336,725
130,1.22,583.5400000000002,48.61,-64.96,22.61,4.77,22.133000000000003,15.7124,725
131,0.98,500.51888888888885,50.02,-62.19,20.87,4.6320000000000014,17.189600000000002,19.464666666666666,725
132,1.44,481.59888888888895,49.87,-65.13,23.68,4.498,26.68925000000001,11.778333333333334,725
133,1.1,479.5133333333334,49.85,-68.11,23.23,4.564,19.694866666666673,12.312266666666668,725
134,1.16,504.88861111111123,51.82,-66.2,22.63,4.715999999999998,20.966366666666676,12.689866666666667,725
135,1.24,574.1666666666665,49.4,-61.95,21.11,4.626,22.393766666666664,18.40326666666667,725
136,1.6,653.6166666666667,42.08,-66.56,21.35,4.886,29.53676666666667,22.1018,725
137,1.1,506.3622222222222,45.94,-60.39,21.78,4.684,19.587733333333333,23.2147,725
138,1.28,448.3,49.58,-62.42,22.34,4.728,23.27446666666667,15.2678,725
139,1.2,525.2333333333332,49.51,-65.2,22.78,4.8100000000000005,21.75598333333333,18.602,725
140,0.98,291.33527777777783,42.69,-56.48,21.49,4.7799999999999985,17.16926666666667,12.702483333333335,725
141,0.52,175.09305555555557,39.86,-60.36,20.71,4.8260000000000005,7.918900000000002,9.4882,725
142,0.56,181.19111111111116,37.29,-62.88,20.87,4.734,8.767616666666667,10.236933333333333,725
143,0.44,21.36888888888889,41.31,-58.53,21.0,5.242000000000001,6.334516666666668,2.175733333333333,725
144,1.8,464.25666666666666,49.58,-58.81,22.94,4.2700000000000005,33.92366666666667,9.971066666666664,725
145,1.28,549.5955555555556,56.94,-60.78,21.98,4.534000000000002,23.35391666666667,11.6756,725
146,0.82,28.691944444444445,56.17,-57.33,24.54,2.7319999999999998,14.266600000000002,1.1816333333333335,725
147,0.36,549.5300000000002,47.1,-63.29,19.55,4.5600000000000005,4.792433333333333,13.540333333333335,725
148,1.5,659.7888888888889,58.96,-55.29,22.73,4.614,27.829000000000004,18.558450000000004,725
149,0.86,280.43777777777785,48.26,-61.62,21.93,4.612,14.752266666666667,9.473666666666666,725
150,0.4,29.640555555555558,41.44,-59.52,21.65,1.238,5.459816666666668,1.0093333333333334,725
151,0.38,209.4555555555556,55.48,-38.92,20.32,4.488,4.836666666666668,11.458933333333334,725
152,0.48,21.85583333333333,50.26,-47.48,21.15,0.976,7.1569,0.9551,725
153,0.18,19.086666666666666,70.85,-70.73,29.0,5.644,1.9072,3.218066666666667,725
154,0.4,343.0316666666667,50.96,-66.72,22.06,4.544,5.531450000000001,9.254783333333334,725
155,0.5,17.76777777777778,51.53,-43.77,21.14,-2.6100000000000003,7.672666666666667,0.4713333333333333,725
156,0.14,28.055555555555554,94.57,-90.31,27.42,-1.648,1.0358666666666667,0.6522833333333335,725
157,0.38,403.2677777777778,63.31,-66.4,21.42,4.57,5.0254,9.097649999999998,725
158,0.24,15.29,54.92,-38.74,18.73,-1.966,2.6235833333333334,0.7026666666666668,725
159,0.36,15.125555555555556,80.53,-52.59,23.0,-0.36200000000000004,4.7283333333333335,0.6384,725
160,0.18,324.41666666666663,73.38,-45.5,20.84,4.07,1.5692000000000004,7.362400000000001,725
161,0.7,348.0900000000001,54.93,-54.88,25.44,4.678,11.753533333333333,8.901616666666667,725
162,0.5,21.292222222222218,56.83,-63.66,24.58,-3.38,7.648466666666666,0.4123666666666667,725
163,0.36,440.34888888888884,83.5,-62.27,23.66,4.734,4.827716666666666,11.708666666666668,725
164,1.14,446.38138888888886,58.81,-67.97,23.85,4.6560000000000015,20.855266666666665,13.532850000000002,725
165,0.26,39.317777777777785,61.57,-37.13,21.24,5.05,3.082,2.2684,725
166,0.22,251.07555555555558,55.87,-41.72,24.95,4.638,2.5771333333333333,10.049600000000002,725
167,1.2,463.26555555555564,49.4,-63.2,23.84,4.646,21.74448333333333,13.002666666666665,725
168,1.16,421.9197222222222,48.22,-61.18,24.67,4.69,20.997333333333334,11.286016666666667,725
169,0.86,389.4,52.21,-61.32,26.47,4.813999999999999,15.06246666666667,12.262666666666668,725
170,0.92,364.8822222222222,46.44,-62.44,20.53,4.68,15.892450000000002,11.2544,725
171,0.92,382.9419444444445,46.44,-63.29,22.85,4.622000000000001,16.058883333333334,11.861450000000005,725
172,0.54,18.670833333333334,50.71,-50.64,24.75,-0.8200000000000001,8.49306666666667,0.68215,725
173,0.36,377.55861111111125,74.13,-58.38,22.22,4.68,4.970516666666667,12.150966666666667,725
174,1.14,372.0386111111112,46.87,-54.87,20.23,4.702,20.2956,11.3487,725
175,0.54,287.26055555555547,48.15,-50.9,24.4,4.6880000000000015,8.495800000000001,11.384416666666667,725
176,1.24,515.8491666666667,48.8,-60.2,20.71,4.7620000000000005,22.3634,20.340016666666667,725
177,1.22,474.42666666666673,47.1,-59.92,22.18,4.7959999999999985,22.0224,19.78773333333333,725
178,1.16,441.65,48.83,-59.14,21.46,4.7940000000000005,20.793200000000006,16.826866666666668,725
179,1.18,478.878888888889,46.69,-61.48,21.15,4.808,21.1952,18.921400000000006,725
180,1.08,462.21138888888885,46.19,-60.96,20.74,4.808,19.15898333333333,20.71236666666667,725
181,1.42,431.84888888888895,48.33,-61.9,21.48,4.686000000000001,26.081733333333336,10.8931,725
182,0.56,307.4177777777778,51.56,-47.18,24.7,4.708,8.873383333333337,11.709866666666667,725
183,1.38,568.8827777777777,53.28,-57.96,23.84,4.8,25.535466666666668,16.734550000000002,725
184,1.26,572.5144444444446,45.84,-63.55,21.65,4.86,22.85553333333333,22.25066666666667,725
185,0.42,130.23666666666668,36.8,-53.53,19.23,4.782,5.881933333333333,8.424716666666667,725
186,0.42,75.1388888888889,38.31,-66.63,20.39,5.305999999999999,5.942400000000001,1.9686666666666668,725
187,0.34,61.77333333333333,8.6,-55.1,18.5,4.842,4.480066666666667,3.8946666666666667,725
188,0.42,40.0925,39.05,-60.93,22.13,5.3260000000000005,6.0414,2.708583333333334,725
189,0.22,16.781388888888888,55.78,-40.75,18.87,0.2980000000000001,2.2760666666666665,0.9441333333333334,725
190,0.32,162.5655555555556,68.61,-56.9,22.78,4.441999999999998,4.067050000000001,5.217733333333333,725
191,0.2,12.208611111111109,48.38,-35.54,18.42,1.118,1.9216666666666669,0.8691333333333332,725
192,0.2,16.310277777777774,61.31,-43.57,21.22,0.5239999999999999,1.8376,0.9312833333333334,725
193,0.18,10.59666666666667,67.02,-50.47,21.47,-1.168,1.7649333333333337,0.4784,725
194,0.4,234.50611111111115,44.49,-58.45,18.65,4.462,5.385266666666667,6.572933333333333,725
195,0.98,370.84888888888895,50.76,-62.26,23.0,4.5920000000000005,17.3628,8.76,725
196,1.3,510.40888888888884,52.07,-65.64,22.24,4.658,23.78,10.884200000000002,725
197,0.88,495.6377777777778,47.66,-57.11,26.76,4.696000000000001,15.424516666666667,29.47536666666667,725
198,0.44,243.55000000000007,46.04,-65.84,20.2,4.814,6.2969833333333325,14.0832,725
199,0.38,32.142222222222216,40.23,-60.6,20.34,5.808,5.1774,1.9895333333333332,725
200,0.26,20.096388888888885,47.24,-44.93,18.52,-0.007999999999999985,3.031200000000001,0.8266500000000001,725
201,0.18,18.59,64.65,-60.97,20.96,-1.3,1.4546666666666668,0.6206166666666667,725
202,0.14,23.315833333333334,80.63,-76.68,23.83,-3.3960000000000004,0.9488,0.4084666666666668,725
203,0.14,19.980000000000004,89.33,-87.94,27.42,-0.982,1.0829333333333335,0.5997333333333333,725
204,0.3,251.32666666666665,36.06,-57.82,19.35,4.516,3.5862000000000003,7.934733333333334,725
205,0.36,24.53055555555556,45.07,-73.51,22.79,-3.31,4.851683333333334,0.4910000000000001,725
206,0.14,38.99,98.1,-79.23,29.8,-3.382000000000001,1.056266666666667,0.7381333333333335,725
207,0.16,26.07083333333333,85.56,-60.96,20.17,-1.926,0.9734666666666668,0.6930166666666667,725
208,0.18,14.366666666666672,68.35,-58.39,21.51,0.316,1.5803333333333338,0.6442666666666668,725
209,0.16,343.99888888888887,62.74,-68.12,23.8,4.37,1.4935500000000002,8.899133333333333,725
210,0.76,24.935,51.56,-59.45,23.52,-2.316,12.873883333333335,0.7676666666666667,725
211,0.34,358.06555555555565,78.24,-73.16,24.21,4.498,4.421466666666666,8.49,725
212,0.34,28.427222222222234,56.06,-65.24,24.03,-3.7440000000000007,4.443066666666667,0.6787833333333333,725
213,0.32,19.66638888888889,90.29,-47.63,24.59,1.41,3.9404166666666667,1.0067666666666668,725
214,0.18,331.2813888888889,40.27,-58.27,18.95,4.098,1.5480666666666667,7.885283333333334,725
215,0.24,7.948888888888887,54.94,-32.3,18.36,-1.018,2.613033333333333,0.5168666666666668,725
216,0.14,31.30638888888889,94.86,-72.82,25.99,-3.666,0.9186666666666669,0.66535,725
217,0.14,326.7755555555556,97.57,-73.85,25.24,4.604,0.8341333333333334,9.429533333333335,725
218,0.22,18.843611111111112,59.53,-47.81,21.58,-1.714,2.401066666666667,0.8599666666666668,725
219,0.16,20.351666666666667,87.86,-58.62,24.21,-3.688,1.2058666666666666,0.4545666666666667,725
220,0.14,278.9630555555556,99.33,-96.66,27.68,4.630000000000001,1.0484666666666669,7.835883333333335,725
221,0.24,12.501666666666667,58.41,-34.78,18.49,-2.786,2.6332166666666668,0.5366,725
222,0.16,17.386666666666667,88.22,-72.7,25.38,-3.102,1.2041,0.34453333333333336,725
223,0.16,25.509722222222226,84.75,-59.77,23.0,3.798000000000001,1.2651166666666671,1.3613499999999998,725
224,0.2,341.08972222222235,52.02,-53.08,27.83,4.646,2.3236833333333333,8.139966666666666,725
225,0.24,10.574444444444447,60.56,-43.11,18.31,-2.05,2.633716666666667,0.4041333333333332,725
226,0.16,14.724444444444444,95.55,-68.8,23.79,-3.892,1.3273833333333334,0.21400000000000008,725
227,0.16,278.90444444444444,79.54,-71.26,24.42,4.436,1.2053333333333334,7.0625333333333336,725
228,0.52,18.817500000000006,58.08,-43.59,24.35,-3.192,8.141316666666668,0.5467500000000001,725
229,0.14,32.18583333333333,107.19,-70.57,27.4,-0.138,1.1384666666666667,0.9284333333333334,725
230,0.18,445.62222222222226,56.34,-69.49,25.03,4.7,1.8559333333333337,13.869566666666666,725
231,0.46,24.655833333333334,56.32,-53.72,21.55,-2.76,6.791133333333335,0.6486666666666665,725
232,0.14,25.00611111111112,91.66,-89.59,27.63,-3.704,1.0548,0.4419500000000001,725
233,0.16,20.489444444444448,85.86,-71.77,25.37,1.12,1.2987833333333334,0.8682666666666667,725
234,0.16,321.7244444444444,78.65,-53.07,22.98,4.32,1.4816166666666666,7.5793,725
235,0.44,18.295,60.38,-44.23,20.74,-1.0659999999999998,6.377550000000001,0.7263666666666667,725
236,0.18,281.2416666666666,69.77,-48.17,25.07,4.424,1.5422,8.712966666666668,725
237,0.92,365.3911111111112,57.55,-68.76,22.8,4.588,16.046033333333334,8.476466666666667,725
238,1.16,437.92000000000013,51.66,-68.82,23.33,4.798,20.998633333333327,11.628,725
239,0.44,213.2644444444444,37.32,-69.85,20.64,4.523999999999999,6.31055,6.554133333333334,725
240,0.7,254.94222222222226,44.75,-68.92,22.52,4.763999999999999,11.647800000000002,9.491916666666668,725
241,0.34,21.59666666666667,46.27,-74.4,21.88,-0.4779999999999999,4.446066666666667,0.6504666666666667,725
242,0.16,24.605,71.23,-56.71,23.7,-1.942,1.1714333333333335,0.6616500000000001,725
243,0.36,28.92222222222223,70.11,-58.32,21.35,-2.8539999999999996,4.604833333333334,0.6101666666666666,725
244,0.12,352.2977777777778,89.51,-74.72,28.82,4.752000000000002,0.5248,11.1382,725
245,0.24,15.414444444444444,54.13,-37.37,18.93,0.00600000000000005,2.6679833333333334,0.7046,725
246,0.14,35.05527777777777,92.31,-80.5,31.1,-4.416,1.1656666666666669,0.6222333333333333,725
247,0.14,27.555277777777782,111.84,-91.34,24.85,-5.642,0.7967333333333333,0.2240166666666666,725
248,0.14,227.36777777777786,102.66,-93.26,29.77,4.118,0.9652666666666668,6.7282,725
249,0.22,14.140000000000002,54.93,-35.18,18.99,-0.4620000000000001,2.316066666666667,0.6496,725
250,0.14,30.16944444444445,87.93,-68.14,28.57,-3.7739999999999996,1.0924666666666667,0.5898833333333335,725
251,0.16,277.7230555555556,95.91,-71.8,28.03,4.2860000000000005,1.3863000000000003,8.182533333333332,725
252,0.5,18.526666666666664,53.27,-43.51,20.72,-1.436,7.521266666666666,0.5904,725
253,0.36,311.7344444444445,83.59,-69.53,21.33,4.52,4.3402,8.4654,725
254,0.24,16.434444444444445,53.93,-38.65,18.38,-1.48,2.646666666666667,0.5690666666666666,725
255,0.36,21.56361111111111,81.53,-68.97,21.21,-1.25,4.32425,0.5783333333333334,725
256,0.18,318.8363888888889,45.95,-55.51,18.75,4.5360000000000005,1.3131333333333337,7.842050000000001,725
257,1.26,561.9155555555557,60.47,-73.19,21.42,4.622,22.833600000000004,13.80045,725
258,1.14,428.36666666666673,54.89,-71.01,20.91,4.588,20.34733333333334,10.397000000000002,725
259,0.94,398.72527777777776,47.98,-65.45,21.03,4.404,16.26406666666667,11.376583333333333,725
260,0.52,138.1266666666667,37.07,-60.83,20.73,4.661999999999999,7.974800000000001,3.695,725
261,0.5,18.87,63.85,-42.26,21.9,0.76,7.6058,0.8083333333333333,725
262,1.32,539.5938888888887,48.85,-69.65,20.8,4.646,23.55028333333333,9.87435,725
263,1.08,441.4511111111111,55.2,-71.81,21.74,4.466,19.143716666666666,8.541466666666668,725
264,1.02,437.098888888889,56.06,-70.05,21.38,4.4700000000000015,17.894800000000004,8.931799999999997,725
265,0.82,441.2766666666666,60.48,-71.36,20.98,4.628,13.919933333333335,11.574266666666665,725
266,0.92,420.67,54.56,-64.85,21.33,4.738,15.894416666666665,11.7792,725
267,1.42,518.4391666666668,58.15,-67.25,21.02,4.526,26.06313333333333,10.477583333333332,725
268,1.18,478.59527777777777,59.64,-74.61,21.25,4.416,21.191266666666667,8.381950000000002,725
269,0.96,464.0680555555555,57.55,-69.77,20.92,4.428,16.672750000000004,7.9178,725
270,0.84,402.7811111111112,57.12,-75.14,21.17,4.396,14.328316666666666,7.051866666666666,725
271,0.8,392.57111111111124,54.84,-68.17,20.87,4.58,13.460566666666665,7.344200000000002,725
272,0.8,413.8725000000002,57.65,-64.89,20.84,4.8980000000000015,13.446233333333335,16.664716666666667,725
273,0.4,29.974166666666665,36.03,-54.93,19.42,5.58,5.5174,1.4135833333333332,725
274,1.18,210.71555555555557,56.07,-57.68,20.81,4.803999999999999,21.153266666666667,8.396866666666666,725
275,1.54,587.5108333333335,45.45,-65.78,21.08,4.502000000000002,28.413333333333334,13.365083333333335,725
276,0.52,25.751111111111122,37.59,-62.71,21.0,6.453999999999999,7.94045,2.148133333333333,725
277,0.38,122.09833333333331,32.97,-58.63,19.69,4.746,5.181333333333333,10.436949999999998,725
278,0.4,138.6375,32.04,-56.09,19.81,4.698,5.532100000000002,19.933516666666673,725
279,0.36,27.14833333333333,31.88,-53.91,18.73,3.1340000000000003,4.797816666666667,1.1080666666666668,725
280,0.36,38.892222222222216,44.62,-69.92,20.77,5.3260000000000005,4.777033333333334,3.4342333333333332,725
281,1.44,298.1077777777778,31.74,-83.7,21.89,4.794,26.4796,10.824666666666667,725
282,0.4,31.4075,31.69,-57.95,20.11,3.2680000000000002,5.528366666666668,1.20175,725
283,0.38,27.999722222222218,36.02,-62.1,19.91,1.998,5.1395333333333335,0.9840666666666668,725
284,1.3,201.4288888888889,47.59,-86.14,21.69,4.79,23.45246666666667,6.266050000000001,725
285,0.4,27.97861111111111,34.78,-62.89,19.71,2.386,5.5398000000000005,1.0153166666666666,725
286,0.38,28.563333333333336,38.32,-55.82,19.58,3.4839999999999995,4.8918,1.2372,725
287,1.1,241.38777777777776,36.94,-74.76,21.45,4.768,19.5862,7.129733333333334,725
288,1.28,607.9169444444445,49.5,-66.22,20.68,4.544,23.08693333333333,18.71025,725
289,0.46,212.4063888888889,50.16,-74.81,20.91,4.553999999999999,6.636466666666667,7.762883333333334,725
290,0.7,217.58555555555554,50.15,-67.68,21.04,4.488,11.400533333333335,4.5118,725
291,1.18,395.01888888888885,53.19,-68.54,20.81,4.172,21.15233333333333,6.162466666666668,725
292,0.58,580.2066666666667,70.37,-77.1,21.25,4.682,8.997933333333334,18.511283333333328,725
293,0.64,281.5833333333333,55.72,-68.26,21.26,4.646,10.205483333333335,7.851866666666666,725
294,0.92,361.33,54.23,-66.47,20.69,4.436,15.8303,6.4038,725
295,0.88,409.9044444444443,61.68,-64.62,20.89,4.122,15.035283333333336,6.347666666666668,725
296,0.9,685.5875000000002,65.59,-65.5,20.74,4.686,15.415333333333335,14.43361666666667,725
297,1.32,576.4411111111111,59.09,-63.65,20.63,5.69,23.87375,11.098066666666664,725
298,1.1,576.4066666666665,61.25,-60.17,20.47,5.75,19.4784,11.95455,725
299,1.06,598.1255555555557,59.95,-70.21,20.93,4.593999999999999,18.66713333333333,10.698533333333334,725
1,0.88,361.04111111111115,61.68,-65.18,31.12,17.218,24.786700000000003,29.2282,925
2,0.84,342.51555555555564,60.45,-64.26,31.07,16.941999999999997,23.58183333333333,30.31893333333333,925
3,0.82,332.0586111111112,61.74,-63.27,31.07,17.029999999999998,22.974400000000006,30.8121,925
4,0.92,373.7866666666667,58.9,-54.11,31.0,16.822,25.89365,27.98826666666667,925
5,0.92,305.29555555555555,62.2,-59.52,31.16,16.942,25.991916666666675,27.719466666666676,925
6,0.92,331.81888888888903,61.63,-61.26,31.26,16.954,25.98836666666667,27.844533333333334,925
7,0.92,296.0555555555557,61.6,-58.79,31.21,17.162,25.97638333333333,27.7058,925
8,0.86,348.2466666666667,70.53,-62.54,31.59,17.098,24.166999999999994,29.72558333333333,925
9,0.92,350.38555555555564,61.58,-63.33,31.31,17.09,25.9741,27.9228,925
10,0.88,342.3444444444445,60.27,-64.93,31.15,17.035999999999998,24.77748333333333,29.09726666666667,925
11,0.86,371.9469444444445,61.92,-66.82,31.25,17.009999999999998,24.18366666666667,29.83746666666667,925
12,0.9,373.1213888888889,61.62,-66.71,31.24,17.038,25.385600000000004,28.61148333333333,925
13,0.84,335.84333333333336,60.83,-60.83,31.13,16.889999999999993,23.573,30.25166666666667,925
14,0.92,332.4155555555556,61.02,-60.3,31.06,17.046,25.9589,27.8462,925
15,0.86,367.2375,69.43,-64.89,31.68,16.977999999999998,24.164,29.80673333333333,925
16,0.9,432.36972222222226,60.3,-68.56,31.42,16.996000000000002,25.4134,28.898333333333333,925
17,0.92,296.22888888888883,60.76,-56.77,31.32,16.922000000000004,25.968650000000004,27.674799999999994,925
18,0.88,375.68444444444435,61.78,-65.81,31.24,16.996000000000002,24.7782,29.25133333333333,925
19,0.92,299.07666666666665,62.04,-57.28,31.24,17.162,25.96856666666667,27.72126666666667,925
20,0.88,376.9966666666667,71.6,-67.13,31.76,17.018,24.752350000000003,29.256466666666668,925
21,0.92,294.79777777777775,63.31,-57.44,31.1,17.066,25.97233333333333,27.690266666666673,925
22,0.92,388.7755555555556,60.89,-55.61,31.24,17.09,25.90163333333333,28.07326666666667,925
23,0.92,300.3599999999999,60.62,-57.15,31.16,16.996,25.98375,27.691533333333336,925
24,0.92,303.94,61.59,-40.23,31.19,16.96,25.85136666666667,27.731333333333332,925
25,0.92,295.038888888889,61.45,-58.24,31.12,16.857999999999997,25.96128333333333,27.66146666666667,925
26,0.86,394.66361111111115,60.41,-67.57,31.34,16.922000000000004,24.19806666666667,29.90843333333333,925
27,0.86,319.66222222222217,59.49,-59.44,31.12,16.936,24.19846666666667,29.5703,925
28,0.84,324.9711111111111,60.98,-60.55,31.15,16.936,23.574033333333336,30.20926666666667,925
29,0.92,330.9488888888889,61.32,-60.41,31.09,17.0,25.96558333333333,27.8404,925
30,0.92,395.3377777777778,62.45,-66.46,31.24,17.077999999999996,25.9605,28.15493333333334,925
31,0.92,303.06666666666666,60.43,-57.86,31.29,17.06,25.97770000000001,27.718200000000003,925
32,0.84,399.7088888888889,71.73,-69.29,31.77,17.098,23.57698333333333,30.61206666666667,925
33,0.92,298.14444444444433,61.26,-58.76,31.23,17.072000000000006,25.98888333333333,27.721466666666675,925
34,0.92,351.85333333333335,61.66,-62.7,31.32,17.105999999999998,25.96021666666667,27.95393333333333,925
35,0.92,303.0844444444445,60.95,-57.83,31.24,17.166,25.9703,27.76273333333333,925
36,0.82,372.07638888888886,59.64,-65.58,31.21,17.130000000000006,22.9808,31.07066666666667,925
37,0.92,304.12666666666667,57.55,-58.74,31.12,16.994,25.98953333333333,27.72886666666666,925
38,0.92,282.4155555555555,60.9,-46.54,31.1,16.974,25.94945000000001,27.66606666666667,925
39,0.86,368.0383333333333,61.65,-63.78,31.14,16.968,24.168733333333336,29.83693333333333,925
40,0.8,346.06111111111125,62.13,-63.97,31.14,17.028,22.38263333333333,31.52413333333334,925
41,0.82,356.6619444444445,69.48,-65.61,31.8,17.098,22.965066666666665,30.963266666666666,925
42,0.92,319.6777777777778,71.51,-45.12,31.8,17.026,25.86426666666667,27.771200000000004,925
43,0.92,312.67222222222233,61.7,-59.17,31.18,17.022000000000002,25.97246666666667,27.774533333333334,925
44,0.82,529.2333333333332,61.62,-71.81,31.96,17.578,23.0182,31.87603333333333,925
45,0.92,231.82,51.63,-54.27,30.94,16.774,26.00195,27.4424,925
46,0.8,429.9055555555556,63.19,-67.24,31.31,17.305999999999994,22.42508333333333,31.98373333333333,925
47,0.92,309.80222222222216,61.31,-57.33,31.16,17.157999999999998,25.98246666666667,27.783733333333334,925
48,0.88,442.5422222222222,66.9,-67.01,31.67,17.368000000000002,24.81378333333333,29.60506666666667,925
49,0.76,444.07555555555547,59.7,-79.59,33.24,16.526,21.260516666666664,29.043633333333336,925
50,0.86,362.7230555555557,64.76,-59.17,31.02,17.128000000000004,24.22666666666667,29.769583333333333,925
51,0.92,334.6966666666668,67.45,-60.24,31.7,16.997999999999998,25.99745,27.8562,925
52,0.92,321.54555555555555,56.03,-59.52,31.73,16.945999999999998,26.02118333333333,27.77806666666667,925
53,0.92,323.54,61.57,-57.98,31.09,16.982,25.98555,27.81826666666667,925
54,0.88,326.69777777777773,62.42,-63.07,31.17,16.901999999999994,24.78708333333333,28.99653333333333,925
55,0.92,301.68777777777774,61.22,-56.92,31.1,17.082,25.9568,27.734333333333336,925
56,0.9,375.96111111111117,69.09,-65.82,31.61,17.215999999999998,25.381133333333334,28.62726666666667,925
57,0.92,347.7544444444445,69.01,-62.13,31.69,17.2,25.97535,27.93873333333333,925
58,0.92,375.82555555555547,61.1,-61.17,31.28,17.302,25.9603,28.047866666666664,925
59,0.86,365.9094444444445,67.34,-62.1,31.59,16.973999999999997,24.18266666666667,29.803933333333333,925
60,0.92,376.29555555555567,59.62,-64.21,30.99,17.234,25.98083333333333,28.06106666666667,925
61,0.92,327.5133333333333,67.39,-58.79,31.67,17.192,25.98113333333334,27.83313333333333,925
62,0.9,384.05750000000006,69.67,-63.44,31.73,17.125999999999998,25.39080000000001,28.658466666666666,925
63,0.82,356.64972222222224,60.69,-60.11,31.18,17.32,23.015200000000004,30.976533333333336,925
64,0.86,368.2302777777778,58.19,-64.56,31.24,17.266,24.21053333333333,29.86751666666667,925
65,0.88,412.7622222222223,58.97,-67.28,31.25,17.02,24.79846666666667,29.42606666666667,925
66,0.9,364.8755555555557,60.95,-61.28,31.07,16.988,25.40013333333333,28.577300000000005,925
67,0.92,362.43,60.44,-60.49,31.14,16.945999999999998,25.98345,27.96346666666667,925
68,0.92,386.4744444444445,59.12,-61.61,31.18,16.857999999999997,25.94773333333334,28.06646666666667,925
69,0.92,360.8688888888889,62.14,-62.86,31.24,17.162,25.958766666666676,27.979666666666674,925
70,0.92,331.0566666666667,58.45,-49.16,31.28,17.055999999999997,25.85568333333333,27.850400000000004,925
71,0.88,381.18111111111125,61.35,-66.86,31.16,17.088,24.792833333333334,29.27773333333333,925
72,0.9,383.61750000000006,60.46,-67.15,31.19,17.064,25.39273333333334,28.655366666666666,925
73,0.9,343.70555555555563,59.85,-61.64,31.11,17.052,25.403866666666666,28.478,925
74,0.92,371.0622222222222,61.25,-60.26,31.2,17.282,25.93623333333333,28.046800000000005,925
75,0.92,378.8077777777778,67.17,-63.33,31.66,16.997999999999998,25.947050000000004,28.054066666666664,925
76,0.82,414.0822222222222,62.59,-68.62,31.62,16.863999999999994,22.978,31.295850000000005,925
77,0.76,408.46777777777777,59.26,-68.64,31.29,16.61,21.2056,33.101800000000004,925
78,0.8,354.29444444444437,60.57,-59.33,31.05,17.302,22.3857,31.58566666666667,925
79,0.88,338.1755555555556,61.27,-61.82,31.13,17.235999999999994,24.79890000000001,29.090733333333336,925
80,0.82,337.17694444444453,71.97,-60.76,31.73,16.936,22.95733333333333,30.855733333333333,925
81,0.78,483.3122222222223,61.72,-62.9,31.19,17.009999999999998,21.81233333333333,32.734983333333325,925
82,0.9,349.6311111111111,56.29,-62.29,30.97,16.822,25.3886,28.511833333333332,925
83,0.78,363.6830555555555,62.8,-58.05,31.09,17.194000000000003,21.787000000000006,32.08866666666666,925
84,0.8,356.5444444444445,70.25,-58.1,31.69,17.305999999999994,22.40596666666667,31.55873333333333,925
85,0.84,344.0944444444445,59.69,-60.98,31.13,16.906,23.59761666666667,30.32213333333333,925
86,0.92,313.9688888888889,61.47,-59.48,31.18,17.055999999999997,25.98576666666667,27.778000000000002,925
87,0.82,389.1927777777778,60.8,-61.4,31.21,17.168,23.00106666666667,31.14321666666667,925
88,0.52,437.44999999999993,85.68,-82.07,33.99,16.926000000000002,13.8965,33.118399999999994,925
89,0.58,359.8916666666667,97.34,-91.58,34.61,16.817999999999998,15.674,38.87191666666666,925
90,0.74,363.58888888888885,61.22,-58.61,31.19,17.523999999999994,20.6242,33.389116666666666,925
91,0.78,367.45305555555575,59.74,-59.79,31.1,16.912,21.83353333333333,32.203900000000004,925
92,0.82,364.03638888888884,56.78,-64.99,31.31,17.03,23.0294,31.0641,925
93,0.74,369.53333333333336,62.46,-59.43,31.09,16.93,20.6184,29.7002,925
94,0.5,404.92611111111114,93.87,-65.12,31.91,16.614,13.305,38.88131666666667,925
95,0.52,354.4122222222223,92.05,-63.86,31.52,16.869999999999994,13.893266666666666,40.220933333333335,925
96,0.78,389.8777777777778,63.02,-64.68,31.53,17.077999999999996,21.8458,32.39705,925
97,0.76,406.8855555555557,59.64,-59.8,31.1,16.594,21.218666666666667,24.851733333333332,925
98,0.32,295.4633333333333,73.4,-68.38,35.92,15.922,7.959083333333332,46.48086666666667,925
99,0.24,75.23555555555555,39.61,-53.71,31.68,16.424,5.694066666666666,46.4476,925
100,0.24,60.354444444444454,39.26,-51.5,31.53,16.058,5.6721666666666675,46.26506666666667,925
101,0.26,49.584444444444436,42.7,-55.49,31.65,15.932,6.262600000000001,36.9488,925
102,0.3,86.60500000000002,48.94,-53.02,31.76,16.112000000000002,7.381333333333334,44.548716666666664,925
103,0.26,54.51750000000001,41.43,-52.4,31.83,16.246,6.292733333333333,45.71476666666669,925
104,0.48,87.28333333333332,42.92,-51.65,31.55,15.966000000000005,12.868383333333336,39.20033333333333,925
105,0.24,50.94000000000001,40.92,-53.11,31.64,15.922000000000002,5.668516666666666,46.2392,925
106,0.92,210.07666666666665,45.87,-67.41,31.42,16.058,26.04575,26.08273333333333,925
107,0.24,77.12222222222225,40.37,-55.0,31.53,15.895999999999999,5.672416666666668,41.8294,925
108,0.4,173.1044444444444,56.18,-63.11,33.17,16.048000000000002,10.328066666666668,42.73440000000001,925
109,0.24,54.71472222222222,40.03,-53.08,31.56,15.866,5.660333333333332,34.33700000000001,925
110,0.92,49.35111111111111,50.83,-51.07,30.97,16.038,26.00355,10.943133333333336,925
111,0.76,293.04,59.79,-79.44,33.14,16.008000000000006,21.223166666666668,31.260266666666674,925
112,0.24,92.25333333333332,38.59,-53.99,31.4,16.080000000000002,5.669266666666667,46.31273333333333,925
113,0.62,128.1661111111111,41.11,-60.5,31.47,16.137999999999998,17.07486666666667,35.09543333333333,925
114,0.92,136.82555555555555,40.97,-58.55,31.57,17.026,26.15471666666667,27.168466666666674,925
115,0.92,104.96777777777777,47.13,-63.03,31.34,15.929999999999998,26.05445000000001,15.8234,925
116,0.36,160.3486111111111,70.63,-62.54,31.72,16.044,9.131366666666667,25.12533333333333,925
117,0.66,225.2025,86.24,-56.69,32.05,16.694000000000003,18.1382,23.731216666666665,925
118,0.52,226.30638888888896,92.96,-59.72,32.19,15.658,13.921333333333333,22.08755,925
119,0.38,166.14444444444447,83.48,-59.2,33.57,10.258,9.702333333333334,20.7848,925
120,0.34,116.54777777777778,114.51,-27.63,33.49,8.506,8.322133333333333,21.3134,925
121,0.28,242.09472222222226,109.56,-73.25,35.1,13.169999999999998,6.575283333333335,25.18783333333333,925
122,0.36,209.3708333333333,109.5,-73.05,33.1,17.080000000000002,8.98185,21.59253333333334,925
123,0.38,252.31777777777774,97.94,-76.08,33.0,17.433999999999994,9.683466666666668,21.89000000000001,925
124,0.3,413.2297222222223,95.77,-71.3,36.1,15.976,7.3622,47.66673333333335,925
125,0.24,85.8377777777778,40.0,-55.07,31.52,16.119999999999994,5.668333333333334,46.34586666666666,925
126,0.24,16.09,41.22,-33.94,31.68,11.158,5.665366666666667,23.19776666666667,925
127,0.3,165.54722222222225,75.58,-61.22,33.0,15.848000000000004,7.143066666666668,35.66893333333334,925
128,0.36,252.11444444444447,82.82,-68.86,36.21,16.002000000000002,9.097,45.02693333333333,925
129,0.24,53.81777777777778,40.27,-52.69,31.52,15.872,5.662466666666668,34.68306666666667,925
130,0.74,607.5488888888888,86.7,-117.32,38.5,17.162,20.512866666666667,35.70983333333334,925
131,0.24,17.331111111111117,32.45,-43.9,31.27,15.446000000000002,5.7067000000000005,23.83825,925
132,0.8,382.47333333333336,71.36,-66.14,31.7,15.632,22.367350000000005,25.767550000000004,925
133,0.5,148.6122222222222,63.81,-51.78,31.09,16.948,13.307933333333335,24.821666666666676,925
134,0.56,215.89361111111114,82.49,-63.02,31.0,17.124000000000002,15.145783333333334,18.41378333333333,925
135,0.44,216.09333333333336,89.33,-66.09,31.74,17.38,11.509716666666666,20.736733333333333,925
136,0.44,146.31888888888892,86.5,-58.48,32.34,14.777999999999999,11.533333333333333,18.772650000000006,925
137,0.32,80.46305555555556,82.09,-29.14,32.81,15.332,7.91155,22.24491666666667,925
138,0.22,427.79805555555566,69.88,-59.3,34.86,15.985999999999999,4.931266666666667,49.18035,925
139,0.24,74.1388888888889,36.07,-50.08,30.85,15.856,5.65685,45.28421666666666,925
140,0.22,92.25222222222223,51.81,-52.76,32.45,15.982000000000001,4.9544,39.356533333333346,925
141,0.34,143.14666666666668,58.39,-56.77,32.72,15.864,8.560666666666666,31.187466666666666,925
142,0.32,119.66722222222224,63.73,-58.22,34.24,15.628,7.954666666666667,22.7236,925
143,0.64,565.571111111111,87.6,-112.2,42.17,17.012,17.462000000000003,39.0452,925
144,0.52,136.45444444444448,33.42,-58.03,31.47,15.806,14.086766666666668,26.1458,925
145,0.6,255.37000000000003,65.34,-65.2,31.14,15.84,16.374433333333336,31.44586666666667,925
146,0.92,282.7955555555555,79.99,-54.48,30.64,16.7,25.94586666666667,16.910333333333334,925
147,0.92,276.86972222222226,87.11,-55.47,30.81,17.016,25.982883333333334,14.514716666666667,925
148,0.92,327.1555555555555,78.48,-57.4,30.73,16.933999999999994,25.98655,17.448933333333333,925
149,0.6,352.05305555555555,83.91,-58.42,31.01,16.85,16.368650000000002,32.46861666666667,925
150,0.56,352.2211111111112,82.52,-55.99,30.99,16.886000000000006,15.155133333333335,30.725466666666666,925
151,0.58,231.71666666666667,83.33,-65.26,30.97,17.622,15.762533333333336,17.351116666666666,925
152,0.08,207.82916666666668,10.94,-63.13,33.03,16.038,1.03505,48.24101666666667,925
153,0.76,312.5869444444445,78.41,-63.58,30.75,16.686,21.13863333333334,31.563050000000004,925
154,0.92,341.3388888888889,77.52,-55.37,30.83,17.113999999999994,25.986666666666668,27.91973333333333,925
155,0.92,340.0955555555555,69.23,-55.79,30.96,17.151999999999994,26.007883333333336,27.92100000000001,925
156,0.58,352.22666666666674,77.89,-55.54,31.26,16.642000000000003,15.738,36.8573,925
157,0.52,351.8844444444445,85.7,-57.18,31.32,17.332,13.9098,40.09446666666667,925
158,0.74,373.83138888888885,61.63,-59.54,31.33,17.128000000000004,20.584466666666664,33.500866666666674,925
159,0.6,381.6466666666667,68.88,-54.16,31.34,15.704000000000002,16.35578333333333,36.38893333333334,925
160,0.56,332.20444444444445,86.97,-55.97,32.19,17.195999999999998,15.124250000000002,38.748866666666665,925
161,0.78,381.7919444444445,58.74,-59.94,30.99,17.363999999999994,21.8166,32.3599,925
162,0.84,377.12,61.4,-66.07,31.52,17.212,23.61198333333333,30.5418,925
163,0.72,348.21333333333337,63.17,-59.05,31.48,17.078,19.966600000000003,34.031800000000004,925
164,0.84,375.0111111111111,65.9,-65.75,31.8,17.19,23.577933333333334,30.50466666666667,925
165,0.82,384.00555555555565,56.05,-64.06,31.52,17.285999999999998,23.02753333333333,31.21086666666667,925
166,0.78,394.7130555555556,65.14,-65.49,31.61,17.166,21.7784,32.44758333333333,925
167,0.72,366.92444444444425,57.78,-62.89,31.68,17.145999999999994,19.99465,34.21206666666668,925
168,0.82,358.3936111111112,56.22,-63.42,30.98,17.317999999999998,23.0098,31.0212,925
169,0.82,418.7744444444445,57.04,-67.61,31.89,17.222,23.02393333333334,31.382266666666666,925
170,0.74,401.1213888888889,64.66,-64.96,31.67,17.133999999999997,20.5666,33.71908333333333,925
171,0.8,408.1355555555557,58.06,-68.3,31.94,17.316,22.39133333333334,31.979066666666665,925
172,0.84,350.54666666666674,57.91,-59.46,31.02,17.112000000000002,23.599983333333334,30.3782,925
173,0.66,355.32416666666666,67.58,-55.52,31.06,17.041999999999994,18.1986,35.76775,925
174,0.66,404.24500000000006,67.39,-59.97,31.61,17.13,18.175266666666673,36.16561666666666,925
175,0.72,395.53777777777776,56.86,-63.28,31.86,17.195999999999998,19.99275,34.37233333333333,925
176,0.86,379.41833333333335,63.86,-63.35,31.63,16.965999999999998,24.1842,29.88136666666667,925
177,0.62,364.5291666666666,71.08,-57.33,31.14,16.991999999999994,16.983533333333334,36.99786666666667,925
178,0.64,395.4755555555557,72.56,-59.82,31.62,17.127999999999997,17.571250000000006,36.71326666666667,925
179,0.82,395.3038888888889,57.57,-64.41,31.41,17.137999999999998,23.01206666666667,31.23678333333333,925
180,0.84,381.1566666666666,56.03,-63.66,31.16,17.012,23.6136,30.51426666666667,925
181,0.66,382.5463888888888,61.57,-61.14,31.15,17.048000000000002,18.182,35.887600000000006,925
182,0.68,418.3277777777778,64.37,-63.76,32.07,17.131999999999998,18.78795,35.752866666666655,925
183,0.86,416.8941666666667,54.61,-69.83,31.96,17.317999999999998,24.232800000000005,30.134000000000004,925
184,0.88,382.3677777777778,64.08,-67.2,31.45,17.04,24.77128333333333,29.31486666666667,925
185,0.8,411.4811111111112,56.89,-65.98,31.55,17.17,22.38698333333333,31.9042,925
186,0.82,424.2997222222222,56.0,-70.7,32.1,17.212,22.990666666666666,31.40230000000001,925
187,0.9,447.0213888888889,54.52,-69.23,31.67,17.162,25.37919999999999,28.867950000000004,925
188,0.86,457.21333333333337,54.61,-68.75,31.6,17.098000000000006,24.20486666666667,30.16711666666667,925
189,0.9,496.3775,67.35,-77.16,32.07,17.169999999999998,25.40213333333333,29.04346666666667,925
190,0.84,473.39555555555563,57.95,-72.09,31.77,16.009999999999998,23.60005,28.96673333333333,925
191,0.88,480.92000000000013,57.62,-74.23,32.03,17.174,24.744033333333334,29.688333333333336,925
192,0.92,487.4911111111112,55.34,-71.97,31.76,16.113999999999994,26.00891666666667,26.54946666666667,925
193,0.88,394.2277777777779,60.82,-69.45,31.31,17.055999999999997,24.76548333333334,29.30806666666667,925
194,0.74,455.3941666666668,59.79,-67.5,31.54,16.038,20.578800000000005,32.00095,925
195,0.7,466.0266666666667,63.68,-67.82,32.11,16.04,19.3024,33.44488333333333,925
196,0.88,447.9688888888888,60.98,-67.97,31.79,16.082,24.78353333333333,27.74613333333333,925
197,0.92,473.79,61.52,-70.78,31.59,17.182000000000002,25.926283333333334,28.440600000000003,925
198,0.88,489.5077777777778,66.55,-74.33,32.19,17.419999999999998,24.78258333333334,29.84633333333333,925
199,0.92,520.1500000000002,54.38,-70.66,31.78,17.35,26.00971666666667,28.69953333333333,925
200,0.64,428.76500000000016,57.9,-60.82,31.69,16.668,17.56648333333333,35.09525,925
201,0.6,270.1311111111111,78.05,-65.6,31.86,16.38,16.352450000000005,20.81383333333333,925
202,0.32,283.0011111111112,59.89,-68.07,35.77,16.234,7.964183333333333,46.33726666666668,925
203,0.24,82.93833333333333,38.0,-53.14,31.36,15.89,5.673966666666668,42.74130000000001,925
204,0.46,216.29666666666668,58.74,-66.83,37.24,16.162,12.131800000000002,41.344483333333336,925
205,0.92,149.82777777777784,39.64,-47.35,31.28,16.078,26.041850000000004,25.829,925
206,0.66,274.6186111111111,41.6,-96.76,36.41,16.082,18.1446,35.12651666666667,925
207,0.24,61.23861111111113,38.47,-51.83,31.17,15.8,5.671266666666668,39.52505000000001,925
208,0.56,246.60888888888888,63.37,-83.65,35.07,16.066,15.131283333333334,37.84393333333335,925
209,0.76,283.25777777777785,50.56,-108.9,37.02,17.134,21.19805,17.101200000000002,925
210,0.28,267.41222222222217,87.61,-63.36,37.39,16.165999999999997,6.6965666666666674,47.88253333333334,925
211,0.92,73.06000000000002,40.53,-52.08,30.45,16.897999999999996,26.029450000000004,4.6336,925
212,0.34,38.4975,60.45,-65.31,32.23,14.612,8.553999999999998,21.406033333333333,925
213,0.32,180.61222222222224,54.75,-65.42,32.02,16.766,7.9513500000000015,23.53578333333333,925
214,0.52,283.8288888888889,75.48,-53.32,30.88,16.951999999999998,13.974033333333335,38.426,925
215,0.48,357.33972222222224,80.24,-86.47,34.91,16.881999999999998,12.75465,31.0969,925
216,0.26,175.02666666666667,68.2,-63.66,35.88,16.29,6.122866666666668,29.1014,925
217,0.38,252.10444444444445,79.3,-68.09,36.31,15.96,9.703266666666668,24.09066666666667,925
218,0.28,220.29666666666665,76.56,-57.2,36.03,15.872,6.714116666666667,42.296133333333344,925
219,0.42,265.16,78.97,-66.34,36.84,15.762,10.920933333333334,35.6368,925
220,0.44,210.47555555555562,72.9,-69.63,36.31,16.264,11.5163,20.938866666666666,925
221,0.42,208.5425,70.91,-72.57,34.91,16.404000000000003,10.942466666666668,21.214000000000002,925
222,0.5,282.3833333333333,77.32,-97.08,35.87,16.637999999999998,13.3368,21.7984,925
223,0.3,192.8011111111112,75.14,-52.99,35.96,11.686,7.372133333333334,24.23866666666667,925
224,0.42,245.22333333333336,111.46,-93.52,35.09,16.002000000000002,10.7564,21.457666666666668,925
225,0.46,367.7508333333333,76.87,-102.01,37.16,15.886,12.168533333333333,34.6936,925
226,0.58,297.60444444444437,81.23,-91.91,34.87,16.718,15.792800000000002,19.686333333333334,925
227,0.44,283.37999999999994,80.93,-96.0,36.31,15.945999999999998,11.578733333333336,22.448466666666665,925
228,0.54,259.77000000000004,78.76,-72.85,33.51,17.058,14.57246666666667,18.852400000000006,925
229,0.54,326.9011111111111,84.21,-57.74,31.24,16.938,14.588533333333334,25.47033333333333,925
230,0.54,372.67555555555566,77.77,-66.36,31.53,15.186000000000002,14.539466666666668,25.41416666666667,925
231,0.5,378.43888888888887,88.95,-72.53,32.19,15.386,13.316000000000004,25.8358,925
232,0.52,336.2986111111111,84.54,-67.98,31.68,16.588,13.9126,24.409400000000005,925
233,0.48,351.0341666666667,86.33,-66.29,31.41,16.755999999999997,12.736183333333335,26.89663333333333,925
234,0.52,392.66305555555573,81.36,-72.75,33.47,15.628,14.058233333333336,32.44335,925
235,0.72,632.068888888889,92.13,-138.53,41.22,17.294,19.816416666666672,36.91373333333335,925
236,0.22,114.88833333333334,31.49,-54.14,31.1,15.782,5.1112,45.1168,925
237,0.92,314.4650000000001,55.91,-58.93,30.88,16.768,25.99335,20.752966666666666,925
238,0.84,376.55611111111125,75.36,-60.21,30.89,16.657999999999998,23.55971666666667,24.74571666666667,925
239,0.92,348.9111111111112,78.94,-58.34,31.23,16.711999999999996,26.010666666666665,21.930266666666668,925
240,0.92,355.18000000000006,85.15,-59.47,31.32,16.683999999999994,26.00321666666667,20.57526666666667,925
241,0.6,391.3825,76.15,-56.09,31.25,16.740000000000002,16.375233333333334,33.98873333333333,925
242,0.92,374.27888888888896,79.45,-58.15,31.03,16.622,25.998800000000006,23.98633333333333,925
243,0.58,383.43111111111114,76.97,-58.78,31.42,16.640000000000004,15.748466666666667,32.56260000000001,925
244,0.58,389.97666666666674,80.17,-55.94,31.34,16.636,15.748733333333336,34.59313333333333,925
245,0.62,384.62222222222226,81.81,-56.34,31.06,16.558,16.957133333333335,34.04273333333334,925
246,0.62,393.47833333333335,80.21,-57.46,31.21,16.651999999999994,16.989199999999997,36.47085000000001,925
247,0.62,398.53527777777776,77.78,-58.05,31.12,16.630000000000006,16.970999999999997,37.19551666666667,925
248,0.62,385.5016666666667,77.92,-58.53,31.24,16.49,16.9572,33.022,925
249,0.62,374.8250000000001,78.04,-58.73,31.06,16.645999999999994,16.96966666666667,34.333600000000004,925
250,0.6,404.5244444444445,79.67,-57.97,31.19,16.622,16.35755,37.77966666666666,925
251,0.6,398.0397222222224,80.7,-56.15,31.23,16.534000000000002,16.35931666666667,34.71125,925
252,0.64,384.98000000000013,78.09,-58.51,31.08,16.576,17.5883,35.82273333333333,925
253,0.62,373.06305555555565,77.49,-56.8,30.98,16.634000000000004,16.960933333333333,33.68275000000001,925
254,0.58,388.26305555555547,78.69,-58.92,31.34,16.467999999999996,15.7716,35.600483333333344,925
255,0.58,400.4144444444445,77.94,-55.97,31.42,16.683999999999994,15.76666666666667,38.07566666666667,925
256,0.58,390.5255555555556,78.38,-55.94,31.31,16.494,15.7502,35.986466666666665,925
257,0.6,386.83,76.31,-57.45,31.22,16.458,16.341783333333332,32.99346666666667,925
258,0.6,412.30694444444435,79.45,-60.06,31.15,16.669999999999998,16.38706666666667,36.80928333333335,925
259,0.6,428.54333333333335,78.61,-60.05,31.59,16.663999999999998,16.328383333333335,38.01906666666667,925
260,0.6,395.7586111111111,81.04,-56.59,31.24,16.703999999999994,16.316783333333333,34.07015,925
261,0.58,409.01333333333326,79.74,-57.93,31.23,16.734,15.706400000000004,35.34039999999999,925
262,0.58,403.7944444444445,76.73,-57.51,31.32,16.674,15.757400000000002,37.37053333333333,925
263,0.62,366.5244444444445,74.99,-59.57,30.96,16.654,16.9586,33.00943333333333,925
264,0.6,407.8344444444445,75.68,-56.51,31.16,16.663999999999998,16.359183333333334,37.136066666666665,925
265,0.6,424.18666666666667,78.84,-60.34,31.75,17.25,16.299033333333334,38.10853333333335,925
266,0.8,423.0044444444445,57.5,-66.05,31.51,17.076,22.38863333333333,32.021,925
267,0.82,473.89500000000015,58.3,-68.18,31.51,16.973999999999997,23.00253333333333,31.42288333333333,925
268,0.76,462.4433333333334,57.53,-67.96,31.68,17.184,21.189133333333334,33.2482,925
269,0.86,462.05722222222226,66.21,-70.38,31.67,17.232,24.180533333333337,30.129266666666666,925
270,0.86,461.32138888888886,67.92,-72.88,31.78,17.252000000000002,24.178066666666666,30.197533333333336,925
271,0.84,425.39555555555563,60.66,-68.46,31.42,17.244,23.63706666666667,30.64793333333333,925
272,0.8,423.6377777777778,58.54,-66.47,31.27,17.253999999999998,22.412716666666668,31.93746666666667,925
273,0.8,413.0533333333333,59.45,-69.16,31.38,17.101999999999997,22.413183333333336,31.82206666666667,925
274,0.68,385.00888888888886,60.59,-60.12,31.11,17.058,18.73475,35.3032,925
275,0.74,396.0961111111112,62.1,-63.42,31.17,16.913999999999998,20.583066666666667,33.55446666666667,925
276,0.62,406.6952777777778,75.11,-59.63,31.32,17.163999999999998,16.94966666666667,37.241133333333345,925
277,0.76,446.22777777777776,72.32,-66.31,31.76,17.124000000000002,21.1612,33.2842,925
278,0.8,404.29555555555567,61.44,-68.04,31.23,17.052,22.386700000000005,31.816533333333336,925
279,0.74,400.32805555555575,62.36,-62.74,31.12,17.0,20.57313333333333,33.561800000000005,925
280,0.66,355.7872222222222,74.7,-56.11,31.0,16.666,18.17673333333333,32.293350000000004,925
281,0.6,374.56888888888886,80.69,-55.72,31.28,16.613999999999994,16.341950000000004,36.9252,925
282,0.58,380.4213888888888,81.88,-58.26,31.41,17.113999999999994,15.7104,38.32423333333333,925
283,0.74,426.11972222222226,62.06,-64.27,31.51,17.139999999999993,20.5822,33.71535000000001,925
284,0.84,449.4977777777778,61.13,-70.5,31.57,17.176,23.59643333333333,30.75893333333333,925
285,0.76,424.4288888888889,59.64,-67.56,31.58,17.05,21.1426,33.13193333333334,925
286,0.78,421.8244444444445,59.66,-67.99,31.3,17.07,21.793066666666675,32.461216666666665,925
287,0.84,474.6544444444445,61.03,-73.78,31.73,16.964000000000002,23.61176666666667,30.850133333333336,925
288,0.68,369.51194444444434,72.79,-54.88,30.97,16.762,18.769716666666664,33.453716666666665,925
289,0.6,403.2044444444445,82.96,-61.99,31.52,17.018,16.32055,37.89973333333333,925
290,0.68,398.56555555555565,64.94,-61.84,31.34,17.154000000000003,18.785083333333336,35.4352,925
291,0.8,453.9333333333333,60.83,-70.55,32.12,17.172,22.38343333333333,32.123866666666665,925
292,0.8,428.0633333333335,60.69,-69.98,31.66,17.183999999999994,22.3802,31.98246666666667,925
293,0.84,434.42666666666673,60.82,-70.15,31.61,17.226,23.574033333333336,30.79566666666667,925
294,0.8,411.96888888888884,61.44,-66.13,31.4,17.044,22.40175,31.823933333333336,925
295,0.84,422.3977777777779,62.18,-68.35,31.51,17.146,23.58255,30.710600000000003,925
296,0.8,450.4966666666667,60.14,-71.35,31.8,17.04,22.35831666666667,32.064400000000006,925
297,0.64,420.12111111111113,74.56,-62.06,31.57,17.142,17.53241666666667,36.76573333333333,925
298,0.74,434.89,62.15,-66.77,31.67,17.172,20.584533333333336,33.81258333333334,925
299,0.76,413.5133333333334,61.39,-67.45,31.35,17.232,21.175433333333334,33.114066666666666,925
300,0.84,437.88888888888886,60.97,-70.55,31.7,17.113999999999994,23.59125,30.78326666666667,925
1,0.82,317.1030555555556,67.89,-68.01,26.23,7.582000000000002,18.855000000000004,15.161,794
2,0.82,454.81888888888886,72.57,-73.99,26.47,8.17,18.869800000000005,24.88126666666667,794
3,0.82,297.8088888888889,54.03,-69.25,26.33,7.668000000000001,18.87386666666667,15.256533333333332,794
4,0.82,304.5763888888889,73.1,-88.62,27.16,7.5379999999999985,18.919866666666667,11.7081,794
5,0.82,458.09333333333336,68.48,-71.41,26.26,7.986000000000001,18.8624,24.827933333333334,794
6,0.82,312.0888888888888,50.49,-65.71,26.23,7.7139999999999995,18.836133333333336,19.1704,794
7,0.82,400.65222222222224,71.26,-71.3,26.21,8.008,18.8544,24.765666666666664,794
8,0.82,335.5733333333334,59.88,-73.5,26.42,7.8900000000000015,18.885666666666665,23.47921666666667,794
9,0.74,208.16333333333336,68.42,-80.63,26.59,7.528,16.85186666666667,10.128900000000002,794
10,0.8,410.72000000000014,70.96,-92.97,27.45,8.312000000000001,18.386366666666667,25.42,794
11,0.82,332.5644444444444,57.36,-69.95,26.48,7.781999999999999,18.910666666666668,21.392400000000006,794
12,0.82,357.3624999999999,66.96,-70.52,26.35,7.728,18.87033333333333,23.52393333333333,794
13,0.82,364.3688888888889,67.19,-70.38,26.33,7.842,18.862666666666673,24.6734,794
14,0.82,395.40777777777777,66.37,-70.82,26.36,8.068,18.867266666666673,24.73586666666667,794
15,0.82,199.99361111111114,56.59,-71.98,27.11,7.606,18.9924,7.987333333333334,794
16,0.82,432.0916666666668,71.24,-75.05,26.37,7.6019999999999985,18.87426666666667,23.02593333333333,794
17,0.82,386.23333333333335,71.84,-70.03,26.49,7.756,18.906133333333337,24.654000000000003,794
18,0.8,279.6955555555556,69.25,-79.47,26.62,7.7139999999999995,18.417883333333336,14.088866666666664,794
19,0.82,393.1172222222222,69.46,-74.06,26.39,7.63,18.8906,21.00555,794
20,0.78,243.22055555555556,70.78,-80.07,26.41,7.709999999999999,17.8686,13.280516666666667,794
21,0.8,445.68305555555565,72.73,-87.64,27.0,7.788000000000001,18.400883333333336,25.400966666666665,794
22,0.82,402.4422222222223,67.53,-69.14,26.29,8.026,18.8536,24.74653333333333,794
23,0.82,347.93888888888887,53.05,-67.95,26.35,7.723999999999998,18.864666666666665,19.659033333333333,794
24,0.72,266.5852777777779,71.35,-88.55,26.9,7.82,16.317283333333336,14.18415,794
25,0.82,407.78222222222223,67.39,-80.8,26.41,8.145999999999999,18.918333333333337,24.76033333333334,794
26,0.82,392.94888888888903,53.14,-65.18,26.21,8.193999999999999,18.825533333333333,24.69220000000001,794
27,0.82,305.4186111111111,50.08,-74.78,26.35,7.627999999999999,18.887266666666672,14.549666666666667,794
28,0.82,437.251388888889,75.23,-67.27,26.33,7.659999999999998,18.850066666666674,24.28166666666667,794
29,0.82,379.1344444444445,72.48,-74.9,26.35,7.956,18.8578,24.76326666666667,794
30,0.82,392.04,57.97,-70.88,26.33,8.0,18.860000000000007,24.766933333333334,794
31,0.82,288.17722222222216,61.26,-73.41,26.54,7.766,18.909066666666664,12.293316666666668,794
32,0.82,417.3066666666666,71.53,-86.18,26.92,8.218,18.88353333333333,24.840933333333336,794
33,0.82,331.7011111111111,55.04,-65.05,26.16,8.106,18.8634,24.649666666666665,794
34,0.82,282.03111111111116,56.73,-73.91,26.32,7.626,18.878466666666665,12.258266666666666,794
35,0.8,427.1527777777779,74.8,-89.46,27.22,7.63,18.3747,21.82421666666667,794
36,0.82,318.9252777777777,72.15,-77.48,26.4,7.9060000000000015,18.8856,19.007866666666672,794
37,0.82,364.9833333333333,64.45,-68.53,26.19,7.734,18.856933333333334,23.69133333333333,794
38,0.82,368.03,65.74,-71.45,26.34,7.69,18.868,23.060333333333336,794
39,0.82,378.7866666666668,67.31,-70.88,26.44,7.794,18.87193333333333,24.671999999999997,794
40,0.82,321.47500000000014,67.42,-74.72,26.45,7.737999999999999,18.880866666666673,15.825783333333336,794
41,0.74,306.85472222222234,71.45,-86.91,27.19,7.682,16.866533333333336,14.21315,794
42,0.7,315.9438888888889,73.08,-83.85,27.2,7.721999999999999,15.773866666666667,16.845066666666668,794
43,0.82,387.3177777777778,68.78,-74.22,26.47,7.56,18.908,19.5806,794
44,0.82,437.73972222222227,73.88,-78.92,26.51,7.710000000000001,18.83173333333333,22.0869,794
45,0.74,359.9644444444445,69.2,-78.94,26.53,7.901999999999999,16.83566666666667,26.82573333333334,794
46,0.82,390.1722222222223,65.0,-72.53,26.32,8.033999999999999,18.866666666666667,24.791000000000004,794
47,0.82,314.86888888888893,59.96,-70.03,26.32,7.5379999999999985,18.875533333333333,13.898483333333335,794
48,0.82,391.6544444444445,73.26,-69.45,26.25,7.592,18.8286,20.518533333333327,794
49,0.82,336.51444444444445,71.57,-75.19,26.37,7.729999999999999,18.8834,16.31833333333333,794
50,0.82,421.9155555555555,69.53,-74.21,26.35,8.030000000000001,18.88693333333333,24.81553333333333,794
51,0.82,314.19777777777773,49.59,-67.57,26.34,7.654000000000001,18.854866666666673,14.332933333333335,794
52,0.76,378.8275,72.13,-90.23,27.31,7.626,17.330366666666666,19.655016666666672,794
53,0.82,351.34222222222223,70.02,-74.24,26.18,7.702000000000001,18.861600000000006,20.639616666666665,794
54,0.82,374.88666666666666,69.98,-81.64,26.8,7.5939999999999985,18.9064,18.33006666666667,794
55,0.82,396.1122222222223,70.26,-75.72,26.4,7.725999999999999,18.880066666666668,24.738200000000006,794
56,0.82,395.69000000000017,68.88,-71.27,26.3,7.730000000000001,18.856600000000004,24.084933333333336,794
57,0.82,275.1444444444444,68.69,-74.35,26.41,7.912000000000001,18.894600000000004,15.41095,794
58,0.52,273.93944444444446,72.51,-79.56,27.27,7.638,11.093450000000002,19.19633333333333,794
59,0.82,344.2388888888889,68.92,-77.24,26.6,7.794,18.881466666666668,21.7796,794
60,0.82,385.21777777777777,68.77,-73.53,26.34,8.006,18.8666,24.68626666666667,794
61,0.54,200.6688888888889,60.88,-73.93,26.93,7.638,11.625333333333336,16.406533333333336,794
62,0.82,388.8991666666667,70.82,-75.15,26.33,7.644,18.8392,19.767716666666665,794
63,0.76,429.2861111111112,74.02,-96.98,27.52,7.734,17.388416666666668,25.820333333333334,794
64,0.82,393.6955555555555,69.51,-72.78,26.34,8.026,18.877733333333328,24.671000000000006,794
65,0.82,302.30111111111097,59.37,-75.3,26.44,7.7200000000000015,18.888866666666672,15.944800000000004,794
66,0.74,396.4822222222222,72.31,-92.22,27.22,7.766,16.83926666666667,25.032200000000003,794
67,0.82,316.8911111111113,66.94,-71.18,26.94,7.814,18.942466666666668,22.97746666666667,794
68,0.82,373.13888888888886,66.04,-70.1,26.37,7.981999999999998,18.921200000000006,24.70926666666667,794
69,0.82,329.27027777777784,44.33,-64.07,26.36,7.626,18.901066666666672,21.50575000000001,794
70,0.82,212.6011111111111,68.77,-76.51,26.41,7.726000000000001,18.894133333333336,11.064466666666672,794
71,0.7,356.90722222222223,73.59,-92.48,27.69,7.6339999999999995,15.807266666666667,22.10233333333333,794
72,0.82,397.83,69.4,-72.32,26.23,8.075999999999999,18.86733333333333,24.78073333333333,794
73,0.82,328.7711111111111,39.59,-64.33,26.48,8.028000000000002,18.8764,24.62653333333333,794
74,0.82,279.4177777777778,47.67,-67.76,26.35,7.6160000000000005,18.890666666666664,14.104383333333335,794
75,0.82,381.7230555555557,66.49,-77.37,26.36,7.74,18.885866666666672,23.88546666666667,794
76,0.82,372.74888888888887,68.3,-75.69,26.4,8.096,18.879266666666666,24.76566666666667,794
77,0.82,379.15222222222224,53.77,-69.19,26.38,8.088000000000001,18.8816,24.74346666666667,794
78,0.82,351.46888888888884,41.86,-65.14,26.46,8.118,18.891,24.68406666666667,794
79,0.82,267.2038888888889,45.86,-69.17,26.39,7.747999999999999,18.89333333333333,17.004783333333332,794
80,0.82,364.6255555555555,70.85,-72.19,26.33,7.728,18.855,22.59465,794
81,0.82,331.14,70.47,-73.49,26.33,7.7879999999999985,18.886000000000006,17.900133333333336,794
82,0.7,390.93,72.41,-89.26,27.11,8.209999999999999,15.7784,28.0786,794
83,0.82,347.4441666666667,49.12,-69.62,26.16,7.7139999999999995,18.89873333333333,23.17705,794
84,0.76,302.88666666666666,71.35,-85.15,27.54,7.729999999999999,17.42045,15.569533333333334,794
85,0.8,389.2766666666666,72.08,-82.17,26.86,7.590000000000002,18.429583333333333,22.21333333333334,794
86,0.78,457.5055555555555,68.63,-98.95,27.79,8.078,17.850533333333328,26.14986666666667,794
87,0.82,124.48722222222223,37.15,-76.51,27.19,7.731999999999998,19.118866666666666,5.343133333333333,794
88,0.82,454.9966666666667,68.03,-73.52,26.37,8.163999999999998,18.879866666666672,24.8374,794
89,0.82,249.8383333333333,40.05,-79.27,26.84,7.681999999999999,18.989200000000004,10.634816666666667,794
90,0.48,355.9188888888888,71.69,-72.86,27.05,7.968000000000001,10.055266666666668,33.61113333333333,794
91,0.58,204.85333333333335,64.29,-85.26,27.26,7.7,12.707200000000002,14.84335,794
92,0.82,398.54916666666674,64.7,-69.28,26.81,7.688,18.91733333333333,22.643450000000005,794
93,0.72,244.0238888888889,65.94,-87.32,26.69,7.69,16.313233333333336,13.144316666666667,794
94,0.82,430.74000000000007,68.81,-74.52,26.44,7.8,18.876933333333334,24.82,794
95,0.82,274.4394444444444,65.92,-77.73,26.58,7.772,18.969,14.8001,794
96,0.74,380.525,65.05,-92.22,27.07,7.8980000000000015,16.873866666666668,23.86821666666667,794
97,0.8,346.17694444444453,63.95,-81.35,26.5,8.046000000000001,18.432716666666668,25.2242,794
98,0.82,300.34722222222234,54.13,-71.32,26.46,8.014,18.93113333333333,18.031283333333327,794
99,0.64,326.65666666666664,59.61,-88.87,27.39,7.752000000000001,14.3274,23.3262,794
100,0.82,332.42333333333335,65.77,-80.42,26.6,7.7860000000000005,18.964533333333332,24.687733333333334,794
101,0.82,222.35527777777781,62.16,-81.77,26.61,7.938,18.9736,12.452700000000002,794
102,0.52,395.91083333333336,62.82,-84.53,27.17,8.096,11.117283333333335,32.63851666666667,794
103,0.82,398.4055555555556,54.72,-67.09,26.67,8.062000000000001,18.888266666666667,24.69953333333333,794
104,0.82,273.4683333333333,50.23,-74.1,26.42,7.7959999999999985,18.966066666666674,22.81693333333333,794
105,0.68,335.7561111111111,67.57,-84.1,26.76,8.142000000000001,15.30855,28.45921666666667,794
106,0.82,175.88083333333333,40.01,-73.4,26.56,7.913999999999999,18.999133333333337,9.987583333333333,794
107,0.82,325.81666666666666,58.61,-86.85,26.77,8.148000000000001,18.977266666666665,24.78446666666667,794
108,0.82,270.5933333333333,37.23,-67.83,26.58,8.002,19.062066666666674,24.54626666666667,794
109,0.82,137.88722222222222,41.87,-74.33,27.33,7.68,19.058200000000006,6.567516666666666,794
110,0.82,362.41888888888894,66.61,-89.61,27.04,7.968000000000001,18.94493333333333,24.753466666666665,794
111,0.76,261.70833333333326,61.45,-82.88,26.71,7.8439999999999985,17.423583333333333,19.4103,794
112,0.82,357.1033333333333,67.96,-86.48,26.73,8.084,18.9438,24.74186666666667,794
113,0.82,131.9263888888889,48.44,-77.13,26.61,7.7200000000000015,18.950866666666673,5.971533333333333,794
114,0.68,367.55611111111125,68.76,-93.76,27.44,7.816,15.291516666666668,26.657,794
115,0.78,402.83,71.02,-92.53,27.08,8.048,17.906333333333336,25.9234,794
116,0.82,211.36777777777783,44.07,-78.46,26.65,7.862,18.983400000000003,14.878333333333336,794
117,0.82,403.24333333333334,71.56,-82.78,26.72,8.016000000000002,18.925733333333334,24.79826666666667,794
118,0.82,155.66194444444446,42.19,-82.56,26.64,7.790000000000001,19.020866666666667,9.229416666666664,794
119,0.7,374.9277777777778,69.8,-95.19,27.45,7.980000000000001,15.838,28.063400000000005,794
120,0.82,356.3411111111112,51.83,-74.13,26.43,8.033999999999999,18.924266666666668,24.67293333333333,794
121,0.82,215.66472222222228,44.61,-73.27,26.72,7.877999999999999,19.000066666666672,14.40775,794
122,0.68,383.4827777777778,73.93,-97.24,28.09,7.9460000000000015,15.288366666666667,28.71956666666667,794
123,0.82,308.0005555555556,50.49,-72.56,26.25,7.864,18.88413333333333,21.52685,794
124,0.82,242.9280555555556,68.04,-83.94,26.58,7.781999999999999,18.9572,14.485016666666667,794
125,0.52,364.8572222222222,69.05,-90.59,27.95,8.075999999999999,11.1539,33.02028333333333,794
126,0.82,247.62,47.44,-79.05,26.74,7.803999999999999,18.9908,16.54566666666667,794
127,0.64,197.52416666666664,63.98,-81.01,26.85,7.792000000000001,14.276933333333336,15.782583333333335,794
128,0.74,354.74222222222215,72.39,-90.55,27.1,7.872000000000001,16.943866666666665,25.620066666666666,794
129,0.82,368.208888888889,65.15,-81.1,26.82,7.99,18.988000000000003,24.757800000000003,794
130,0.82,98.97055555555555,47.77,-68.44,26.2,7.83,18.866133333333327,3.575283333333333,794
131,0.72,305.8263888888889,72.64,-94.63,27.28,7.774000000000001,16.3714,16.200883333333334,794
132,0.68,406.37361111111113,72.44,-82.95,26.68,8.016,15.284616666666668,28.487766666666666,794
133,0.82,383.5244444444443,62.73,-74.93,26.36,7.869999999999999,18.891466666666673,24.72880000000001,794
134,0.64,346.00027777777785,68.05,-94.69,27.3,8.09,14.240883333333334,29.64911666666667,794
135,0.82,357.05555555555566,61.25,-76.07,26.35,7.9639999999999995,18.904733333333333,24.6928,794
136,0.82,370.2566666666667,59.82,-72.11,26.49,8.191999999999998,18.909666666666666,24.7308,794
137,0.82,376.6922222222222,58.24,-72.28,26.33,8.209999999999999,18.891800000000003,24.747400000000006,794
138,0.82,373.60444444444437,56.61,-72.93,26.34,8.080000000000002,18.911933333333334,24.752800000000004,794
139,0.82,359.93000000000006,59.04,-72.33,26.27,8.045999999999998,18.881866666666667,24.63166666666667,794
140,0.82,382.7222222222223,59.91,-74.68,26.37,7.956,18.91153333333333,24.660066666666676,794
141,0.82,371.53,59.27,-70.13,26.24,7.638,18.873800000000006,22.579716666666666,794
142,0.82,378.9422222222223,72.88,-77.14,27.03,7.702000000000001,18.975666666666672,23.12626666666667,794
143,0.82,360.3455555555557,72.44,-75.16,27.75,8.228,18.99586666666667,24.761533333333336,794
144,0.82,202.62861111111116,48.33,-81.96,26.37,7.642,18.956866666666667,9.624616666666666,794
145,0.82,397.07,72.36,-76.55,26.47,7.778,18.9082,24.43066666666667,794
146,0.82,393.00888888888886,70.48,-74.17,26.39,7.825999999999999,18.891400000000004,24.7064,794
147,0.82,395.80444444444436,71.35,-75.33,26.28,8.2,18.884533333333334,24.81573333333333,794
148,0.82,318.0133333333334,54.66,-76.7,26.38,7.6339999999999995,18.90853333333333,15.305066666666667,794
149,0.82,399.2844444444445,69.5,-76.33,26.38,7.731999999999998,18.909666666666666,24.25143333333333,794
150,0.82,370.9288888888889,71.0,-74.92,26.66,7.75,18.954333333333327,24.678533333333334,794
151,0.82,345.44888888888886,69.96,-76.82,26.46,7.736000000000001,18.927733333333336,19.216266666666666,794
152,0.74,380.14583333333337,73.21,-98.25,27.36,7.574,16.86746666666667,21.398233333333334,794
153,0.82,442.57,71.94,-77.3,26.32,7.9060000000000015,18.87173333333333,24.8246,794
154,0.82,435.46472222222224,66.69,-72.57,26.34,7.6339999999999995,18.8564,22.67825,794
155,0.82,398.34777777777776,80.82,-77.05,26.55,7.7879999999999985,18.889533333333333,24.7668,794
156,0.82,416.7144444444445,71.28,-74.06,26.35,7.882000000000001,18.878466666666668,24.80293333333333,794
157,0.82,393.3622222222222,67.77,-73.62,26.35,8.126,18.87773333333333,24.8334,794
158,0.82,346.75138888888887,56.27,-75.54,26.47,7.757999999999999,18.91593333333334,16.479233333333333,794
159,0.82,418.0922222222223,71.84,-73.96,26.53,7.9460000000000015,18.9174,24.82253333333333,794
160,0.82,410.3422222222223,67.38,-77.03,26.43,7.864,18.887266666666672,24.7858,794
161,0.82,400.26555555555575,69.76,-73.62,26.39,8.044,18.88093333333333,24.83233333333333,794
162,0.82,306.37222222222226,63.7,-75.2,26.39,7.625999999999999,18.902733333333334,13.059000000000005,794
163,0.82,431.1411111111112,69.84,-77.42,26.49,7.778,18.912066666666668,24.8082,794
164,0.82,400.6511111111112,69.38,-74.5,26.37,7.726000000000001,18.887066666666666,24.59983333333333,794
165,0.82,402.97777777777776,71.44,-73.47,26.38,7.681999999999999,18.884866666666667,24.41513333333333,794
166,0.82,402.5477777777778,71.54,-74.03,26.34,7.919999999999999,18.864666666666672,24.81273333333333,794
167,0.82,401.2241666666667,66.08,-75.51,26.37,7.627999999999999,18.897266666666674,24.27508333333333,794
168,0.82,391.3277777777777,71.36,-74.94,26.35,7.702000000000001,18.880133333333333,23.75953333333333,794
169,0.82,393.75111111111124,73.75,-74.26,26.45,7.784000000000002,18.91013333333333,24.11946666666666,794
170,0.82,455.14555555555563,72.91,-76.45,26.5,7.996,18.899666666666672,24.90326666666667,794
171,0.58,40.68,45.44,-59.77,27.07,8.142000000000001,12.747533333333335,8.710933333333335,794
172,0.78,280.4155555555555,72.62,-84.97,26.65,7.642,17.9336,11.578466666666667,794
173,0.82,504.7455555555555,71.27,-77.4,26.55,7.914,18.9518,24.971533333333333,794
174,0.82,498.5655555555557,76.32,-85.26,26.85,8.030000000000001,18.8996,24.93066666666667,794
175,0.34,295.24222222222227,39.2,-79.61,27.12,7.767999999999999,6.523733333333333,35.58733333333333,794
176,0.82,426.07555555555547,73.74,-67.35,27.65,8.2,18.933266666666672,24.84360000000001,794
177,0.66,203.21611111111113,37.48,-90.59,27.43,7.864,15.066666666666665,20.607283333333328,794
178,0.82,422.73555555555566,66.32,-71.14,27.05,8.116,18.951466666666672,24.822000000000006,794
179,0.82,283.1188888888889,42.24,-62.79,26.56,7.67,18.950866666666673,17.4552,794
180,0.82,430.59777777777776,80.03,-75.46,26.55,7.6339999999999995,18.9066,22.15401666666667,794
181,0.54,389.4566666666667,72.57,-104.65,29.46,7.757999999999999,11.70106666666667,30.23356666666667,794
182,0.82,450.7477777777778,71.19,-73.19,27.09,7.614,18.937,24.800333333333334,794
183,0.48,353.1555555555555,74.62,-90.44,26.85,7.8660000000000005,10.047466666666663,31.7776,794
184,0.38,106.55888888888893,64.96,-83.34,26.72,7.7,7.534866666666668,17.2698,794
185,0.82,414.2766666666666,72.5,-86.94,27.44,7.703999999999999,19.007066666666674,19.412800000000004,794
186,0.82,463.6011111111112,75.08,-80.13,26.57,8.177999999999999,18.929000000000002,25.068533333333335,794
187,0.82,92.9777777777778,44.45,-69.26,26.84,8.010000000000002,18.94633333333333,4.045466666666668,794
188,0.64,509.67916666666673,77.96,-102.74,28.96,8.197999999999999,14.27566666666667,30.21918333333334,794
189,0.82,385.45111111111123,40.75,-68.98,26.58,8.035999999999998,18.930866666666674,24.78633333333333,794
190,0.82,363.54027777777776,62.18,-76.7,26.39,7.678,18.931066666666673,19.393316666666667,794
191,0.82,411.8922222222222,74.94,-92.86,26.98,7.723999999999998,18.977400000000006,21.0162,794
192,0.52,384.8833333333334,67.89,-93.24,28.61,7.762,11.192216666666667,29.573733333333333,794
193,0.82,360.0844444444445,68.4,-74.27,26.48,8.094,18.893733333333333,24.747,794
194,0.5,224.51361111111112,60.98,-81.47,26.84,7.784000000000002,10.596866666666667,18.07743333333333,794
195,0.82,376.8466666666667,71.3,-78.94,26.67,8.052,18.948466666666672,24.8462,794
196,0.82,310.75000000000006,58.88,-72.57,26.39,7.729999999999999,18.914733333333334,16.890200000000004,794
197,0.82,332.9255555555556,70.85,-75.24,26.34,7.653999999999999,18.913866666666667,15.075466666666667,794
198,0.78,389.0627777777778,75.16,-91.53,26.99,7.6560000000000015,17.9088,17.41405,794
199,0.82,501.4522222222223,76.87,-72.84,26.44,8.075999999999999,18.886733333333336,24.946266666666666,794
200,0.82,166.91944444444445,55.97,-75.15,26.22,7.468000000000001,18.887733333333333,5.966533333333333,794
201,0.82,481.0311111111112,74.03,-78.05,26.62,8.017999999999999,18.9432,24.911133333333336,794
202,0.82,234.00250000000003,62.13,-77.06,26.63,7.636,18.960066666666666,9.633666666666667,794
203,0.78,465.02,75.17,-101.12,27.66,8.306000000000001,17.933066666666672,26.1532,794
204,0.82,420.11916666666673,59.98,-76.01,26.37,7.686,18.935133333333336,24.29193333333334,794
205,0.82,427.6866666666667,71.51,-77.08,26.4,7.7200000000000015,18.9138,24.811200000000003,794
206,0.82,449.6611111111112,69.62,-74.48,26.37,7.676,18.9034,22.911800000000003,794
207,0.82,461.79666666666674,77.75,-85.33,26.94,7.689999999999999,18.969066666666667,24.5174,794
208,0.82,448.31000000000006,76.93,-75.59,26.41,8.15,18.905466666666673,24.92446666666667,794
209,0.82,315.91666666666674,44.21,-71.92,26.38,7.794,18.938533333333336,19.001216666666668,794
210,0.82,360.0697222222222,73.11,-74.76,26.49,7.664,18.9084,16.834783333333334,794
211,0.82,456.8377777777778,73.64,-78.18,26.53,8.084,18.923866666666672,24.928200000000004,794
212,0.82,399.1822222222222,60.12,-74.54,26.41,7.752000000000001,18.9098,17.982133333333334,794
213,0.82,385.1444444444445,74.34,-74.62,26.36,7.756,18.881733333333337,16.984866666666665,794
214,0.82,439.88333333333327,72.94,-74.41,26.47,8.107999999999999,18.908600000000003,24.93733333333333,794
215,0.82,449.13000000000005,60.8,-75.31,26.45,7.923999999999999,18.932066666666667,24.905733333333334,794
216,0.82,442.73000000000013,67.02,-74.07,26.39,7.842,18.89633333333333,24.864266666666666,794
217,0.82,426.2977777777778,69.13,-73.99,26.31,7.778,18.890866666666668,24.821,794
218,0.82,436.0177777777778,71.75,-74.78,26.26,8.074,18.877066666666664,24.88566666666667,794
219,0.82,425.4011111111112,64.6,-73.98,26.35,8.177999999999999,18.9062,24.91793333333333,794
220,0.82,419.91333333333336,59.34,-73.51,26.35,8.193999999999999,18.914133333333336,24.88966666666667,794
221,0.82,415.9188888888888,57.45,-73.85,26.4,8.334,18.933666666666667,24.8916,794
222,0.82,373.01138888888886,58.52,-70.53,26.3,7.694,18.9126,17.147133333333336,794
223,0.82,445.23555555555566,73.72,-72.59,26.46,7.974000000000001,18.901066666666672,24.883533333333336,794
224,0.82,330.7886111111112,63.98,-74.52,26.5,7.610000000000001,18.914066666666674,13.580816666666667,794
225,0.82,466.1177777777778,70.63,-74.54,26.43,7.706,18.932533333333332,24.86946666666667,794
226,0.82,437.54333333333335,73.12,-73.41,26.39,7.9700000000000015,18.8972,24.86606666666667,794
227,0.82,437.7988888888889,64.17,-72.62,26.62,8.041999999999998,18.9358,24.8934,794
228,0.82,430.7333333333333,62.42,-74.44,26.48,8.001999999999999,18.918066666666668,24.8824,794
229,0.82,428.8077777777778,65.5,-73.5,26.55,8.106,18.916666666666668,24.89873333333333,794
230,0.82,427.8833333333334,60.2,-74.2,26.42,8.044,18.923133333333336,24.86606666666667,794
231,0.82,422.4422222222223,66.03,-72.54,26.49,7.928,18.924266666666668,24.848733333333332,794
232,0.82,433.27222222222224,69.7,-74.53,26.37,8.225999999999999,18.9002,24.9172,794
233,0.82,324.6830555555556,61.69,-75.0,26.45,7.702000000000001,18.931533333333334,12.96081666666667,794
234,0.82,467.6122222222223,70.69,-77.14,26.31,7.776000000000002,18.892000000000003,24.906333333333336,794
235,0.82,443.6122222222223,71.26,-74.06,26.3,8.063999999999998,18.885600000000004,24.907933333333336,794
236,0.82,424.84,62.26,-72.98,26.45,8.16,18.921066666666672,24.91766666666667,794
237,0.82,429.71111111111117,60.03,-74.98,26.44,8.154,18.9354,24.899600000000003,794
238,0.82,432.7600000000001,60.23,-73.11,26.5,8.123999999999999,18.934999999999995,24.897333333333336,794
239,0.82,470.85444444444437,66.66,-73.21,26.51,8.163999999999998,18.91913333333334,24.978266666666666,794
240,0.82,377.7977777777778,57.79,-74.13,26.48,7.6880000000000015,18.9304,15.596033333333335,794
241,0.82,447.06000000000006,74.16,-73.7,26.45,7.752000000000001,18.897400000000005,24.873800000000006,794
242,0.82,441.86444444444453,73.49,-74.55,26.41,8.062000000000001,18.902866666666668,24.9472,794
243,0.82,451.49888888888887,65.21,-72.13,26.53,8.040000000000001,18.9238,24.953000000000003,794
244,0.82,528.4644444444443,62.55,-72.02,26.7,8.176,18.95433333333333,25.05706666666667,794
245,0.28,119.07500000000002,35.63,-88.9,27.45,8.356,5.1128833333333334,18.5037,794
246,0.82,508.4644444444445,76.09,-77.47,26.58,8.529999999999998,18.8814,25.06346666666667,794
247,0.26,109.66555555555556,35.81,-83.83,27.01,8.346,4.603933333333334,18.749666666666673,794
248,0.76,456.66638888888883,72.67,-106.88,28.12,8.261999999999999,17.424133333333334,26.79625,794
249,0.26,205.02583333333342,35.97,-85.61,26.82,7.792000000000001,4.619133333333334,31.748733333333334,794
250,0.38,256.37777777777785,78.07,-88.13,28.83,7.827999999999999,7.479266666666668,27.1088,794
251,0.82,430.36,74.51,-73.33,27.19,7.967999999999999,18.9592,24.945,794
252,0.46,220.7188888888889,60.84,-83.56,29.03,7.715999999999998,9.536866666666667,19.015533333333334,794
253,0.82,478.7277777777779,77.0,-80.23,26.59,8.138,18.93413333333333,24.97093333333333,794
254,0.54,185.8555555555556,34.32,-62.73,27.18,7.7120000000000015,11.821466666666666,18.315533333333335,794
255,0.82,470.06444444444435,69.54,-72.03,26.81,8.214,18.922933333333336,24.97553333333334,794
256,0.82,300.78333333333336,49.37,-71.03,26.33,7.678,18.888666666666673,14.3748,794
257,0.5,362.68333333333334,74.78,-103.32,29.15,7.7139999999999995,10.556466666666667,25.9568,794
258,0.82,483.00944444444457,78.08,-70.64,26.59,7.696000000000001,18.8732,24.732233333333333,794
259,0.82,477.14888888888885,75.73,-82.62,26.6,8.104,18.87933333333333,24.979066666666668,794
260,0.26,224.36333333333332,57.04,-88.63,28.45,7.6560000000000015,4.4652,27.390833333333337,794
261,0.82,347.96722222222223,85.77,-73.67,26.72,7.6019999999999985,18.907733333333336,13.354033333333335,794
262,0.82,461.74777777777786,73.01,-77.29,26.32,7.93,18.895533333333336,24.92606666666667,794
263,0.64,341.11555555555566,68.04,-111.64,29.88,7.642000000000001,14.26,18.359,794
264,0.82,535.61,80.96,-79.11,26.46,8.091999999999999,18.89153333333333,25.099400000000006,794
265,0.82,501.97888888888895,44.2,-77.55,27.03,7.8820000000000014,18.953466666666667,24.948,794
266,0.72,439.58833333333337,66.08,-86.97,26.83,7.797999999999999,16.346683333333335,27.563983333333336,794
267,0.82,465.95555555555575,80.74,-70.09,26.44,8.14,18.87013333333333,24.951666666666664,794
268,0.82,460.18,62.36,-74.78,26.42,8.102,18.92213333333333,24.93593333333333,794
269,0.82,406.6555555555556,56.31,-71.09,26.42,8.036,18.929133333333333,24.85686666666667,794
270,0.82,310.69666666666666,54.81,-72.37,26.4,7.766,18.9344,15.146883333333335,794
271,0.82,466.72888888888883,71.45,-77.11,26.52,8.122,18.931666666666672,25.015000000000004,794
272,0.82,399.01444444444434,46.77,-69.55,26.4,7.672000000000001,18.953533333333336,23.46066666666667,794
273,0.58,215.81722222222228,73.34,-93.12,27.52,7.644,12.708333333333332,12.741483333333333,794
274,0.82,481.08,75.52,-86.53,26.71,7.703999999999999,18.918266666666664,20.830466666666666,794
275,0.82,509.3366666666667,81.38,-76.39,26.91,8.014,18.947866666666666,25.04173333333333,794
276,0.82,61.00333333333335,49.76,-64.12,26.61,8.177999999999999,18.9068,2.9636666666666667,794
277,0.82,501.0311111111112,73.02,-80.24,26.98,7.957999999999999,18.994000000000003,25.0332,794
278,0.82,355.6647222222222,64.2,-77.21,26.42,7.794,18.91526666666667,15.281016666666668,794
279,0.82,408.3183333333334,71.1,-81.24,26.52,7.641999999999999,18.956333333333333,19.517216666666673,794
280,0.6,339.2119444444445,73.41,-101.26,27.82,7.728,13.19105,20.81851666666667,794
281,0.8,538.6752777777779,75.13,-98.11,27.43,8.164000000000001,18.417116666666672,25.702466666666666,794
282,0.82,208.49611111111113,40.59,-81.18,26.53,7.659999999999998,19.0158,10.625766666666664,794
283,0.68,281.5602777777778,72.14,-97.68,27.39,7.562,15.308266666666668,14.097999999999999,794
284,0.82,472.02555555555574,79.06,-74.36,26.45,7.676,18.89333333333333,20.7358,794
285,0.82,469.6122222222223,68.58,-78.05,26.39,7.88,18.936066666666672,24.94766666666667,794
286,0.82,468.9,70.15,-77.82,26.35,7.986000000000001,18.891466666666673,24.93726666666667,794
287,0.82,359.6777777777777,62.52,-74.44,26.38,8.23,18.896733333333334,17.021866666666668,794
288,0.82,481.10555555555567,72.04,-75.93,26.48,8.134,18.92053333333333,25.03153333333334,794
289,0.82,347.3733333333333,57.71,-74.82,26.42,7.7120000000000015,18.919466666666665,14.757866666666667,794
290,0.82,474.40888888888895,70.92,-76.04,26.51,8.065999999999999,18.9378,25.016333333333336,794
291,0.82,456.7988888888889,65.45,-75.46,26.39,8.258,18.899733333333334,25.027733333333334,794
292,0.82,417.37555555555565,55.12,-75.33,26.4,7.7120000000000015,18.9282,19.024466666666665,794
293,0.82,451.90222222222224,75.6,-75.98,26.38,7.6560000000000015,18.893733333333333,24.277333333333345,794
294,0.82,474.5941666666667,71.75,-72.79,26.44,7.7040000000000015,18.8832,23.196366666666666,794
295,0.82,502.918888888889,85.46,-70.96,26.61,7.7879999999999985,18.891266666666667,24.16156666666667,794
296,0.82,524.1688888888889,87.47,-69.34,26.39,8.164,18.8612,25.051866666666665,794
297,0.82,390.4877777777778,75.19,-71.87,28.56,8.086,19.358466666666672,24.8396,794
298,0.82,388.3733333333333,44.96,-78.02,26.39,8.256000000000002,18.959466666666664,24.86786666666667,794
299,0.58,68.91694444444445,36.32,-67.75,27.4,8.069999999999999,12.862333333333336,8.380333333333333,794
300,0.82,428.2272222222224,81.74,-77.94,26.51,7.707999999999999,18.898866666666667,18.04563333333333,794
1,1.02,199.5480555555556,53.23,-75.88,28.3,8.184000000000001,26.326999999999998,19.54545,935
2,1.02,117.13111111111112,56.82,-78.61,29.14,8.006,26.395000000000003,19.50413333333333,935
3,1.02,71.57166666666669,51.42,-78.37,28.6,7.6919999999999975,26.43053333333333,7.566483333333334,935
4,1.02,70.2352777777778,53.91,-81.39,28.59,7.840000000000002,26.42293333333333,12.31785,935
5,1.02,244.51972222222219,57.51,-67.2,30.18,7.915999999999999,26.64466666666667,19.74075,935
6,0.42,110.07222222222224,51.91,-83.71,29.16,7.608,9.492066666666668,23.7426,935
7,0.98,567.2941666666667,80.23,-112.75,32.46,8.228,25.3632,21.819883333333333,935
8,1.02,30.55361111111112,51.02,-63.49,29.38,5.062,26.365133333333336,1.88905,935
9,0.14,421.47694444444437,44.92,-87.4,32.38,8.206,1.8705333333333336,46.79496666666667,935
10,1.02,167.58666666666667,53.68,-80.29,28.51,7.659999999999998,26.366933333333336,7.528066666666668,935
11,1.02,279.35222222222217,66.52,-84.05,28.54,8.016,26.34913333333333,19.74016666666667,935
12,1.02,266.86861111111114,57.79,-76.08,28.35,8.16,26.3168,19.694533333333336,935
13,1.02,378.49250000000006,58.69,-77.31,28.79,8.168,26.39913333333333,19.91325,935
14,1.02,89.13888888888891,51.27,-79.09,28.49,7.794,26.38593333333333,18.931033333333332,935
15,0.7,306.9963888888889,63.91,-98.34,31.63,7.907999999999999,17.4206,29.65461666666667,935
16,0.52,116.0677777777778,56.64,-81.29,29.45,7.831999999999999,12.343516666666668,22.51631666666667,935
17,1.02,599.9108333333334,73.73,-68.34,30.13,7.8900000000000015,26.53806666666667,20.43415,935
18,1.02,574.1513888888892,56.3,-63.27,29.24,7.944,26.4518,20.362050000000004,935
19,1.02,582.4616666666667,54.44,-63.89,29.55,7.9700000000000015,26.536200000000004,20.377683333333334,935
20,1.02,340.7819444444445,58.06,-91.52,28.73,7.93,26.402466666666665,19.8892,935
21,1.02,116.1677777777778,54.7,-79.1,28.43,7.837999999999999,26.363733333333336,3.5868,935
22,1.02,295.2255555555556,69.37,-83.24,28.39,7.7799999999999985,26.33973333333333,14.78266666666667,935
23,1.02,357.61805555555566,67.43,-76.41,29.0,7.971999999999999,26.32933333333333,19.867066666666673,935
24,0.76,287.3088888888889,59.28,-82.91,29.41,7.65,19.10585,22.34046666666667,935
25,1.02,104.66666666666669,60.52,-78.32,29.65,7.686,26.543600000000005,6.325716666666668,935
26,1.02,52.81027777777778,45.89,-80.59,28.89,8.616,26.418066666666668,2.1671500000000004,935
27,1.02,51.09416666666666,45.11,-79.83,28.68,8.136000000000001,26.46980000000001,2.11545,935
28,1.02,49.92166666666667,44.76,-78.54,28.75,8.235999999999999,26.44626666666667,2.1292166666666668,935
29,1.02,39.05333333333332,45.93,-68.05,29.85,4.016,26.491333333333333,1.6635333333333335,935
30,0.36,130.47333333333333,76.39,-80.59,29.2,7.757999999999999,7.631350000000001,30.0662,935
31,1.02,26.93916666666667,48.21,-58.9,29.22,0.24599999999999986,26.358066666666666,1.1911666666666667,935
32,0.38,185.35222222222225,124.55,-85.4,31.41,8.136000000000001,8.154866666666667,23.19598333333333,935
33,1.02,68.40805555555556,60.91,-70.34,29.33,8.452,26.373800000000006,2.9150000000000005,935
34,1.02,105.55083333333336,55.58,-70.26,28.59,7.816000000000002,26.385266666666666,8.949466666666668,935
35,1.02,257.33305555555563,57.56,-82.43,28.91,7.706,26.372733333333336,15.208100000000002,935
36,0.92,679.0288888888889,86.02,-113.42,31.86,7.960000000000001,23.67181666666667,23.78333333333333,935
37,1.02,302.9430555555555,55.54,-74.66,28.66,7.882000000000001,26.358,19.696766666666672,935
38,1.02,413.5794444444445,61.99,-75.64,28.47,7.9639999999999995,26.3506,19.912950000000006,935
39,1.02,406.59333333333336,63.97,-75.37,28.45,7.9380000000000015,26.32093333333333,19.903016666666673,935
40,1.02,405.7102777777778,61.31,-75.8,28.63,8.134,26.33493333333333,19.89098333333333,935
41,1.02,438.7333333333333,61.51,-76.17,28.59,7.959999999999999,26.355400000000003,19.946950000000005,935
42,1.02,406.3430555555556,68.06,-78.3,28.65,8.022,26.36426666666667,19.9303,935
43,1.02,465.85194444444437,60.92,-77.88,28.58,7.939999999999999,26.32553333333333,20.027766666666672,935
44,1.02,470.58833333333337,69.24,-76.31,28.56,8.302000000000001,26.34433333333333,20.063900000000004,935
45,1.02,473.5841666666667,64.83,-76.46,28.52,8.040000000000001,26.34593333333333,20.08725,935
46,1.02,477.6152777777778,69.74,-76.75,28.64,7.959999999999999,26.33273333333333,20.08515,935
47,1.02,487.86194444444453,74.89,-80.85,28.78,8.27,26.35193333333334,20.134883333333335,935
48,1.02,472.77750000000015,70.69,-78.14,28.63,7.9060000000000015,26.387266666666665,20.076633333333334,935
49,1.02,475.5525,69.66,-84.22,29.24,7.8599999999999985,26.43226666666667,19.271433333333334,935
50,0.94,448.07083333333327,72.23,-93.94,29.48,7.975999999999999,24.25440000000001,22.44906666666667,935
51,0.6,213.80944444444447,69.6,-80.22,29.94,7.225999999999999,14.687816666666668,19.640550000000008,935
52,1.02,475.825,89.88,-83.21,29.09,8.198,26.36613333333333,20.207516666666674,935
53,1.02,320.59194444444444,53.64,-81.28,28.46,7.6919999999999975,26.3532,19.808533333333333,935
54,1.02,176.19277777777782,52.74,-82.79,28.61,7.8039999999999985,26.42880000000001,19.53815,935
55,0.58,206.92166666666665,65.48,-84.54,30.16,7.756,14.023266666666668,20.163316666666667,935
56,1.02,323.02916666666675,88.4,-76.19,29.23,7.99,26.310133333333336,19.757500000000004,935
57,0.72,246.41333333333333,63.68,-76.22,29.84,8.139999999999999,18.023783333333334,28.20686666666667,935
58,1.02,340.2311111111112,59.96,-86.12,28.82,7.99,26.40633333333333,19.838166666666673,935
59,1.02,268.3455555555556,59.8,-82.83,28.32,7.914,26.335066666666666,19.671166666666668,935
60,1.02,303.2880555555556,63.75,-79.69,28.64,8.113999999999999,26.3524,19.762366666666672,935
61,1.02,358.97333333333336,60.38,-78.19,28.48,7.971999999999999,26.387933333333336,19.865033333333336,935
62,0.54,154.02361111111114,59.87,-82.64,29.21,8.106,12.915333333333335,33.115950000000005,935
63,1.02,55.90777777777779,56.52,-79.69,28.45,6.744,26.42,2.02435,935
64,0.8,206.7444444444445,74.55,-103.7,32.2,7.822,20.299216666666673,16.39466666666667,935
65,1.02,43.11083333333333,59.11,-79.03,30.24,-2.576,26.49206666666667,1.0200166666666668,935
66,0.4,246.4986111111111,154.19,-97.88,33.59,7.925999999999998,8.5832,27.002,935
67,0.84,112.20694444444445,58.96,-99.02,32.16,8.062000000000001,21.533866666666665,10.849316666666667,935
68,1.02,315.5622222222222,60.81,-71.29,29.03,7.784000000000002,26.461333333333336,17.053800000000006,935
69,0.34,179.34777777777782,82.54,-83.54,28.98,7.9700000000000015,7.225933333333334,38.805533333333344,935
70,1.02,66.64777777777779,53.62,-82.12,28.31,7.968000000000001,26.396666666666665,19.4191,935
71,0.74,124.76166666666668,56.33,-80.51,29.88,8.043999999999999,18.52113333333334,27.36476666666667,935
72,1.02,55.20500000000001,55.0,-79.18,28.83,7.659999999999998,26.45826666666667,2.0971833333333336,935
73,0.6,90.58888888888887,53.05,-82.56,29.86,7.236000000000001,14.6502,14.031733333333333,935
74,1.02,54.38,57.52,-76.76,28.7,7.0520000000000005,26.3796,2.0364166666666668,935
75,0.34,7.177777777777791,84.84,-77.93,28.7,5.736000000000001,7.229000000000001,20.985266666666668,935
76,1.02,34.509166666666665,69.82,-64.52,29.46,1.4260000000000002,26.3286,1.3709833333333334,935
77,0.88,5.87,17.94,-7.77,9.89,7.2200000000000015,5.6853333333333325,1.265,935
78,1.02,55.271944444444436,69.5,-79.28,28.82,6.3340000000000005,26.39406666666667,1.9417166666666668,935
79,1.02,81.88555555555557,62.55,-80.81,29.27,7.95,26.46973333333333,4.839733333333333,935
80,1.02,315.9344444444445,64.63,-65.66,29.11,7.564,26.340866666666663,12.854066666666665,935
81,0.6,540.1633333333333,90.0,-106.38,33.15,8.038000000000002,14.682883333333333,33.62346666666667,935
82,1.02,339.6491666666667,56.47,-81.01,28.48,8.036000000000001,26.376133333333332,19.80745,935
83,1.02,296.8530555555556,59.41,-78.54,28.67,7.997999999999999,26.34566666666667,19.730300000000003,935
84,1.02,446.66833333333335,65.9,-82.05,28.5,7.9639999999999995,26.3618,20.014783333333334,935
85,1.02,435.3641666666668,69.9,-82.25,28.48,7.818,26.35286666666667,17.418033333333334,935
86,1.02,484.7527777777778,75.19,-82.29,28.54,7.858,26.3678,20.19248333333334,935
87,1.02,517.1919444444445,76.47,-84.21,28.61,7.9639999999999995,26.35806666666667,20.24235,935
88,1.02,518.6427777777777,74.71,-82.89,28.54,8.368,26.3512,20.239483333333336,935
89,1.02,527.0591666666667,73.86,-80.66,28.56,7.888,26.34826666666667,20.236616666666666,935
90,1.02,527.9758333333334,77.24,-81.25,28.58,8.177999999999999,26.358600000000006,20.269383333333334,935
91,1.02,527.7597222222223,73.42,-80.87,28.57,7.892,26.35466666666667,20.212633333333336,935
92,1.02,540.3555555555556,78.1,-81.73,28.61,8.312000000000001,26.359800000000003,20.287650000000006,935
93,1.02,600.2677777777778,73.74,-81.58,28.64,8.059999999999999,26.3634,20.38915,935
94,1.02,317.5605555555556,56.11,-79.27,28.4,8.065999999999999,26.316600000000005,19.780366666666666,935
95,1.02,381.36194444444453,67.29,-77.45,28.6,7.874,26.3484,19.84656666666667,935
96,1.02,454.57638888888886,69.8,-81.41,28.48,7.978,26.34893333333333,20.027733333333334,935
97,1.02,458.0769444444445,70.04,-79.11,28.47,8.174000000000001,26.34506666666667,20.044833333333337,935
98,1.02,508.77333333333337,67.58,-79.98,28.49,7.853999999999999,26.36026666666667,20.149566666666672,935
99,0.88,464.77777777777777,72.52,-98.12,29.54,8.024,22.4769,24.18586666666667,935
100,0.48,202.73,62.58,-81.77,29.07,7.818,11.136733333333336,26.72533333333333,935
101,0.34,189.25000000000009,93.87,-84.13,31.62,7.836,7.1508,28.568983333333332,935
102,0.38,214.53194444444446,102.16,-94.68,32.1,7.725999999999999,8.283466666666667,26.03426666666667,935
103,0.74,335.23222222222216,68.2,-110.12,32.98,7.518000000000002,18.541600000000006,19.832066666666673,935
104,0.84,739.678888888889,82.55,-140.86,36.1,7.875999999999999,21.608833333333337,26.96566666666667,935
105,0.4,195.18861111111116,71.39,-81.78,30.34,7.681999999999999,8.88765,25.41836666666667,935
106,1.02,337.9761111111111,94.93,-93.24,28.93,7.726000000000001,26.32626666666667,16.9378,935
107,0.32,28.84111111111111,77.4,-76.98,29.58,8.100000000000001,6.711733333333334,22.12260000000001,935
108,1.02,284.83111111111106,54.31,-67.15,28.84,7.756,26.339666666666666,15.365466666666668,935
109,0.7,168.56555555555556,69.47,-88.91,28.81,8.116,17.3354,28.61186666666667,935
110,1.0,157.71333333333334,55.02,-88.65,28.91,7.959999999999999,25.9275,20.163266666666672,935
111,1.02,80.03583333333334,53.06,-82.62,28.61,7.936,26.401066666666665,19.468483333333328,935
112,0.68,151.3180555555556,58.66,-85.66,29.81,7.812,16.893583333333332,26.16138333333333,935
113,1.02,82.80222222222223,60.36,-79.4,28.46,8.751999999999999,26.357,2.8648,935
114,0.3,177.6936111111111,87.36,-85.74,30.11,8.075999999999999,6.1404000000000005,40.30276666666667,935
115,1.02,119.34527777777777,57.05,-78.96,28.66,7.847999999999999,26.380333333333336,19.457733333333334,935
116,0.72,219.34777777777785,60.65,-84.9,29.46,7.947999999999999,17.978333333333335,28.25086666666667,935
117,1.02,171.9011111111111,56.01,-87.11,29.48,7.802000000000001,26.5326,9.773333333333332,935
118,0.54,247.28333333333336,72.63,-88.0,28.9,8.042,12.827133333333332,33.30551666666667,935
119,1.02,83.7808333333333,53.27,-83.68,28.73,7.8,26.428733333333334,9.521333333333336,935
120,0.9,714.891388888889,100.8,-136.82,34.94,8.078,23.4238,24.85236666666667,935
121,0.44,238.66,56.53,-84.79,31.63,7.978,10.063166666666666,37.52093333333333,935
122,1.02,37.61555555555557,62.02,-74.63,29.52,-3.148,26.390733333333333,0.8478000000000001,935
123,0.46,554.9780555555557,149.88,-108.42,33.46,7.471999999999999,10.279000000000002,28.35408333333333,935
124,0.5,273.52888888888884,97.25,-86.73,29.11,7.7139999999999995,11.703600000000002,34.25686666666666,935
125,1.02,165.01999999999995,77.79,-80.22,28.53,8.022,26.2622,19.533000000000005,935
126,1.02,118.20638888888887,56.23,-82.33,28.49,7.684,26.35306666666667,8.264000000000001,935
127,0.48,365.5955555555557,106.76,-88.49,32.22,8.05,11.214883333333335,36.557400000000015,935
128,0.8,257.32805555555564,56.54,-90.65,30.11,7.736000000000001,20.378166666666672,16.05773333333334,935
129,0.6,303.13416666666666,92.49,-87.9,29.37,7.8660000000000005,14.558216666666667,30.69723333333333,935
130,1.02,157.89611111111114,80.11,-88.31,29.37,7.547999999999999,26.45593333333333,4.515016666666667,935
131,0.78,358.5972222222223,67.85,-93.12,28.92,7.938,19.6138,26.7308,935
132,1.02,165.7844444444444,55.39,-81.84,28.4,7.694,26.34126666666667,8.64015,935
133,0.42,198.10888888888888,79.11,-82.47,29.24,7.776000000000002,9.472733333333334,33.26846666666668,935
134,1.02,155.11444444444447,68.01,-80.47,28.87,7.500000000000003,26.351800000000004,6.8920666666666675,935
135,0.36,191.53777777777782,83.12,-85.5,30.22,8.08,7.7905000000000015,38.6116,935
136,0.84,385.3469444444445,66.02,-107.39,30.5,7.8020000000000005,21.3629,21.97631666666667,935
137,0.32,26.04194444444445,91.96,-77.89,29.1,7.99,6.70805,23.20451666666667,935
138,0.38,166.6927777777778,84.78,-83.19,30.1,7.642,8.322333333333335,23.00246666666667,935
139,0.42,284.7638888888889,75.08,-85.92,29.22,7.984,9.4434,36.765316666666656,935
140,0.5,181.05777777777774,62.25,-80.34,29.85,7.8,11.789200000000005,25.051350000000006,935
141,1.02,417.0447222222223,79.5,-76.42,28.55,7.784000000000002,26.28286666666667,18.004716666666667,935
142,0.92,800.4444444444446,91.26,-134.13,34.41,8.758,24.02505,26.49446666666667,935
143,0.84,325.9755555555556,61.61,-107.95,30.37,8.02,21.374216666666673,25.146600000000007,935
144,1.02,358.33444444444444,64.53,-78.89,28.67,7.872000000000001,26.37573333333333,18.0674,935
145,1.02,609.1688888888889,75.71,-79.43,28.65,7.994,26.38593333333333,20.32,935
146,1.02,102.13333333333334,53.26,-76.12,28.58,9.062,26.34593333333333,2.706433333333334,935
147,0.46,208.63083333333333,104.8,-82.77,30.5,7.719999999999999,10.4898,20.428783333333328,935
148,0.48,479.7844444444446,87.64,-79.4,29.93,7.7879999999999985,11.039166666666668,35.43219999999999,935
149,1.02,435.79666666666674,66.92,-76.93,28.75,7.7860000000000005,26.40533333333333,19.811333333333334,935
150,0.48,101.00805555555556,66.34,-81.2,30.27,7.824,11.271383333333334,19.210316666666664,935
151,1.0,811.0566666666666,80.14,-121.61,31.93,8.07,26.21545,21.966600000000003,935
152,0.36,107.49333333333335,62.24,-82.37,29.68,7.837999999999999,7.806566666666668,35.51186666666667,935
153,1.02,479.82083333333327,69.09,-78.28,29.12,7.979999999999999,26.416400000000007,20.061666666666664,935
154,0.58,112.72638888888893,61.4,-81.18,30.53,7.936,14.1466,16.416016666666668,935
155,0.8,510.11444444444453,90.78,-115.55,32.69,7.238000000000001,20.403716666666668,15.618666666666668,935
156,1.02,596.8741666666666,90.64,-79.87,28.66,7.872000000000001,26.341866666666668,20.298916666666667,935
157,1.02,113.03555555555558,67.83,-77.89,28.75,7.754,26.329933333333337,3.0389166666666667,935
158,0.42,503.13527777777773,100.61,-94.4,31.14,8.107999999999999,9.434,38.03898333333333,935
159,0.64,224.32333333333332,65.58,-80.88,29.26,7.882000000000002,15.697466666666667,25.84060000000001,935
160,1.02,496.2752777777779,81.68,-75.79,28.63,8.687999999999999,26.320333333333334,20.141166666666667,935
161,1.02,67.43277777777779,47.28,-71.61,28.62,8.328,26.44826666666667,2.225033333333333,935
162,0.72,660.4011111111109,105.39,-117.03,33.23,8.046000000000001,17.982750000000006,30.22853333333333,935
163,1.02,448.87638888888887,65.98,-76.74,28.62,7.956,26.345800000000004,19.97195,935
164,1.02,512.3741666666666,65.05,-77.25,28.65,7.997999999999999,26.401999999999997,20.097966666666668,935
165,1.02,302.1616666666667,54.13,-77.72,28.58,8.092,26.349200000000003,19.753833333333333,935
166,0.26,78.51777777777777,56.84,-89.92,29.29,7.824000000000002,5.051333333333334,33.63693333333333,935
167,0.28,84.12111111111109,73.94,-81.56,29.2,8.052,5.602766666666668,40.58600000000001,935
168,1.02,210.43944444444438,56.45,-75.66,28.47,7.9540000000000015,26.35446666666667,19.56095,935
169,0.66,152.0922222222222,61.12,-79.97,28.98,7.731999999999998,16.2888,20.153066666666668,935
170,1.02,292.66,72.5,-81.67,28.76,7.960000000000001,26.311999999999998,19.732083333333332,935
171,0.98,356.54694444444436,62.2,-100.01,29.35,7.992000000000001,25.290133333333333,21.055433333333333,935
172,1.02,262.3180555555556,56.2,-77.97,28.47,7.816,26.34446666666667,19.6506,935
173,1.02,373.0433333333333,68.67,-83.8,28.65,7.502000000000001,26.364733333333334,10.040416666666667,935
174,0.74,515.5422222222222,81.64,-120.93,33.41,7.757999999999999,18.6058,24.42478333333333,935
175,0.82,451.79166666666674,71.65,-80.61,29.88,8.094,20.849866666666664,25.68015000000001,935
176,1.02,32.33694444444445,64.23,-66.51,29.34,-4.034000000000002,26.311,0.7305499999999999,935
177,0.56,729.0833333333335,157.55,-120.59,35.22,7.7139999999999995,13.068316666666668,27.5844,935
178,0.34,292.5691666666668,105.48,-77.54,31.88,8.016000000000002,7.162666666666667,40.28738333333333,935
179,0.78,140.94833333333332,59.49,-77.93,29.17,7.915999999999999,19.733600000000006,10.23765,935
180,0.82,797.5100000000001,112.05,-137.56,34.55,8.367999999999999,21.080866666666665,23.54046666666667,935
181,0.32,215.6436111111111,94.26,-79.34,31.07,7.797999999999999,6.642333333333334,30.2328,935
182,1.02,356.2286111111112,70.38,-77.52,28.9,7.93,26.378133333333334,19.79598333333333,935
183,1.02,533.3258333333333,59.6,-78.28,28.57,8.466000000000001,26.3592,18.60195,935
184,0.26,87.76777777777781,92.16,-81.41,30.43,7.848000000000001,5.042133333333334,34.73546666666667,935
185,0.56,282.28333333333336,69.09,-77.14,30.5,7.776000000000002,13.483516666666667,31.6262,935
186,1.02,413.63416666666666,74.91,-77.98,28.97,8.106,26.36893333333333,19.880433333333336,935
187,1.02,411.3486111111112,63.76,-76.81,28.6,8.006,26.3672,19.94525,935
188,1.02,498.8547222222224,66.19,-79.85,29.07,7.976000000000001,26.40926666666667,20.110883333333334,935
189,1.02,484.00250000000017,67.42,-77.02,28.71,8.185999999999998,26.356133333333336,20.09386666666667,935
190,1.02,493.8919444444445,65.06,-76.59,28.75,7.92,26.39866666666667,20.090766666666667,935
191,1.02,498.46444444444455,70.07,-77.74,28.65,7.917999999999998,26.39813333333333,20.100016666666672,935
192,1.02,501.6555555555556,68.56,-77.22,28.9,7.888,26.418733333333336,20.11133333333333,935
193,1.02,562.2877777777778,70.18,-80.82,28.72,7.88,26.417800000000003,20.256550000000004,935
194,0.68,314.8366666666667,58.69,-100.54,31.37,8.040000000000001,16.878133333333338,30.16793333333333,935
195,0.52,168.23694444444442,63.09,-77.53,29.21,7.837999999999999,12.264500000000005,23.631483333333332,935
196,0.6,150.5422222222222,78.93,-80.64,29.03,8.164,14.569566666666667,31.3352,935
197,1.02,402.4658333333333,65.22,-77.95,28.61,7.926,26.37226666666667,19.889583333333327,935
198,1.02,435.5991666666668,65.17,-78.2,28.63,7.984,26.353600000000004,19.982366666666667,935
199,1.02,381.93166666666673,65.57,-75.92,28.71,8.09,26.351999999999997,19.895533333333333,935
200,1.02,463.76083333333327,58.19,-78.82,28.5,7.965999999999998,26.34826666666667,20.03965,935
201,1.02,421.4061111111112,65.82,-77.78,28.79,8.088,26.342333333333336,19.938083333333328,935
202,1.02,413.8436111111112,63.42,-78.09,28.77,7.986000000000001,26.368333333333336,19.946966666666665,935
203,1.02,379.2327777777778,65.44,-78.85,28.61,8.000000000000002,26.34480000000001,19.91055,935
204,1.02,550.9244444444445,57.1,-78.09,28.66,8.097999999999999,26.34273333333333,20.219633333333327,935
205,1.02,153.32638888888889,55.66,-68.8,28.58,7.808,26.41426666666667,13.9929,935
206,1.02,178.79416666666668,63.52,-90.5,29.11,7.973999999999998,26.34693333333333,19.558116666666667,935
207,1.02,269.1986111111111,60.49,-76.23,28.79,7.909999999999998,26.39433333333333,19.654433333333333,935
208,1.02,283.73583333333335,62.67,-76.56,28.97,7.9460000000000015,26.31573333333333,19.664466666666673,935
209,1.02,382.07611111111123,63.27,-77.45,28.66,7.946000000000001,26.3646,19.84605,935
210,1.02,422.0811111111112,64.08,-79.04,28.58,7.952000000000001,26.37086666666667,19.952916666666667,935
211,1.02,407.30166666666673,65.96,-77.85,28.73,7.9700000000000015,26.37700000000001,19.946666666666673,935
212,1.02,485.1569444444445,58.47,-81.42,28.53,7.960000000000001,26.33453333333333,20.088816666666666,935
213,1.02,489.0297222222223,67.44,-80.25,28.61,7.9540000000000015,26.375333333333334,20.085283333333333,935
214,1.02,505.63888888888886,70.31,-78.82,28.76,7.909999999999998,26.39653333333333,20.132483333333333,935
215,1.02,557.0955555555556,72.25,-79.75,29.16,7.95,26.40226666666667,20.2556,935
216,1.02,382.56333333333333,62.2,-77.77,28.87,7.934,26.36806666666667,19.89765,935
217,1.02,473.2372222222223,67.14,-78.03,28.91,8.132000000000001,26.393266666666666,20.04405,935
218,1.02,411.0552777777778,57.93,-77.6,28.52,8.022,26.337933333333336,19.90305,935
219,1.02,410.9052777777777,63.33,-77.85,28.71,7.914,26.35193333333333,19.912483333333334,935
220,1.02,453.28361111111116,70.06,-78.79,28.81,8.096,26.37686666666667,20.007950000000005,935
221,1.02,461.9319444444445,66.4,-78.38,28.61,7.981999999999998,26.35913333333333,20.027133333333328,935
222,1.02,472.14055555555564,68.6,-78.22,28.65,7.9540000000000015,26.348533333333336,20.0448,935
223,1.02,494.11583333333334,70.03,-78.85,28.72,7.909999999999998,26.36806666666667,20.100583333333333,935
224,1.02,495.6044444444445,70.17,-78.79,28.73,7.986000000000001,26.339600000000004,20.110816666666672,935
225,1.02,493.15472222222223,68.25,-80.86,28.69,8.27,26.38566666666667,20.12933333333333,935
226,1.02,490.02777777777777,66.84,-78.2,28.75,7.92,26.39566666666667,20.099366666666665,935
227,1.02,486.79833333333335,69.69,-78.61,28.73,7.934,26.335800000000006,20.072516666666665,935
228,1.02,485.93888888888887,71.12,-78.66,28.88,7.909999999999998,26.38973333333334,20.067366666666665,935
229,1.02,481.7702777777778,70.68,-78.01,28.87,7.936,26.3722,20.075850000000006,935
230,1.02,465.1311111111111,69.5,-78.86,29.09,8.228,26.38633333333333,20.080033333333336,935
231,1.02,484.71388888888885,67.45,-80.04,28.71,8.112,26.36206666666667,20.109783333333336,935
232,1.02,484.5280555555556,68.89,-79.99,28.6,7.942,26.3404,20.077416666666668,935
233,1.02,469.27472222222224,70.01,-77.25,28.59,7.936,26.3016,20.04178333333333,935
234,1.02,472.0811111111112,70.67,-76.77,28.64,7.942,26.339533333333332,20.055216666666674,935
235,1.02,482.44611111111124,72.61,-78.01,28.69,7.944,26.33033333333333,20.0713,935
236,1.02,479.74305555555566,70.16,-78.25,28.72,7.876,26.352000000000004,20.052016666666667,935
237,1.02,548.6397222222223,74.64,-77.37,28.81,7.901999999999999,26.3432,20.130216666666673,935
238,1.02,408.8102777777778,63.66,-75.14,28.71,8.256,26.30706666666667,19.927250000000004,935
239,1.02,104.57694444444445,48.75,-75.25,28.77,7.6960000000000015,26.46873333333333,8.836466666666666,935
240,0.44,36.47555555555557,89.18,-75.29,30.5,5.927999999999999,10.068066666666667,18.527066666666666,935
241,0.28,286.83027777777784,81.09,-100.7,32.31,7.83,5.36075,33.124233333333336,935
242,0.22,142.32888888888888,100.86,-84.08,32.25,7.747999999999999,3.846,32.49991666666667,935
243,0.28,126.28222222222222,87.45,-82.22,31.94,8.116000000000001,5.4936500000000015,26.8954,935
244,0.62,551.1525000000001,100.13,-111.71,36.06,8.024,15.3236,33.5583,935
245,1.02,57.19833333333335,52.83,-82.21,28.59,7.767999999999999,26.4328,2.1098833333333333,935
246,0.8,639.4466666666667,76.96,-131.65,36.43,8.164,20.590916666666672,27.9722,935
247,0.74,149.80666666666667,51.49,-89.9,30.87,7.715999999999998,18.610333333333333,18.853400000000004,935
248,0.2,40.23111111111111,77.19,-75.43,30.77,8.0,3.3738833333333336,42.51920000000001,935
249,1.02,194.81500000000003,57.54,-82.47,28.73,7.946000000000001,26.425400000000003,19.58458333333333,935
250,1.02,369.9541666666667,67.65,-76.0,28.54,7.934,26.2888,19.847883333333336,935
251,1.02,413.8852777777778,67.24,-75.99,28.67,8.175999999999998,26.315466666666666,19.910333333333334,935
252,1.02,454.6511111111112,68.31,-76.69,28.62,7.910000000000001,26.340733333333336,19.982250000000004,935
253,1.02,476.2300000000001,72.09,-77.47,28.52,7.907999999999999,26.32493333333333,20.072783333333334,935
254,1.02,563.7133333333334,70.11,-76.97,28.63,8.085999999999999,26.31993333333334,20.249283333333327,935
255,0.54,54.312222222222225,52.87,-73.84,29.02,8.242,12.952733333333335,16.712566666666664,935
256,0.3,147.93694444444444,88.79,-82.73,30.72,7.946000000000001,6.1400000000000015,40.85381666666667,935
257,1.02,201.62166666666664,61.56,-79.57,28.57,7.812,26.33766666666667,19.509166666666665,935
258,0.86,247.8975,70.41,-89.95,28.85,7.952000000000001,21.82866666666667,24.210016666666668,935
259,1.02,164.34722222222226,55.26,-86.8,28.47,7.747999999999998,26.38033333333333,8.63855,935
260,1.02,470.325,73.06,-78.61,28.51,7.917999999999998,26.309,20.015666666666668,935
261,1.02,470.2286111111112,69.34,-77.66,28.56,7.978,26.312400000000004,20.04863333333333,935
262,1.02,478.13388888888886,69.38,-77.42,28.58,7.894,26.312066666666666,20.050616666666667,935
263,1.02,493.2811111111112,70.22,-78.63,28.52,7.952000000000001,26.31246666666667,20.07818333333334,935
264,1.02,484.0133333333334,70.28,-80.28,28.57,7.886000000000001,26.317400000000006,20.050766666666668,935
265,1.02,412.0966666666666,71.17,-81.53,28.57,7.731999999999998,26.31333333333333,14.079733333333332,935
266,1.02,556.1338888888888,57.75,-79.37,28.9,8.184000000000001,26.28813333333333,20.20093333333333,935
267,0.48,102.78000000000002,56.7,-83.94,30.11,8.437999999999999,11.288383333333332,19.104266666666668,935
268,0.32,155.5027777777778,95.15,-87.38,31.28,7.8900000000000015,6.638250000000001,26.65456666666667,935
269,1.02,133.3397222222222,56.93,-75.04,29.49,7.796000000000001,26.3842,14.912483333333334,935
270,0.7,410.92166666666674,87.05,-98.64,32.57,8.156,17.627933333333335,29.98416666666667,935
271,1.02,375.77555555555574,62.11,-76.37,28.4,7.904000000000001,26.29986666666667,19.840000000000003,935
272,1.02,465.45416666666665,66.31,-75.54,28.64,7.9700000000000015,26.30333333333333,20.003233333333334,935
273,1.02,317.6188888888888,59.05,-81.81,28.46,7.9060000000000015,26.3176,19.7871,935
274,1.02,482.1286111111111,71.45,-76.44,28.72,7.706,26.3068,16.5961,935
275,1.02,541.2205555555555,77.95,-78.9,28.67,8.038,26.32213333333333,20.1876,935
276,1.02,328.4741666666667,56.6,-78.05,28.56,7.762,26.30946666666667,18.801483333333326,935
277,1.02,224.54527777777776,70.98,-76.67,29.38,7.914,26.39946666666667,19.56158333333333,935
278,1.02,447.59138888888896,69.01,-77.08,28.62,8.052,26.302533333333336,20.039933333333334,935
279,0.44,97.92194444444445,51.41,-75.74,30.18,9.032,10.031199999999998,19.275666666666673,935
280,0.2,8.47444444444444,69.75,-75.3,30.12,8.379999999999999,3.3902333333333337,25.28,935
281,1.02,328.4327777777778,74.03,-76.87,28.54,7.923999999999999,26.315600000000003,19.771,935
282,0.9,260.6444444444445,56.01,-112.46,33.65,7.781999999999999,23.19860000000001,17.141866666666665,935
283,1.02,29.755000000000006,64.83,-59.71,29.88,-1.514,26.50206666666667,1.0424166666666668,935
284,1.02,519.5730555555557,142.96,-81.34,30.7,8.218,26.086533333333332,20.268933333333333,935
285,0.26,55.26916666666669,46.11,-72.72,28.43,7.781999999999999,5.141333333333334,29.78173333333334,935
286,1.02,325.3394444444445,86.35,-72.4,28.86,7.939999999999999,26.25626666666667,19.74241666666667,935
287,1.02,415.2352777777778,67.53,-78.05,28.47,7.918000000000001,26.308133333333334,19.92943333333333,935
288,1.02,442.9475000000001,68.31,-77.46,28.67,7.99,26.313533333333336,19.961083333333328,935
289,1.02,464.1425,66.95,-77.16,28.69,7.918000000000001,26.30246666666667,20.034583333333334,935
290,1.02,464.3594444444445,70.01,-75.23,28.64,7.9479999999999995,26.29493333333333,19.975683333333336,935
291,1.02,568.7447222222222,73.6,-76.49,28.89,8.088,26.3064,20.26385,935
292,1.02,216.92027777777776,52.68,-72.53,29.48,7.732000000000001,26.404200000000003,9.945683333333333,935
293,0.62,516.6105555555556,101.91,-110.1,33.08,7.938,15.236200000000006,32.9646,935
294,1.02,285.38416666666666,60.62,-77.37,28.54,8.044,26.29666666666667,19.69126666666667,935
295,1.02,510.14055555555564,74.1,-76.56,28.55,7.678,26.32986666666667,16.984016666666665,935
296,1.02,364.0711111111111,81.59,-83.62,28.99,7.971999999999999,26.425400000000003,19.92458333333333,935
297,1.02,506.96,72.05,-76.53,28.83,7.956,26.3132,20.129166666666666,935
298,1.02,465.7194444444446,59.25,-76.28,29.3,7.858000000000001,26.40533333333333,20.08231666666667,935
299,1.02,396.53361111111104,69.27,-77.25,28.59,8.096,26.316000000000006,19.8695,935
300,1.02,421.7816666666667,66.55,-76.26,28.98,7.952000000000001,26.336066666666664,19.930950000000006,935
1,1.08,0.0,43.24,-1.27,21.41,11.03,19.691000000000006,0.0,662
2,0.9,658.5330555555557,41.43,-74.17,28.4,12.202,21.1792,21.328650000000003,662
3,0.9,381.01750000000015,42.95,-47.67,22.94,13.086000000000002,18.7248,21.843316666666666,662
4,0.9,353.4002777777778,42.86,-44.92,22.43,13.072000000000001,18.5774,21.755716666666665,662
5,0.9,309.9986111111112,42.59,-40.86,22.43,13.177999999999999,18.750466666666668,21.62951666666667,662
6,0.9,462.95361111111123,41.7,-47.44,22.51,13.201999999999998,18.4226,22.0444,662
7,0.9,387.67083333333335,41.55,-54.4,23.77,13.008,19.472733333333334,21.8947,662
8,0.9,206.29222222222228,42.82,-38.94,21.77,12.915999999999999,18.31626666666667,13.235333333333335,662
9,1.1,0.0,42.56,3.57,19.91,13.0,17.2898,0.0,662
10,0.9,722.1275000000003,40.4,-73.51,26.96,12.244000000000002,21.537066666666664,21.46763333333333,662
11,0.9,372.615,42.55,-52.39,24.03,13.136,19.489666666666672,21.857966666666666,662
12,0.9,316.9944444444444,42.57,-44.67,23.28,13.024,19.129466666666673,21.658916666666666,662
13,1.08,0.0,42.21,1.26,21.52,6.67,17.835099999999994,0.0,662
14,0.9,635.7599999999999,41.32,-55.47,23.16,13.494000000000002,15.57026666666667,22.62033333333333,662
15,0.9,359.67999999999995,41.59,-49.71,23.92,13.242,19.806866666666668,21.82171666666667,662
16,0.9,326.4780555555555,42.37,-31.49,22.52,13.144,18.274933333333333,21.60126666666667,662
17,0.9,349.6136111111112,41.17,-45.99,22.52,13.214000000000002,18.823266666666672,21.76018333333333,662
18,0.9,377.4955555555557,41.3,-43.93,22.35,13.198,18.673466666666673,21.80671666666667,662
19,0.9,264.57250000000005,41.45,-46.78,23.19,12.836000000000002,19.20373333333334,16.286700000000003,662
20,1.22,0.0,42.71,3.12,20.01,14.44,18.50966666666667,0.0,662
21,0.9,848.3997222222223,40.44,-78.01,28.22,12.854000000000001,22.78386666666667,22.12223333333333,662
22,0.9,94.095,42.43,-35.07,23.67,12.812,18.763933333333327,5.343516666666668,662
23,0.9,577.49,42.47,-42.07,20.04,13.1,14.746733333333335,22.398850000000003,662
24,1.08,0.0,41.95,2.33,17.8,-0.06,10.0414,0.0,662
25,0.9,754.2147222222222,41.05,-94.73,34.0,12.578,22.05266666666667,18.279716666666666,662
26,1.08,0.0,45.37,4.06,19.87,0.42,9.828316666666666,0.0,662
27,0.9,449.67638888888894,41.91,-26.23,18.77,13.626,11.466533333333333,21.96305,662
28,0.9,495.5022222222223,40.15,-69.2,26.54,11.607999999999999,21.08993333333333,19.0572,662
29,1.08,0.0,44.2,4.36,17.75,5.69,13.62675,0.0,662
30,0.9,546.0880555555555,41.49,-64.83,26.53,13.402,18.7698,22.43396666666667,662
31,0.9,411.47527777777776,41.89,-58.93,24.94,12.888,20.385933333333334,21.98191666666667,662
32,0.9,320.8380555555556,43.34,-22.46,20.68,13.11,16.2636,21.53821666666667,662
33,0.9,386.39583333333337,41.28,-26.82,20.6,13.45,16.964333333333336,21.76923333333333,662
34,0.9,324.71444444444444,39.72,-32.75,23.02,13.61,18.866000000000003,21.67806666666667,662
35,0.9,301.97944444444437,40.24,-33.44,23.86,13.292000000000002,19.47,21.574016666666665,662
36,0.9,204.15222222222218,40.39,-55.18,25.12,12.734000000000002,20.433200000000006,9.656866666666668,662
37,0.9,485.88861111111123,42.87,-30.04,19.84,13.092,15.610000000000005,22.01471666666667,662
38,0.9,380.40888888888895,40.44,-37.89,21.6,12.895999999999999,18.04813333333333,21.7868,662
39,1.08,0.0,42.19,2.49,18.72,11.27,15.6653,0.0,662
40,0.9,719.3141666666666,40.54,-71.16,26.48,12.288,20.164266666666666,21.412833333333328,662
41,0.9,248.38666666666668,41.95,-52.52,23.94,12.036,19.5002,15.3858,662
42,1.04,477.46,43.76,-30.68,19.32,12.022,16.328716666666665,18.508000000000006,662
43,0.92,194.68666666666664,39.84,-12.52,20.33,13.28,16.72171666666667,20.9,662
44,0.9,339.1886111111112,39.43,-51.36,23.6,13.076,19.394266666666667,21.735116666666666,662
45,0.9,347.566388888889,41.56,-52.38,23.61,13.086000000000002,19.345333333333333,21.78833333333333,662
46,0.9,305.16666666666674,42.61,-40.24,22.94,12.798,18.769933333333327,14.025933333333333,662
47,1.08,254.96666666666667,42.56,-24.34,18.66,11.25,16.201483333333336,11.241200000000005,662
48,0.96,371.0866666666668,40.09,-26.19,15.14,11.527999999999999,11.5902,15.067216666666667,662
49,1.08,0.0,39.67,3.11,15.71,12.4,13.848833333333333,0.0,662
50,0.9,635.6413888888889,38.97,-77.02,28.63,11.312,21.94860000000001,16.6877,662
51,1.14,552.1113888888889,45.17,-29.32,15.94,12.444,12.923866666666667,17.775133333333336,662
52,1.08,0.0,39.42,-14.88,18.75,-0.04,8.875083333333334,0.0,662
53,0.74,213.91222222222217,40.03,-19.87,14.21,13.388,5.474800000000001,13.631866666666667,662
54,0.9,659.2188888888892,38.3,-76.13,27.97,11.414000000000001,21.19106666666667,20.141800000000003,662
55,1.08,0.0,43.94,3.55,17.29,6.05,14.364,0.0,662
56,0.9,294.5602777777778,41.98,-20.95,16.99,13.752,10.801933333333332,21.54338333333333,662
57,0.9,731.9025000000001,39.24,-80.8,28.8,11.93,22.613000000000003,21.63471666666667,662
58,1.08,0.0,43.04,-6.05,19.57,10.48,17.55253333333333,0.0,662
59,1.08,449.9755555555557,41.8,-26.21,15.73,12.821999999999996,12.33665,17.95626666666667,662
60,0.9,208.97666666666672,38.88,-47.94,25.54,12.68,20.48713333333334,8.607266666666666,662
61,1.08,0.0,41.94,4.22,18.75,11.24,15.093433333333332,0.0,662
62,0.9,740.3680555555555,40.31,-82.03,30.13,12.547999999999998,22.5172,21.6037,662
63,0.9,151.07888888888888,43.39,-40.32,24.19,12.73,19.4812,10.475533333333336,662
64,0.9,601.116111111111,43.43,-35.59,19.05,13.378,14.816800000000002,22.42303333333333,662
65,0.92,2.135555555555555,40.69,-8.99,20.29,12.282,17.1417,2.079266666666667,662
66,0.9,661.6375,40.94,-64.75,24.75,13.529999999999998,17.145333333333333,22.765166666666676,662
67,0.9,361.39249999999987,41.91,-54.91,23.94,13.152,19.978266666666674,21.833400000000005,662
68,0.9,331.42583333333346,42.51,-37.38,22.58,13.152,18.504733333333334,21.66206666666667,662
69,0.9,379.34,41.74,-48.14,22.35,13.35,18.765533333333327,21.84786666666667,662
70,0.9,345.86555555555555,40.95,-31.31,21.92,12.854000000000001,17.877866666666666,21.65578333333334,662
71,1.08,0.0,41.46,3.85,20.09,7.13,16.888483333333333,0.0,662
72,0.9,652.2724999999998,41.63,-72.29,27.47,12.058000000000002,19.345466666666674,21.261,662
73,0.9,419.8688888888889,42.97,-48.75,21.93,12.744000000000002,18.094466666666673,21.913549999999994,662
74,1.08,0.0,42.69,3.79,20.25,9.68,18.653316666666665,0.0,662
75,0.9,677.6152777777778,41.78,-72.43,27.28,11.868,19.002133333333333,21.394666666666673,662
76,0.9,355.4633333333333,43.97,-28.43,20.9,13.444,17.090999999999998,21.74691666666667,662
77,0.9,309.5269444444445,41.54,-43.67,23.28,12.978,19.15973333333333,21.628533333333333,662
78,0.9,342.5019444444445,42.47,-39.15,21.52,13.227999999999998,17.531866666666666,21.69550000000001,662
79,0.9,329.5644444444445,41.38,-44.89,22.52,12.895999999999999,18.555533333333337,19.6203,662
80,1.08,0.0,42.3,3.0,19.93,8.78,15.459600000000002,0.0,662
81,0.9,781.6855555555555,40.44,-84.49,30.48,13.238,20.83266666666667,23.34256666666667,662
82,0.9,56.966944444444465,43.89,-22.8,21.1,12.788,16.9294,4.677683333333333,662
83,0.9,667.7411111111112,42.05,-76.87,28.22,13.354000000000001,21.398866666666674,22.863166666666665,662
84,0.9,224.53777777777782,43.17,-51.86,23.83,12.735999999999999,19.722733333333334,9.692333333333334,662
85,1.02,463.7147222222223,43.01,-28.25,19.34,12.204000000000002,15.313266666666667,18.666666666666668,662
86,0.9,281.73222222222216,40.14,-53.7,23.94,12.787999999999998,19.3808,11.961266666666667,662
87,1.08,0.0,41.86,4.24,18.56,13.69,14.048216666666667,0.0,662
88,0.9,676.9830555555558,40.89,-84.33,29.82,13.332000000000004,23.561933333333336,22.98281666666667,662
89,0.9,460.0422222222224,43.42,-60.07,25.03,13.027999999999999,20.300800000000006,22.133683333333334,662
90,0.9,55.12666666666667,43.2,-26.76,21.66,12.618,17.907733333333336,3.135933333333333,662
91,0.9,519.628611111111,42.67,-30.49,17.64,13.222000000000001,13.752200000000002,22.15111666666667,662
92,0.9,932.1655555555556,40.4,-101.14,26.09,12.728000000000002,17.391,17.069983333333333,662
93,1.08,0.0,43.98,3.35,12.83,-3.7,2.0632,0.0,662
94,0.94,34.52333333333334,40.53,-4.82,13.73,12.755999999999998,8.792200000000001,8.951333333333334,662
95,0.9,427.60944444444436,40.28,-39.26,19.75,13.313999999999998,16.2896,21.9131,662
96,0.9,385.9763888888888,40.14,-48.38,23.36,13.044,19.169066666666666,21.861250000000005,662
97,0.9,33.15777777777778,42.03,-18.43,21.51,12.7,17.647533333333335,3.064016666666667,662
98,0.9,648.6280555555555,40.88,-73.41,27.78,12.09,21.299466666666667,21.289933333333334,662
99,0.9,396.395,43.07,-48.99,23.44,13.144,19.116133333333334,21.91133333333333,662
100,0.9,294.09611111111116,42.77,-40.05,22.27,13.23,18.68066666666667,21.59686666666667,662
101,0.9,320.0336111111111,42.05,-46.03,23.11,12.888000000000002,19.079066666666673,19.07556666666667,662
102,0.9,426.9552777777778,42.5,-47.3,22.35,13.033999999999995,18.055866666666674,21.97573333333333,662
103,0.9,312.32222222222225,42.22,-42.47,21.94,13.112,18.1604,21.65043333333334,662
104,0.9,366.9611111111112,42.65,-47.73,23.18,12.964,19.083066666666664,21.800516666666667,662
105,0.9,338.2063888888889,42.71,-45.11,22.36,13.066,18.48013333333333,21.71388333333333,662
106,0.9,352.90416666666664,42.4,-42.25,22.01,13.042000000000002,18.4872,21.73918333333333,662
107,0.9,297.59361111111116,42.01,-41.37,22.61,13.174,18.686133333333334,21.59785,662
108,0.9,341.2413888888889,41.2,-37.75,22.52,13.017999999999999,18.209933333333336,21.6524,662
109,0.9,47.63833333333334,41.82,-24.48,21.52,12.728,17.845733333333335,3.117383333333333,662
110,0.9,742.4927777777777,42.41,-78.22,28.46,11.876,21.241333333333333,21.69783333333333,662
111,0.9,302.9625,43.59,-34.43,20.94,13.076,17.290466666666667,21.5552,662
112,0.9,21.088611111111113,41.17,-14.41,23.19,12.604000000000001,18.530266666666673,2.4750666666666667,662
113,0.9,625.2411111111112,41.92,-51.86,22.44,13.384,15.184533333333334,22.56203333333334,662
114,0.9,346.2022222222222,41.79,-57.57,24.18,13.174,19.940533333333335,21.823100000000004,662
115,1.08,0.0,42.96,-1.77,21.59,6.91,17.92286666666667,0.0,662
116,0.9,831.9155555555556,41.73,-77.06,27.99,11.912,18.971066666666673,22.157866666666663,662
117,0.92,8.74111111111111,43.4,-8.32,20.64,12.93,16.539033333333336,5.243666666666667,662
118,0.98,556.0944444444445,41.21,-30.4,18.06,12.14,13.727200000000002,19.42535,662
119,0.9,220.2825,38.82,-40.03,22.07,13.01,18.323733333333333,21.377583333333334,662
120,1.08,0.0,42.24,1.75,21.02,9.77,17.940533333333335,0.0,662
121,0.9,701.7847222222223,40.87,-77.91,28.88,12.258,21.5986,21.58018333333333,662
122,1.1,0.0,42.91,-10.17,21.25,11.93,19.780800000000006,0.0,662
123,0.9,798.1486111111113,41.36,-80.89,29.14,12.124,22.462266666666665,21.947316666666676,662
124,0.9,236.44555555555561,43.45,-45.15,22.77,12.866000000000005,18.891,15.440333333333335,662
125,1.02,378.7980555555557,43.66,-22.81,21.02,13.482000000000001,17.685333333333336,20.090016666666667,662
126,0.9,339.68111111111097,39.6,-47.2,23.69,13.004000000000001,19.401866666666667,21.75553333333333,662
127,0.9,349.01861111111106,42.21,-29.7,21.93,13.302,17.6522,21.662733333333332,662
128,0.9,385.39305555555563,40.47,-44.45,23.01,13.145999999999995,18.864266666666666,21.827000000000005,662
129,0.9,335.22083333333336,41.28,-48.92,23.61,13.024,19.388466666666673,21.73175,662
130,0.9,393.48888888888894,42.67,-32.4,22.34,12.79,18.089200000000005,21.787450000000003,662
131,1.08,0.0,42.25,4.29,20.43,9.87,18.80473333333333,0.0,662
132,0.9,664.3380555555557,41.62,-57.88,24.45,13.424,18.04533333333333,22.75961666666667,662
133,0.9,365.2627777777777,42.1,-56.58,24.52,13.413999999999998,20.195,21.880450000000003,662
134,1.08,0.0,42.0,-4.95,22.0,7.45,19.807416666666665,0.0,662
135,0.92,454.48333333333335,42.18,-22.03,14.25,13.762,9.888316666666666,21.61133333333333,662
136,1.08,0.0,39.03,-16.0,20.6,8.85,17.985550000000003,0.0,662
137,0.9,795.4313888888888,41.18,-73.18,27.19,12.188,17.423399999999994,21.8671,662
138,0.9,282.33277777777784,42.64,-42.16,21.94,13.132,18.0622,21.539000000000005,662
139,0.9,8.865833333333336,41.77,-9.84,22.44,11.838,18.329,2.3996,662
140,0.9,573.556111111111,42.33,-49.14,21.96,13.71,14.9398,22.439450000000004,662
141,0.9,82.45888888888891,41.51,-32.88,22.67,12.642000000000001,18.471866666666667,5.032333333333335,662
142,0.9,712.4138888888887,42.28,-71.68,26.72,12.19,19.424133333333334,21.4465,662
143,0.94,4.4224999999999985,42.27,-11.8,20.65,12.836000000000002,16.774933333333333,2.87605,662
144,0.9,620.7869444444445,40.95,-58.7,23.61,13.527999999999999,17.70006666666667,22.59333333333333,662
145,0.9,213.27333333333337,41.81,-46.35,24.03,12.924,19.846466666666668,12.796,662
146,0.9,544.6011111111112,42.64,-77.38,27.88,11.59,20.4746,16.112133333333333,662
147,1.08,0.0,45.0,3.18,18.98,11.71,16.9689,0.0,662
148,0.9,709.9858333333334,40.89,-72.42,27.21,12.164000000000001,19.343733333333333,21.500733333333336,662
149,0.9,187.47555555555562,42.97,-34.47,22.47,12.87,18.23613333333333,16.290399999999998,662
150,0.9,452.2977777777778,42.15,-26.13,20.59,13.291999999999998,15.572200000000002,21.97085,662
151,0.9,160.4525,40.71,-32.54,21.61,11.662,17.973133333333333,15.28755,662
152,0.92,654.7211111111112,41.38,-30.61,19.32,13.888,15.077583333333333,22.291933333333336,662
153,0.9,49.750277777777775,39.44,-19.01,21.7,12.746,17.354866666666666,4.659116666666667,662
154,0.92,466.43000000000006,40.57,-27.62,20.27,13.55,15.33625,21.68226666666667,662
155,0.9,417.1291666666667,39.12,-58.25,24.18,12.772000000000002,19.5864,20.447800000000004,662
156,1.08,0.0,42.88,-2.45,20.68,9.64,18.7315,0.0,662
157,0.9,706.9836111111111,41.72,-75.84,27.75,12.194,19.645666666666667,21.51688333333333,662
158,0.9,430.0294444444445,43.12,-54.04,23.84,12.925999999999998,19.46633333333333,21.98938333333333,662
159,1.08,0.0,43.74,2.75,20.51,8.64,17.822616666666672,0.0,662
160,0.9,682.0180555555556,42.54,-69.18,26.72,12.142000000000001,17.742533333333334,21.440883333333336,662
161,0.9,288.1422222222223,42.72,-44.09,22.59,13.068,18.562666666666665,21.57101666666667,662
162,0.9,379.0358333333333,42.5,-52.57,24.02,13.31,19.632466666666673,21.89765000000001,662
163,0.9,360.27305555555563,41.99,-49.7,23.69,13.044,19.44213333333333,21.805783333333334,662
164,0.9,331.86749999999995,42.8,-42.49,22.6,13.074000000000002,18.909533333333336,21.68878333333333,662
165,0.9,339.8808333333333,42.54,-44.5,22.75,13.175999999999998,18.802333333333333,21.722733333333334,662
166,0.9,334.23972222222227,41.87,-43.74,22.68,12.758,18.997200000000007,17.00256666666667,662
167,1.08,0.0,42.22,4.25,21.0,7.03,17.595299999999995,0.0,662
168,0.9,674.4436111111112,42.27,-68.38,26.71,13.424,17.91,22.85735,662
169,0.9,381.3908333333335,42.65,-57.06,24.86,13.063999999999998,20.3494,21.91615,662
170,0.9,289.93527777777774,42.56,-47.62,23.6,12.882,19.5116,16.8898,662
171,0.9,405.2919444444445,43.24,-37.22,22.85,13.410000000000002,18.676466666666673,21.883333333333336,662
172,0.9,377.1844444444445,41.47,-53.22,24.28,12.894,19.682266666666667,18.71013333333334,662
173,1.08,0.0,43.13,3.08,20.23,5.61,16.807083333333335,0.0,662
174,0.9,656.5333333333333,41.14,-59.4,24.39,13.495999999999999,15.516333333333336,22.727000000000004,662
175,0.9,338.0386111111112,41.96,-58.17,24.86,12.9,20.395933333333332,21.75451666666667,662
176,1.08,0.0,43.81,2.69,21.17,7.04,17.617366666666673,0.0,662
177,0.9,710.8227777777777,41.72,-75.67,27.89,12.088,19.433266666666665,21.509816666666666,662
178,0.9,289.0680555555556,43.16,-49.81,24.35,12.803999999999998,19.5724,13.760583333333335,662
179,1.08,0.0,43.18,4.0,20.09,7.08,15.442150000000002,0.0,662
180,0.9,710.6447222222223,41.2,-73.02,28.05,12.27,19.621933333333335,21.575683333333334,662
181,0.9,420.2311111111112,43.09,-50.2,23.44,12.99,19.25893333333334,21.96725,662
182,0.9,22.41583333333333,42.84,-17.19,22.35,12.232000000000001,18.269800000000004,2.486533333333333,662
183,0.9,676.4822222222222,42.68,-64.87,25.6,12.852,19.332933333333333,22.5656,662
184,1.08,0.0,43.04,3.57,19.52,8.88,17.329300000000003,0.0,662
185,0.9,551.616388888889,42.31,-46.17,21.28,13.394,13.301733333333335,22.320366666666665,662
186,0.9,446.1375000000001,41.14,-58.43,25.52,13.079999999999998,20.608800000000006,22.10141666666667,662
187,0.9,333.95111111111123,42.78,-54.09,23.95,12.89,19.817400000000006,18.871266666666667,662
188,1.08,301.72333333333336,43.26,-18.66,21.43,13.444,18.625733333333336,19.074733333333327,662
189,0.9,453.92694444444436,39.53,-53.2,23.7,13.196000000000002,19.524466666666665,22.07283333333333,662
190,0.9,322.0366666666667,40.99,-34.24,22.52,13.235999999999999,18.794933333333336,21.61751666666667,662
191,0.92,16.54888888888889,41.1,-12.12,21.43,12.456,17.305066666666665,2.1328666666666667,662
192,0.9,507.4130555555557,41.83,-51.8,22.5,13.382,16.5382,22.21238333333334,662
193,0.9,365.67249999999984,40.93,-50.87,23.77,12.954000000000002,19.605866666666667,21.82185,662
194,0.9,430.33055555555563,42.5,-48.47,23.02,13.415999999999999,19.0514,22.020366666666675,662
195,0.9,402.4772222222224,41.3,-50.91,24.03,13.177999999999999,19.702933333333334,21.9364,662
196,0.9,337.62416666666667,41.9,-48.76,23.95,12.925999999999998,19.80173333333334,21.72476666666667,662
197,0.9,25.85,43.76,-14.5,21.52,12.642,17.279533333333333,3.0249,662
198,0.9,591.6016666666667,40.94,-64.17,25.95,13.074000000000002,20.059466666666673,22.56645,662
199,0.9,62.18861111111111,43.05,-26.54,22.34,12.72,18.3022,4.707183333333333,662
200,0.9,717.8397222222222,42.19,-76.76,27.26,11.946000000000002,20.7216,21.540866666666666,662
201,0.9,294.66416666666674,43.3,-45.4,22.94,12.972000000000001,18.903666666666666,21.60615,662
202,0.9,349.47250000000014,42.98,-30.47,22.1,13.242,17.558933333333336,21.64605000000001,662
203,0.9,334.1322222222222,40.94,-51.49,24.13,12.946000000000002,19.691266666666667,21.745600000000003,662
204,0.9,241.37750000000003,42.6,-26.68,22.18,12.784,17.718933333333332,15.596616666666668,662
205,0.9,346.9747222222223,42.12,-36.14,21.93,13.386,17.749533333333336,21.7205,662
206,0.9,372.86833333333334,40.36,-52.95,24.53,13.05,19.90533333333333,21.861866666666664,662
207,0.9,344.61,42.16,-49.9,23.53,13.311999999999998,19.5242,21.793433333333336,662
208,0.9,346.16638888888883,41.84,-44.9,23.35,13.158,19.122066666666672,21.7495,662
209,0.9,255.73638888888888,42.0,-48.35,24.45,12.920000000000002,19.873466666666673,21.51266666666667,662
210,1.08,0.0,43.6,2.55,21.69,11.58,18.886133333333333,0.0,662
211,0.9,815.0666666666667,41.14,-84.01,29.39,12.128,22.6242,22.02576666666667,662
212,0.9,251.6858333333333,43.44,-40.07,22.27,13.024,18.519666666666666,21.48808333333334,662
213,1.08,0.0,42.21,1.25,22.67,9.62,19.085116666666668,0.0,662
214,0.9,714.8397222222222,41.42,-76.45,28.63,12.395999999999999,20.93946666666667,21.56298333333333,662
215,0.9,398.5533333333333,43.27,-59.68,25.54,12.915999999999999,20.651733333333333,20.171466666666667,662
216,1.08,0.0,43.41,3.02,21.18,8.55,17.717116666666666,0.0,662
217,0.9,694.235,41.95,-69.72,26.73,12.19,19.53,21.41815,662
218,0.9,301.81666666666666,43.07,-50.97,24.28,12.816,19.754933333333334,16.699533333333335,662
219,1.1,0.0,43.39,4.35,20.48,10.51,16.788933333333333,0.0,662
220,0.9,705.9977777777777,40.42,-79.99,29.64,12.174,22.02873333333333,21.557016666666673,662
221,0.9,343.88666666666666,43.31,-55.85,24.13,12.842,19.711,16.57936666666667,662
222,1.08,0.0,44.39,4.2,20.26,9.43,17.697516666666672,0.0,662
223,0.9,596.2419444444444,41.09,-64.12,25.7,13.470000000000002,18.279000000000003,22.59998333333333,662
224,0.9,461.57888888888886,41.69,-59.29,25.19,13.126,20.469800000000006,22.16643333333333,662
225,0.9,364.72777777777776,43.35,-23.92,21.75,13.227999999999998,17.541866666666667,21.68771666666667,662
226,0.9,313.7886111111112,41.0,-38.5,22.25,13.234000000000002,18.5574,21.64960000000001,662
227,0.9,295.9961111111112,41.44,-47.83,22.92,12.908,18.775666666666673,20.575133333333333,662
228,0.9,409.06666666666666,42.47,-33.25,21.02,13.368,17.48946666666667,21.84123333333334,662
229,0.9,324.40750000000014,40.22,-47.69,23.11,12.908,18.8906,20.622133333333334,662
230,0.9,348.3530555555555,42.87,-40.04,21.82,13.267999999999999,17.912000000000006,21.723783333333333,662
231,0.9,342.86,41.36,-47.57,23.53,13.05,19.197666666666667,21.7838,662
232,0.9,324.03416666666675,42.53,-44.17,22.45,13.224,18.788400000000006,21.70625,662
233,0.9,414.80305555555566,41.5,-51.57,24.08,13.12,19.571666666666665,21.97531666666667,662
234,0.92,0.11666666666666675,43.3,-6.21,21.77,11.685999999999998,17.970683333333334,2.031133333333333,662
235,0.9,588.6108333333334,41.63,-60.84,24.89,13.267999999999999,16.612000000000002,22.52736666666667,662
236,0.9,417.6777777777778,42.0,-55.28,24.53,13.15,19.911600000000004,21.97945,662
237,0.9,400.07388888888903,42.16,-55.57,24.11,13.214,19.830866666666672,21.98581666666667,662
238,0.9,253.60555555555558,42.67,-45.7,23.11,12.838,18.96633333333333,20.155733333333334,662
239,1.0,413.45333333333343,42.95,-23.68,19.92,12.138000000000002,15.728783333333334,18.775800000000004,662
240,0.9,362.6572222222223,38.99,-53.27,23.85,12.886,18.967,21.307350000000007,662
241,0.9,17.731111111111108,42.48,-13.89,21.6,12.31,17.458866666666665,2.4585666666666666,662
242,0.9,476.8147222222223,41.74,-37.81,18.91,13.344000000000001,13.8966,22.069633333333336,662
243,0.9,475.57138888888886,40.44,-55.29,24.68,13.252,19.771133333333328,22.1917,662
244,0.9,341.5322222222222,41.67,-48.43,23.1,13.15,19.040533333333336,21.774,662
245,0.9,321.69527777777773,42.31,-47.68,23.69,13.046,19.348866666666673,21.7344,662
246,0.9,297.4,42.57,-30.31,22.01,13.288,17.654533333333333,21.5312,662
247,0.9,384.31361111111113,41.5,-52.09,23.86,13.098000000000004,19.372466666666668,21.914733333333334,662
248,0.9,326.5911111111111,42.38,-52.29,23.78,13.02,19.460733333333334,21.75785,662
249,0.9,344.16666666666674,42.97,-42.61,22.69,12.898,18.670933333333334,21.733850000000004,662
250,0.92,5.403333333333333,42.45,-4.84,20.51,12.807999999999998,16.52008333333334,2.6368666666666667,662
251,0.9,622.6247222222222,40.67,-72.32,26.71,12.142000000000001,20.934000000000005,21.16525,662
252,0.9,398.73166666666674,42.76,-51.84,24.21,13.066,19.42,21.909250000000004,662
253,0.9,331.85833333333335,42.47,-37.7,23.09,12.985999999999999,18.81233333333333,21.64745,662
254,0.9,380.08,42.56,-25.13,22.27,13.31,18.2168,21.780083333333334,662
255,0.9,363.60305555555567,40.95,-50.93,23.36,13.09,19.318666666666672,21.815600000000003,662
256,0.9,333.53722222222217,42.45,-48.43,23.1,13.136,18.9426,21.73853333333333,662
257,0.9,360.0019444444445,41.78,-56.42,23.68,13.138,19.454600000000006,21.810283333333334,662
258,0.9,356.9172222222223,42.49,-54.1,24.02,13.072000000000001,19.52273333333334,21.822383333333335,662
259,0.9,258.6158333333334,42.38,-22.29,23.01,13.24,18.145133333333334,21.411300000000004,662
260,0.9,380.0433333333333,40.34,-51.04,24.18,13.066,19.5784,21.85203333333333,662
261,0.9,404.69916666666666,42.36,-57.47,23.78,12.939999999999998,19.499666666666666,21.94065,662
262,0.9,271.93416666666667,43.24,-35.27,21.59,13.274,18.166266666666672,21.51375,662
263,0.9,262.48305555555555,41.49,-50.87,23.78,12.894,19.414266666666666,17.889200000000006,662
264,0.9,466.72888888888895,43.34,-35.76,20.17,13.175999999999998,16.547466666666665,22.019083333333334,662
265,0.9,341.06083333333333,40.9,-34.43,21.68,13.313999999999998,18.167600000000004,21.70378333333333,662
266,0.9,349.0655555555556,40.77,-58.03,24.28,12.95,19.74493333333333,21.824666666666666,662
267,0.9,309.6269444444445,42.55,-24.15,21.27,13.267999999999999,17.6124,21.53383333333333,662
268,0.9,345.97916666666674,40.92,-48.36,23.36,13.148,19.0776,21.75358333333333,662
269,0.9,317.4236111111112,41.37,-44.79,22.6,13.198,18.904333333333334,21.685550000000006,662
270,0.9,36.45777777777778,42.13,-18.43,23.44,12.714,18.632000000000005,2.8136666666666668,662
271,0.9,554.2594444444445,42.19,-54.47,23.37,13.282000000000002,16.379333333333335,22.40125,662
272,0.9,430.1491666666667,41.59,-55.37,24.3,13.43,19.944800000000004,22.06605,662
273,0.9,355.16027777777776,42.2,-60.12,25.28,13.010000000000002,20.4604,21.86921666666667,662
274,0.92,246.09444444444446,43.26,-16.12,21.85,13.356,17.825499999999995,21.05300000000001,662
275,0.9,351.55833333333345,40.08,-46.19,23.28,13.13,19.019666666666673,21.77823333333334,662
276,0.9,361.6077777777778,42.05,-53.45,23.68,13.182,19.307666666666666,21.84441666666667,662
277,0.92,9.642222222222221,42.24,-8.1,22.18,12.76,17.832316666666667,2.651733333333333,662
278,0.9,576.0375,41.46,-66.27,26.21,13.276,20.0932,22.53578333333333,662
279,0.9,427.0097222222223,42.35,-55.67,23.95,13.155999999999999,19.793066666666665,22.03691666666667,662
280,0.9,396.58972222222224,42.18,-48.61,23.09,13.057999999999998,19.0962,21.891233333333336,662
281,0.9,251.10527777777776,42.8,-22.19,22.69,13.236,18.240533333333328,21.4205,662
282,0.9,388.1341666666667,41.14,-55.44,24.69,13.124,19.884400000000007,21.945066666666666,662
283,0.9,341.38027777777774,42.32,-45.96,23.11,13.145999999999999,19.018066666666666,21.748766666666665,662
284,0.9,329.23138888888883,42.41,-30.17,22.02,13.36,18.040733333333336,21.62488333333333,662
285,0.9,336.7469444444444,40.69,-53.66,24.53,13.086000000000002,19.938866666666666,21.799450000000004,662
286,0.9,371.551388888889,41.72,-55.32,24.53,13.312,19.9368,21.92126666666667,662
287,0.9,308.5733333333334,42.5,-50.93,23.88,13.168,19.508266666666668,21.690549999999995,662
288,0.9,364.44305555555565,42.98,-56.37,24.28,13.134,19.948200000000003,21.87961666666667,662
289,0.9,297.29222222222216,42.87,-35.84,23.53,13.138,19.090533333333337,21.56566666666667,662
290,0.9,360.87555555555565,41.47,-56.77,24.11,13.169999999999998,19.6392,21.847816666666674,662
291,0.9,349.32638888888886,42.51,-55.69,24.28,13.226,19.8032,21.815583333333336,662
292,0.9,287.63527777777773,42.66,-35.51,22.77,13.138,18.591533333333327,21.53371666666667,662
293,0.9,280.16694444444437,41.39,-40.08,22.35,13.022,18.491533333333336,21.528,662
294,0.9,339.25111111111124,42.4,-48.26,23.44,13.142,19.043000000000006,21.734916666666663,662
295,0.9,331.6169444444444,42.08,-51.52,23.28,13.068,19.1416,21.742833333333333,662
296,0.9,355.3652777777778,42.26,-51.51,23.53,13.194,19.216400000000004,21.81636666666667,662
297,0.9,316.8069444444444,42.1,-55.17,24.61,12.895999999999999,19.800466666666672,21.739700000000006,662
298,0.92,395.97111111111116,42.95,-22.47,21.35,13.09,16.997766666666664,21.4576,662
299,0.9,373.42638888888894,40.34,-36.81,21.69,13.334000000000001,17.944000000000006,21.79816666666667,662
300,0.9,364.68444444444435,42.29,-45.94,22.69,13.002,18.6798,21.80195,662
